lead,time,nao_index,valid_time
0,2024-11-08,1.724269145400116,2024-11-08
0,2024-11-09,0.9965560601070906,2024-11-09
0,2024-11-10,0.7117781894675583,2024-11-10
0,2024-11-11,0.7394649116908072,2024-11-11
0,2024-11-12,1.0128379960698963,2024-11-12
0,2024-11-13,0.46582831817159776,2024-11-13
0,2024-11-14,-0.13399105594177474,2024-11-14
0,2024-11-15,-0.4198547015244951,2024-11-15
0,2024-11-16,-0.840305887000054,2024-11-16
0,2024-11-17,-1.1414843356957656,2024-11-17
0,2024-11-18,-1.4252369527133064,2024-11-18
0,2024-11-19,-1.7624336892103685,2024-11-19
0,2024-11-20,-2.079641125012825,2024-11-20
0,2024-11-21,-2.2050242563152356,2024-11-21
0,2024-11-22,-2.083047680974606,2024-11-22
0,2024-11-23,-1.6135333393683908,2024-11-23
0,2024-11-24,-1.0230693325893134,2024-11-24
0,2024-11-25,-0.33206061133829673,2024-11-25
0,2024-11-26,-0.06647326601390122,2024-11-26
0,2024-11-27,-0.19971880307823112,2024-11-27
0,2024-11-28,-0.36642627648840553,2024-11-28
0,2024-11-29,-0.4527076687615896,2024-11-29
0,2024-11-30,-0.3446876618976909,2024-11-30
0,2024-12-01,-0.8272979854780765,2024-12-01
0,2024-12-02,-0.3067298497041812,2024-12-02
0,2024-12-03,0.09674888160608354,2024-12-03
0,2024-12-04,0.1974423936275835,2024-12-04
0,2024-12-05,0.3978000745905819,2024-12-05
0,2024-12-06,0.5892579840687707,2024-12-06
0,2024-12-07,0.3183150434380734,2024-12-07
0,2024-12-08,-0.5015061796145714,2024-12-08
0,2024-12-09,-1.0220294728640462,2024-12-09
0,2024-12-10,-1.1239381886600486,2024-12-10
0,2024-12-11,-1.3200542203295567,2024-12-11
0,2024-12-12,-1.0968927521307188,2024-12-12
0,2024-12-13,-0.50187232334997,2024-12-13
0,2024-12-14,0.7045293197140085,2024-12-14
0,2024-12-15,1.5083693886487466,2024-12-15
0,2024-12-16,1.467149329075762,2024-12-16
0,2024-12-17,1.1740107824589794,2024-12-17
0,2024-12-18,1.0022622169643225,2024-12-18
0,2024-12-19,0.9997416428226715,2024-12-19
0,2024-12-20,1.2443547704476334,2024-12-20
0,2024-12-21,1.466607846136292,2024-12-21
0,2024-12-22,1.395401599236841,2024-12-22
0,2024-12-23,1.007284838722066,2024-12-23
0,2024-12-24,1.1130122739588735,2024-12-24
0,2024-12-25,1.2603998686475715,2024-12-25
0,2024-12-26,1.3183900951959702,2024-12-26
0,2024-12-27,0.7392612370001407,2024-12-27
0,2024-12-28,0.3016851244412727,2024-12-28
0,2024-12-29,0.4159786876690012,2024-12-29
0,2024-12-30,0.2733449389760862,2024-12-30
0,2024-12-31,-0.07100519735030154,2024-12-31
0,2025-01-01,0.00790888535853903,2025-01-01
0,2025-01-02,-0.07313657097593498,2025-01-02
0,2025-01-03,-0.487215273851841,2025-01-03
0,2025-01-04,-0.6868533940775396,2025-01-04
0,2025-01-05,-0.8887548432732292,2025-01-05
0,2025-01-06,-1.119937497391638,2025-01-06
0,2025-01-07,-1.1343828312538295,2025-01-07
0,2025-01-08,-1.192816522635105,2025-01-08
0,2025-01-09,-1.2611754828299255,2025-01-09
0,2025-01-10,-1.2893793211124693,2025-01-10
0,2025-01-11,-1.4101152586100667,2025-01-11
0,2025-01-12,-1.2396415976728334,2025-01-12
0,2025-01-13,-0.5082300772535308,2025-01-13
0,2025-01-14,-0.3262918708766491,2025-01-14
0,2025-01-15,-0.034636639316360456,2025-01-15
0,2025-01-16,0.22285566424935577,2025-01-16
0,2025-01-17,0.20384705869621328,2025-01-17
0,2025-01-18,-0.11786826232401924,2025-01-18
0,2025-01-19,-0.3959366976126846,2025-01-19
0,2025-01-20,-0.8111608749183031,2025-01-20
0,2025-01-21,-0.7507630040779131,2025-01-21
0,2025-01-22,-0.23569900159542984,2025-01-22
0,2025-01-23,-0.018646926914255086,2025-01-23
0,2025-01-24,0.07621787208007133,2025-01-24
0,2025-01-25,0.10357844840845992,2025-01-25
0,2025-01-26,0.13763488124711407,2025-01-26
0,2025-01-27,0.20173197291200715,2025-01-27
0,2025-01-28,0.2732972942378485,2025-01-28
0,2025-01-29,0.3677822544844946,2025-01-29
0,2025-01-30,0.6165387856149688,2025-01-30
0,2025-01-31,0.8241669675825575,2025-01-31
0,2025-02-01,1.26940465310928,2025-02-01
0,2025-02-02,1.5349413468577588,2025-02-02
0,2025-02-03,1.3789564479595717,2025-02-03
0,2025-02-04,1.5263557926926343,2025-02-04
0,2025-02-05,1.7717041432185834,2025-02-05
0,2025-02-06,1.6586328445723042,2025-02-06
0,2025-02-07,1.4689868723184816,2025-02-07
0,2025-02-08,1.1270496720001413,2025-02-08
0,2025-02-09,0.9875503305680358,2025-02-09
0,2025-02-10,0.8137869628335712,2025-02-10
0,2025-02-11,0.456741406604047,2025-02-11
0,2025-02-12,0.0867988636685633,2025-02-12
0,2025-02-13,-0.024565262067895815,2025-02-13
0,2025-02-14,0.2194729415789995,2025-02-14
0,2025-02-15,0.126369102004769,2025-02-15
0,2025-02-16,-0.23690246310690555,2025-02-16
0,2025-02-17,-0.5055875836665951,2025-02-17
0,2025-02-18,-0.5979067724500722,2025-02-18
0,2025-02-19,-0.33725005279487025,2025-02-19
0,2025-02-20,0.025490749490105626,2025-02-20
0,2025-02-21,0.42690904455449746,2025-02-21
0,2025-02-22,0.8196061591229558,2025-02-22
0,2025-02-23,1.2302298215376355,2025-02-23
0,2025-02-24,1.4675386616624004,2025-02-24
0,2025-02-25,1.5873119333826622,2025-02-25
0,2025-02-26,1.5488952079010265,2025-02-26
0,2025-02-27,1.4891448144587949,2025-02-27
0,2025-02-28,1.7130391497058877,2025-02-28
0,2025-03-01,1.749742563818817,2025-03-01
0,2025-03-02,1.4338949161658907,2025-03-02
0,2025-03-03,1.2023863556964682,2025-03-03
0,2025-03-04,0.9757862988202695,2025-03-04
0,2025-03-05,0.8003025736569497,2025-03-05
0,2025-03-06,0.37246689631018315,2025-03-06
0,2025-03-07,-0.07053596321891568,2025-03-07
1,2024-11-08,0.9909936423884678,2024-11-09
1,2024-11-09,0.6594698910797593,2024-11-10
1,2024-11-10,0.7080058297262416,2024-11-11
1,2024-11-11,0.9659726311101279,2024-11-12
1,2024-11-12,0.41667479316806616,2024-11-13
1,2024-11-13,-0.15054585968809275,2024-11-14
1,2024-11-14,-0.4712701843892281,2024-11-15
1,2024-11-15,-0.884837142234991,2024-11-16
1,2024-11-16,-1.1958822916327458,2024-11-17
1,2024-11-17,-1.4479261488552921,2024-11-18
1,2024-11-18,-1.7728817722599763,2024-11-19
1,2024-11-19,-2.1104437762498263,2024-11-20
1,2024-11-20,-2.205125031317026,2024-11-21
1,2024-11-21,-2.0950302426964083,2024-11-22
1,2024-11-22,-1.6160764415575086,2024-11-23
1,2024-11-23,-1.0504391244460647,2024-11-24
1,2024-11-24,-0.3693815638880637,2024-11-25
1,2024-11-25,-0.13389508984490142,2024-11-26
1,2024-11-26,-0.19517653873805396,2024-11-27
1,2024-11-27,-0.3552917961478352,2024-11-28
1,2024-11-28,-0.48135919709885544,2024-11-29
1,2024-11-29,-0.36346598649434847,2024-11-30
1,2024-11-30,-0.8232922386463887,2024-12-01
1,2024-12-01,-0.34104943193847254,2024-12-02
1,2024-12-02,0.11041095796248854,2024-12-03
1,2024-12-03,0.21155336316309478,2024-12-04
1,2024-12-04,0.3990695668383466,2024-12-05
1,2024-12-05,0.5747199386768099,2024-12-06
1,2024-12-06,0.3099340724606446,2024-12-07
1,2024-12-07,-0.500741773291026,2024-12-08
1,2024-12-08,-1.0282139331564804,2024-12-09
1,2024-12-09,-1.1235906471499433,2024-12-10
1,2024-12-10,-1.3539728918089975,2024-12-11
1,2024-12-11,-1.0861260312971144,2024-12-12
1,2024-12-12,-0.5042861863959369,2024-12-13
1,2024-12-13,0.6728226520444794,2024-12-14
1,2024-12-14,1.5116486666731914,2024-12-15
1,2024-12-15,1.4389129839868273,2024-12-16
1,2024-12-16,1.1769596048530013,2024-12-17
1,2024-12-17,1.0214138038593166,2024-12-18
1,2024-12-18,0.9955510830155752,2024-12-19
1,2024-12-19,1.211797746831578,2024-12-20
1,2024-12-20,1.4675992235919257,2024-12-21
1,2024-12-21,1.4080816725972836,2024-12-22
1,2024-12-22,0.9932546405645247,2024-12-23
1,2024-12-23,1.1010217270232234,2024-12-24
1,2024-12-24,1.2364384247908062,2024-12-25
1,2024-12-25,1.320868238386816,2024-12-26
1,2024-12-26,0.7493078302752084,2024-12-27
1,2024-12-27,0.3183194277172719,2024-12-28
1,2024-12-28,0.4111101515228699,2024-12-29
1,2024-12-29,0.27673905908018037,2024-12-30
1,2024-12-30,-0.09290778215078709,2024-12-31
1,2024-12-31,-0.026712054438375245,2025-01-01
1,2025-01-01,-0.1301326939547524,2025-01-02
1,2025-01-02,-0.4930995416882505,2025-01-03
1,2025-01-03,-0.6900251699002213,2025-01-04
1,2025-01-04,-0.8803812497713505,2025-01-05
1,2025-01-05,-1.1292144240803033,2025-01-06
1,2025-01-06,-1.1259747300301148,2025-01-07
1,2025-01-07,-1.2030695711420913,2025-01-08
1,2025-01-08,-1.2730433564968089,2025-01-09
1,2025-01-09,-1.2845638521111187,2025-01-10
1,2025-01-10,-1.3948723594266685,2025-01-11
1,2025-01-11,-1.2615924366059328,2025-01-12
1,2025-01-12,-0.5075636812052945,2025-01-13
1,2025-01-13,-0.3160965590164475,2025-01-14
1,2025-01-14,-0.038887512157900546,2025-01-15
1,2025-01-15,0.17350798435733816,2025-01-16
1,2025-01-16,0.17344695104860677,2025-01-17
1,2025-01-17,-0.1176531165928399,2025-01-18
1,2025-01-18,-0.3833166366147174,2025-01-19
1,2025-01-19,-0.807266217421721,2025-01-20
1,2025-01-20,-0.7731875481079981,2025-01-21
1,2025-01-21,-0.22516694040261914,2025-01-22
1,2025-01-22,-0.0268582748861733,2025-01-23
1,2025-01-23,0.07483426864775085,2025-01-24
1,2025-01-24,0.10362107317037696,2025-01-25
1,2025-01-25,0.16044166468361268,2025-01-26
1,2025-01-26,0.1959330648677613,2025-01-27
1,2025-01-27,0.26353414440434647,2025-01-28
1,2025-01-28,0.37240523742548365,2025-01-29
1,2025-01-29,0.5914864766519995,2025-01-30
1,2025-01-30,0.8299582304668892,2025-01-31
1,2025-01-31,1.2450967898050067,2025-02-01
1,2025-02-01,1.5403652585348422,2025-02-02
1,2025-02-02,1.3874520113593,2025-02-03
1,2025-02-03,1.5293913582457093,2025-02-04
1,2025-02-04,1.755311197200701,2025-02-05
1,2025-02-05,1.6455774163833299,2025-02-06
1,2025-02-06,1.4677209905399087,2025-02-07
1,2025-02-07,1.1186647303821036,2025-02-08
1,2025-02-08,0.9942369523767662,2025-02-09
1,2025-02-09,0.7999511320957463,2025-02-10
1,2025-02-10,0.44132966679172797,2025-02-11
1,2025-02-11,0.08399489351583785,2025-02-12
1,2025-02-12,-0.02494553037243241,2025-02-13
1,2025-02-13,0.21783766065963456,2025-02-14
1,2025-02-14,0.12895804510617725,2025-02-15
1,2025-02-15,-0.22672912380187574,2025-02-16
1,2025-02-16,-0.4787130270866691,2025-02-17
1,2025-02-17,-0.6011740627602674,2025-02-18
1,2025-02-18,-0.32079592369665405,2025-02-19
1,2025-02-19,0.022652329984648813,2025-02-20
1,2025-02-20,0.408446199456192,2025-02-21
1,2025-02-21,0.8108341335781474,2025-02-22
1,2025-02-22,1.2253063262428934,2025-02-23
1,2025-02-23,1.4732799503816614,2025-02-24
1,2025-02-24,1.5749698492055624,2025-02-25
1,2025-02-25,1.5398997460968626,2025-02-26
1,2025-02-26,1.4581191942960732,2025-02-27
1,2025-02-27,1.6804574137174197,2025-02-28
1,2025-02-28,1.7394645783838287,2025-03-01
1,2025-03-01,1.4172581565744238,2025-03-02
1,2025-03-02,1.1901332135540024,2025-03-03
1,2025-03-03,0.9477778543235664,2025-03-04
1,2025-03-04,0.7788871973903587,2025-03-05
1,2025-03-05,0.3599069370702503,2025-03-06
1,2025-03-06,-0.08587093100422608,2025-03-07
1,2025-03-07,-0.31508209072582594,2025-03-08
2,2024-11-08,0.6824510691524518,2024-11-10
2,2024-11-09,0.6289860700271173,2024-11-11
2,2024-11-10,0.9161143979678908,2024-11-12
2,2024-11-11,0.4103099962438732,2024-11-13
2,2024-11-12,-0.17787749421221932,2024-11-14
2,2024-11-13,-0.44330138928507345,2024-11-15
2,2024-11-14,-0.9150553698500232,2024-11-16
2,2024-11-15,-1.2246249172242056,2024-11-17
2,2024-11-16,-1.516508585355517,2024-11-18
2,2024-11-17,-1.8264224560674256,2024-11-19
2,2024-11-18,-2.128743825675206,2024-11-20
2,2024-11-19,-2.1805763604297352,2024-11-21
2,2024-11-20,-2.0654062195779033,2024-11-22
2,2024-11-21,-1.6395462970114207,2024-11-23
2,2024-11-22,-1.0495345250207209,2024-11-24
2,2024-11-23,-0.34560376280205296,2024-11-25
2,2024-11-24,-0.1666794128583308,2024-11-26
2,2024-11-25,-0.22021422998549378,2024-11-27
2,2024-11-26,-0.39963037283548414,2024-11-28
2,2024-11-27,-0.3978986425547381,2024-11-29
2,2024-11-28,-0.38170117580517576,2024-11-30
2,2024-11-29,-0.8249617589751631,2024-12-01
2,2024-11-30,-0.29054736843109996,2024-12-02
2,2024-12-01,0.07698770216511856,2024-12-03
2,2024-12-02,0.249351380335967,2024-12-04
2,2024-12-03,0.37144042110660397,2024-12-05
2,2024-12-04,0.5945241945178908,2024-12-06
2,2024-12-05,0.30008259327973724,2024-12-07
2,2024-12-06,-0.4865704912419818,2024-12-08
2,2024-12-07,-1.0031492308867263,2024-12-09
2,2024-12-08,-1.150605557402247,2024-12-10
2,2024-12-09,-1.3749513224613246,2024-12-11
2,2024-12-10,-1.1560753438053033,2024-12-12
2,2024-12-11,-0.5110940497057435,2024-12-13
2,2024-12-12,0.6172114039740038,2024-12-14
2,2024-12-13,1.4559755845016193,2024-12-15
2,2024-12-14,1.4602501085390522,2024-12-16
2,2024-12-15,1.126498201000319,2024-12-17
2,2024-12-16,0.965765177270982,2024-12-18
2,2024-12-17,0.9856807816003125,2024-12-19
2,2024-12-18,1.2233607915786917,2024-12-20
2,2024-12-19,1.4492221328939376,2024-12-21
2,2024-12-20,1.4290013291295023,2024-12-22
2,2024-12-21,1.0267861256888775,2024-12-23
2,2024-12-22,1.0624510989341853,2024-12-24
2,2024-12-23,1.2039000286569759,2024-12-25
2,2024-12-24,1.2903035496194195,2024-12-26
2,2024-12-25,0.8182411737088388,2024-12-27
2,2024-12-26,0.36691071418462284,2024-12-28
2,2024-12-27,0.37592467210887576,2024-12-29
2,2024-12-28,0.30926087491726567,2024-12-30
2,2024-12-29,-0.06180045540788115,2024-12-31
2,2024-12-30,-0.040620579860595106,2025-01-01
2,2024-12-31,-0.10603236833766402,2025-01-02
2,2025-01-01,-0.506605450583192,2025-01-03
2,2025-01-02,-0.6279781029956215,2025-01-04
2,2025-01-03,-0.8444805880944436,2025-01-05
2,2025-01-04,-1.1355728874032345,2025-01-06
2,2025-01-05,-1.1125507925347518,2025-01-07
2,2025-01-06,-1.1583813231795108,2025-01-08
2,2025-01-07,-1.2683109633256509,2025-01-09
2,2025-01-08,-1.2896645031425393,2025-01-10
2,2025-01-09,-1.3542920675327699,2025-01-11
2,2025-01-10,-1.198603238732412,2025-01-12
2,2025-01-11,-0.5482562990058872,2025-01-13
2,2025-01-12,-0.2493636645713861,2025-01-14
2,2025-01-13,-0.06845104817606303,2025-01-15
2,2025-01-14,0.17126122026943613,2025-01-16
2,2025-01-15,0.12970985540297114,2025-01-17
2,2025-01-16,-0.11812851618462553,2025-01-18
2,2025-01-17,-0.38645308182407384,2025-01-19
2,2025-01-18,-0.7912910450627365,2025-01-20
2,2025-01-19,-0.8265903844676988,2025-01-21
2,2025-01-20,-0.26567683010090687,2025-01-22
2,2025-01-21,0.044800951321126534,2025-01-23
2,2025-01-22,0.06089908277718068,2025-01-24
2,2025-01-23,0.08854904399553909,2025-01-25
2,2025-01-24,0.14390224814952984,2025-01-26
2,2025-01-25,0.20620524559638723,2025-01-27
2,2025-01-26,0.23552400637081336,2025-01-28
2,2025-01-27,0.3258484333736064,2025-01-29
2,2025-01-28,0.5647103950801199,2025-01-30
2,2025-01-29,0.7759382905515413,2025-01-31
2,2025-01-30,1.209196244975845,2025-02-01
2,2025-01-31,1.5015616807320138,2025-02-02
2,2025-02-01,1.3916983103719214,2025-02-03
2,2025-02-02,1.5093922000777569,2025-02-04
2,2025-02-03,1.7746070646258616,2025-02-05
2,2025-02-04,1.6421767391652324,2025-02-06
2,2025-02-05,1.4896082671599271,2025-02-07
2,2025-02-06,1.1168221160352028,2025-02-08
2,2025-02-07,1.016392139164323,2025-02-09
2,2025-02-08,0.7532644312344806,2025-02-10
2,2025-02-09,0.40217202974686533,2025-02-11
2,2025-02-10,0.09604254624648202,2025-02-12
2,2025-02-11,0.009087612544156567,2025-02-13
2,2025-02-12,0.24911755533175883,2025-02-14
2,2025-02-13,0.10188755430202084,2025-02-15
2,2025-02-14,-0.2384902391237904,2025-02-16
2,2025-02-15,-0.49026905731659937,2025-02-17
2,2025-02-16,-0.5694569838739879,2025-02-18
2,2025-02-17,-0.2950414899208041,2025-02-19
2,2025-02-18,0.05695032576186474,2025-02-20
2,2025-02-19,0.3740978798746797,2025-02-21
2,2025-02-20,0.7636005513188261,2025-02-22
2,2025-02-21,1.22601601688795,2025-02-23
2,2025-02-22,1.4783940209001643,2025-02-24
2,2025-02-23,1.5465480485970824,2025-02-25
2,2025-02-24,1.5356274751934222,2025-02-26
2,2025-02-25,1.4441462805620155,2025-02-27
2,2025-02-26,1.6158436958999143,2025-02-28
2,2025-02-27,1.702944341594802,2025-03-01
2,2025-02-28,1.3717876454683184,2025-03-02
2,2025-03-01,1.1414151186740544,2025-03-03
2,2025-03-02,0.9241293090337264,2025-03-04
2,2025-03-03,0.7528072255313631,2025-03-05
2,2025-03-04,0.39163673751966654,2025-03-06
2,2025-03-05,-0.09539133693806866,2025-03-07
2,2025-03-06,-0.30635497065741774,2025-03-08
2,2025-03-07,-0.2774979551065415,2025-03-09
3,2024-11-08,0.6168088809269526,2024-11-11
3,2024-11-09,0.8260384816795714,2024-11-12
3,2024-11-10,0.37560663315122744,2024-11-13
3,2024-11-11,-0.1702995754889485,2024-11-14
3,2024-11-12,-0.49766859230039057,2024-11-15
3,2024-11-13,-0.9733022426283222,2024-11-16
3,2024-11-14,-1.2645637189821357,2024-11-17
3,2024-11-15,-1.5034145308631517,2024-11-18
3,2024-11-16,-1.801012710772164,2024-11-19
3,2024-11-17,-2.192918288989665,2024-11-20
3,2024-11-18,-2.1641349497603106,2024-11-21
3,2024-11-19,-2.041684659662827,2024-11-22
3,2024-11-20,-1.5995274117264244,2024-11-23
3,2024-11-21,-1.079592677781166,2024-11-24
3,2024-11-22,-0.3411511979154637,2024-11-25
3,2024-11-23,-0.1782537480462062,2024-11-26
3,2024-11-24,-0.39475774182980766,2024-11-27
3,2024-11-25,-0.40764322212105425,2024-11-28
3,2024-11-26,-0.5038278713314781,2024-11-29
3,2024-11-27,-0.3029726007781317,2024-11-30
3,2024-11-28,-0.7946808659170981,2024-12-01
3,2024-11-29,-0.2600384038080013,2024-12-02
3,2024-11-30,0.08191019501569578,2024-12-03
3,2024-12-01,0.1522879552416223,2024-12-04
3,2024-12-02,0.35977819715044973,2024-12-05
3,2024-12-03,0.5019237484197363,2024-12-06
3,2024-12-04,0.3285561702390282,2024-12-07
3,2024-12-05,-0.513300979964276,2024-12-08
3,2024-12-06,-1.0553106990186614,2024-12-09
3,2024-12-07,-1.091092131292753,2024-12-10
3,2024-12-08,-1.3473435310994848,2024-12-11
3,2024-12-09,-1.171890896779538,2024-12-12
3,2024-12-10,-0.6339312263808977,2024-12-13
3,2024-12-11,0.5760074329192123,2024-12-14
3,2024-12-12,1.3502808996572708,2024-12-15
3,2024-12-13,1.41660868965488,2024-12-16
3,2024-12-14,1.0050796726092552,2024-12-17
3,2024-12-15,0.918958134245215,2024-12-18
3,2024-12-16,0.9514162577430947,2024-12-19
3,2024-12-17,1.1702493200297261,2024-12-20
3,2024-12-18,1.5140956457227144,2024-12-21
3,2024-12-19,1.4289292371166085,2024-12-22
3,2024-12-20,1.0246129194424347,2024-12-23
3,2024-12-21,1.0808403973246605,2024-12-24
3,2024-12-22,1.135977389001604,2024-12-25
3,2024-12-23,1.2815316021350032,2024-12-26
3,2024-12-24,0.8805933555014733,2024-12-27
3,2024-12-25,0.448755171767969,2024-12-28
3,2024-12-26,0.3899713577956818,2024-12-29
3,2024-12-27,0.24772016347294412,2024-12-30
3,2024-12-28,0.03445753183665909,2024-12-31
3,2024-12-29,-0.009338421605378225,2025-01-01
3,2024-12-30,-0.11779863201385836,2025-01-02
3,2024-12-31,-0.48897253474542957,2025-01-03
3,2025-01-01,-0.7027182517202869,2025-01-04
3,2025-01-02,-0.7820165167190108,2025-01-05
3,2025-01-03,-1.1255619929279106,2025-01-06
3,2025-01-04,-1.1338708838214486,2025-01-07
3,2025-01-05,-1.1492257421468768,2025-01-08
3,2025-01-06,-1.2180347022951459,2025-01-09
3,2025-01-07,-1.2793988272895198,2025-01-10
3,2025-01-08,-1.3524763172993919,2025-01-11
3,2025-01-09,-1.1857014778695496,2025-01-12
3,2025-01-10,-0.47496813939930166,2025-01-13
3,2025-01-11,-0.35815149068879476,2025-01-14
3,2025-01-12,-0.013191935186784054,2025-01-15
3,2025-01-13,0.1398344635668209,2025-01-16
3,2025-01-14,0.1503555996422676,2025-01-17
3,2025-01-15,-0.1522740230378079,2025-01-18
3,2025-01-16,-0.4110148641081436,2025-01-19
3,2025-01-17,-0.7605723275531042,2025-01-20
3,2025-01-18,-0.8591825845268459,2025-01-21
3,2025-01-19,-0.34369686696452934,2025-01-22
3,2025-01-20,0.0179574146550115,2025-01-23
3,2025-01-21,0.16078402161743305,2025-01-24
3,2025-01-22,0.0861001709253777,2025-01-25
3,2025-01-23,0.10685769468580769,2025-01-26
3,2025-01-24,0.25645761174849246,2025-01-27
3,2025-01-25,0.2157279357953256,2025-01-28
3,2025-01-26,0.2904121072117126,2025-01-29
3,2025-01-27,0.5076820635895404,2025-01-30
3,2025-01-28,0.7534142747171476,2025-01-31
3,2025-01-29,1.163318181248391,2025-02-01
3,2025-01-30,1.3700909949516678,2025-02-02
3,2025-01-31,1.4154366421127373,2025-02-03
3,2025-02-01,1.568649797236695,2025-02-04
3,2025-02-02,1.7044383595706922,2025-02-05
3,2025-02-03,1.6659195743178734,2025-02-06
3,2025-02-04,1.4991395426808845,2025-02-07
3,2025-02-05,1.185723689577677,2025-02-08
3,2025-02-06,0.8973990421825075,2025-02-09
3,2025-02-07,0.7531359415404475,2025-02-10
3,2025-02-08,0.35011046806667856,2025-02-11
3,2025-02-09,0.08883182199485534,2025-02-12
3,2025-02-10,0.06998094513731053,2025-02-13
3,2025-02-11,0.3282615258662324,2025-02-14
3,2025-02-12,0.17067311713200703,2025-02-15
3,2025-02-13,-0.26932081961295107,2025-02-16
3,2025-02-14,-0.4890683771559645,2025-02-17
3,2025-02-15,-0.5870895203749279,2025-02-18
3,2025-02-16,-0.2668689429497014,2025-02-19
3,2025-02-17,0.07867138707819477,2025-02-20
3,2025-02-18,0.3951251543883054,2025-02-21
3,2025-02-19,0.674582096601714,2025-02-22
3,2025-02-20,1.1962317965317595,2025-02-23
3,2025-02-21,1.4852555819702076,2025-02-24
3,2025-02-22,1.5601079107069387,2025-02-25
3,2025-02-23,1.5042207670360435,2025-02-26
3,2025-02-24,1.4331753449846965,2025-02-27
3,2025-02-25,1.5856576370509925,2025-02-28
3,2025-02-26,1.6664573616085097,2025-03-01
3,2025-02-27,1.3327265959925276,2025-03-02
3,2025-02-28,1.1024275649727424,2025-03-03
3,2025-03-01,0.9533019306050787,2025-03-04
3,2025-03-02,0.7200793017776415,2025-03-05
3,2025-03-03,0.3902854548905848,2025-03-06
3,2025-03-04,-0.04612317044135323,2025-03-07
3,2025-03-05,-0.27936386740197455,2025-03-08
3,2025-03-06,-0.22684756133390982,2025-03-09
3,2025-03-07,-0.48672521815818964,2025-03-10
4,2024-11-08,0.7281164867829618,2024-11-12
4,2024-11-09,0.3918697270375955,2024-11-13
4,2024-11-10,-0.1645614642613933,2024-11-14
4,2024-11-11,-0.46436674383029647,2024-11-15
4,2024-11-12,-1.068309226935816,2024-11-16
4,2024-11-13,-1.3474740944566148,2024-11-17
4,2024-11-14,-1.4806082216187342,2024-11-18
4,2024-11-15,-1.8743608116458554,2024-11-19
4,2024-11-16,-2.1303954905715394,2024-11-20
4,2024-11-17,-2.1410975617262724,2024-11-21
4,2024-11-18,-1.9476059730207727,2024-11-22
4,2024-11-19,-1.4932923076367448,2024-11-23
4,2024-11-20,-1.0371563756220803,2024-11-24
4,2024-11-21,-0.35417549604616977,2024-11-25
4,2024-11-22,-0.13503798331455089,2024-11-26
4,2024-11-23,-0.47906891784831357,2024-11-27
4,2024-11-24,-0.5569759427475568,2024-11-28
4,2024-11-25,-0.4406026277268656,2024-11-29
4,2024-11-26,-0.46744163253658205,2024-11-30
4,2024-11-27,-0.8045503291938092,2024-12-01
4,2024-11-28,-0.3195310983836326,2024-12-02
4,2024-11-29,0.13452077602884108,2024-12-03
4,2024-11-30,0.22811001729714728,2024-12-04
4,2024-12-01,0.3495708933255102,2024-12-05
4,2024-12-02,0.5828423824003224,2024-12-06
4,2024-12-03,0.2102241456120965,2024-12-07
4,2024-12-04,-0.49424529923996846,2024-12-08
4,2024-12-05,-1.0825448413931809,2024-12-09
4,2024-12-06,-1.0453383430141507,2024-12-10
4,2024-12-07,-1.3000283651679811,2024-12-11
4,2024-12-08,-1.0877413067303796,2024-12-12
4,2024-12-09,-0.6516460653388437,2024-12-13
4,2024-12-10,0.49750477473742755,2024-12-14
4,2024-12-11,1.3395178473788252,2024-12-15
4,2024-12-12,1.2611904968867964,2024-12-16
4,2024-12-13,1.1421201099336296,2024-12-17
4,2024-12-14,0.6210516895196425,2024-12-18
4,2024-12-15,0.8776184027565506,2024-12-19
4,2024-12-16,1.1439202022087245,2024-12-20
4,2024-12-17,1.4685151124033635,2024-12-21
4,2024-12-18,1.4908821576441371,2024-12-22
4,2024-12-19,0.9963506175100035,2024-12-23
4,2024-12-20,1.1029964655307647,2024-12-24
4,2024-12-21,1.1508721896465637,2024-12-25
4,2024-12-22,1.1204158090110155,2024-12-26
4,2024-12-23,0.7816365563838189,2024-12-27
4,2024-12-24,0.5097892671387705,2024-12-28
4,2024-12-25,0.4458372199123038,2024-12-29
4,2024-12-26,0.24168810810270247,2024-12-30
4,2024-12-27,-0.002122027865638645,2024-12-31
4,2024-12-28,0.04762176689700997,2025-01-01
4,2024-12-29,-0.06748682339364218,2025-01-02
4,2024-12-30,-0.47119331711412893,2025-01-03
4,2024-12-31,-0.7028048259532573,2025-01-04
4,2025-01-01,-0.9399173925118289,2025-01-05
4,2025-01-02,-1.0463357610269706,2025-01-06
4,2025-01-03,-1.1809770703752553,2025-01-07
4,2025-01-04,-1.1898205732022065,2025-01-08
4,2025-01-05,-1.1904888665466502,2025-01-09
4,2025-01-06,-1.1967267322254411,2025-01-10
4,2025-01-07,-1.2228840147371391,2025-01-11
4,2025-01-08,-1.1167718928983268,2025-01-12
4,2025-01-09,-0.43327137135687255,2025-01-13
4,2025-01-10,-0.2570944908361373,2025-01-14
4,2025-01-11,-0.2437895697947259,2025-01-15
4,2025-01-12,0.20149684587751737,2025-01-16
4,2025-01-13,0.09152794362900439,2025-01-17
4,2025-01-14,-0.031566576816188734,2025-01-18
4,2025-01-15,-0.3722852776316689,2025-01-19
4,2025-01-16,-0.7605945133854797,2025-01-20
4,2025-01-17,-0.8464570748881023,2025-01-21
4,2025-01-18,-0.4639664108535834,2025-01-22
4,2025-01-19,-0.1213159658022103,2025-01-23
4,2025-01-20,0.14682436961716297,2025-01-24
4,2025-01-21,0.1310048921706806,2025-01-25
4,2025-01-22,0.0727130920516537,2025-01-26
4,2025-01-23,0.1220436956518743,2025-01-27
4,2025-01-24,0.3618410648585349,2025-01-28
4,2025-01-25,0.264383134790748,2025-01-29
4,2025-01-26,0.5014069780551061,2025-01-30
4,2025-01-27,0.7073445577513775,2025-01-31
4,2025-01-28,1.126548934964048,2025-02-01
4,2025-01-29,1.3706864845569948,2025-02-02
4,2025-01-30,1.221424708376236,2025-02-03
4,2025-01-31,1.6046718489569507,2025-02-04
4,2025-02-01,1.7514464330715729,2025-02-05
4,2025-02-02,1.6137890102685235,2025-02-06
4,2025-02-03,1.5572255510233333,2025-02-07
4,2025-02-04,1.15346842781167,2025-02-08
4,2025-02-05,1.0135799473481084,2025-02-09
4,2025-02-06,0.6358584797747263,2025-02-10
4,2025-02-07,0.4293769442143134,2025-02-11
4,2025-02-08,0.05801064691085969,2025-02-12
4,2025-02-09,0.110292232199039,2025-02-13
4,2025-02-10,0.4294952577826906,2025-02-14
4,2025-02-11,0.38921267020012623,2025-02-15
4,2025-02-12,-0.13384821252942564,2025-02-16
4,2025-02-13,-0.5030471665755342,2025-02-17
4,2025-02-14,-0.624877740302986,2025-02-18
4,2025-02-15,-0.30371465590880303,2025-02-19
4,2025-02-16,0.10303491400517038,2025-02-20
4,2025-02-17,0.42141432338990686,2025-02-21
4,2025-02-18,0.6503078510068414,2025-02-22
4,2025-02-19,1.0384265349770985,2025-02-23
4,2025-02-20,1.462501149099954,2025-02-24
4,2025-02-21,1.6113893109304709,2025-02-25
4,2025-02-22,1.5117729694120212,2025-02-26
4,2025-02-23,1.484802225179977,2025-02-27
4,2025-02-24,1.540645072899578,2025-02-28
4,2025-02-25,1.744885212635546,2025-03-01
4,2025-02-26,1.4111243341214017,2025-03-02
4,2025-02-27,1.1010458704046382,2025-03-03
4,2025-02-28,0.9689491999053451,2025-03-04
4,2025-03-01,0.6840534618759239,2025-03-05
4,2025-03-02,0.3397892804472922,2025-03-06
4,2025-03-03,-0.08392990530460202,2025-03-07
4,2025-03-04,-0.2068384521753292,2025-03-08
4,2025-03-05,-0.2297406132526145,2025-03-09
4,2025-03-06,-0.41137163060029086,2025-03-10
4,2025-03-07,-0.7853119620299892,2025-03-11
5,2024-11-08,0.14925211671421915,2024-11-13
5,2024-11-09,0.1431523061297016,2024-11-14
5,2024-11-10,-0.3702537496099327,2024-11-15
5,2024-11-11,-0.9257082853311946,2024-11-16
5,2024-11-12,-1.555821638497524,2024-11-17
5,2024-11-13,-1.512660789475138,2024-11-18
5,2024-11-14,-1.8527413467733127,2024-11-19
5,2024-11-15,-2.245861665447907,2024-11-20
5,2024-11-16,-2.3438672055738983,2024-11-21
5,2024-11-17,-2.1057095418397203,2024-11-22
5,2024-11-18,-1.4134357185785253,2024-11-23
5,2024-11-19,-0.7890122089022067,2024-11-24
5,2024-11-20,-0.3440976886362974,2024-11-25
5,2024-11-21,-0.005520771141788929,2024-11-26
5,2024-11-22,-0.2933266608390334,2024-11-27
5,2024-11-23,-0.6689967438145475,2024-11-28
5,2024-11-24,-0.45959537763971914,2024-11-29
5,2024-11-25,-0.37970199002620303,2024-11-30
5,2024-11-26,-1.0912687038558149,2024-12-01
5,2024-11-27,-0.4492193404776575,2024-12-02
5,2024-11-28,0.005620679469544246,2024-12-03
5,2024-11-29,0.16173230818514453,2024-12-04
5,2024-11-30,0.3660886351420329,2024-12-05
5,2024-12-01,0.5812378677037527,2024-12-06
5,2024-12-02,0.42018688050502,2024-12-07
5,2024-12-03,-0.5115676891723464,2024-12-08
5,2024-12-04,-1.1747281327534966,2024-12-09
5,2024-12-05,-1.0782982208107228,2024-12-10
5,2024-12-06,-1.2905583812250163,2024-12-11
5,2024-12-07,-1.3034947420766043,2024-12-12
5,2024-12-08,-0.5448142493585054,2024-12-13
5,2024-12-09,0.2815264933304094,2024-12-14
5,2024-12-10,1.4371615612145923,2024-12-15
5,2024-12-11,1.1572358446171973,2024-12-16
5,2024-12-12,1.0052032169069356,2024-12-17
5,2024-12-13,1.013131218814242,2024-12-18
5,2024-12-14,0.6246592071075981,2024-12-19
5,2024-12-15,1.0227311547493358,2024-12-20
5,2024-12-16,1.4091299930000563,2024-12-21
5,2024-12-17,1.644102076964934,2024-12-22
5,2024-12-18,1.0335948147063578,2024-12-23
5,2024-12-19,1.1136632744507684,2024-12-24
5,2024-12-20,1.2127729156801557,2024-12-25
5,2024-12-21,1.1095101027494714,2024-12-26
5,2024-12-22,0.5906553356433587,2024-12-27
5,2024-12-23,0.3676902752839883,2024-12-28
5,2024-12-24,0.3594875008849914,2024-12-29
5,2024-12-25,0.3728407001225086,2024-12-30
5,2024-12-26,0.04417193202278933,2024-12-31
5,2024-12-27,0.19074376775500507,2025-01-01
5,2024-12-28,0.09359247062832884,2025-01-02
5,2024-12-29,-0.44438292413867486,2025-01-03
5,2024-12-30,-0.7334120843373312,2025-01-04
5,2024-12-31,-0.9845801684973098,2025-01-05
5,2025-01-01,-1.3140487383767605,2025-01-06
5,2025-01-02,-1.1712198437743788,2025-01-07
5,2025-01-03,-1.1918612486211522,2025-01-08
5,2025-01-04,-1.171703695989725,2025-01-09
5,2025-01-05,-1.1894310209437062,2025-01-10
5,2025-01-06,-1.1404324834760218,2025-01-11
5,2025-01-07,-1.0309828629421856,2025-01-12
5,2025-01-08,-0.4657761818782301,2025-01-13
5,2025-01-09,-0.1419345706053405,2025-01-14
5,2025-01-10,-0.14174441197684567,2025-01-15
5,2025-01-11,-0.11743769954653847,2025-01-16
5,2025-01-12,0.09462053608581575,2025-01-17
5,2025-01-13,-0.12053832148692174,2025-01-18
5,2025-01-14,-0.11026968317746814,2025-01-19
5,2025-01-15,-0.40426232820935337,2025-01-20
5,2025-01-16,-0.6927245570315946,2025-01-21
5,2025-01-17,-0.4107910507970388,2025-01-22
5,2025-01-18,-0.3159726293394962,2025-01-23
5,2025-01-19,-0.18522951278719707,2025-01-24
5,2025-01-20,0.1123152119017442,2025-01-25
5,2025-01-21,-0.012667990321144535,2025-01-26
5,2025-01-22,-0.010078845789369314,2025-01-27
5,2025-01-23,0.12986572610440866,2025-01-28
5,2025-01-24,0.4354865203842453,2025-01-29
5,2025-01-25,0.3657424086199591,2025-01-30
5,2025-01-26,0.6308474192228396,2025-01-31
5,2025-01-27,0.917034263470049,2025-02-01
5,2025-01-28,1.3025123407530532,2025-02-02
5,2025-01-29,1.1012095822388215,2025-02-03
5,2025-01-30,1.4569867103266745,2025-02-04
5,2025-01-31,1.7364352221671822,2025-02-05
5,2025-02-01,1.78390180295681,2025-02-06
5,2025-02-02,1.6076059991680298,2025-02-07
5,2025-02-03,1.2552300055304295,2025-02-08
5,2025-02-04,1.0115208070753043,2025-02-09
5,2025-02-05,0.7419733032486916,2025-02-10
5,2025-02-06,0.45856100914203163,2025-02-11
5,2025-02-07,0.10205022585792635,2025-02-12
5,2025-02-08,-0.012114947148558639,2025-02-13
5,2025-02-09,0.40182435058893107,2025-02-14
5,2025-02-10,0.4425374854106254,2025-02-15
5,2025-02-11,0.10431068941057309,2025-02-16
5,2025-02-12,-0.3050167522484308,2025-02-17
5,2025-02-13,-0.6138823177311699,2025-02-18
5,2025-02-14,-0.35033275115069484,2025-02-19
5,2025-02-15,0.11468072796443009,2025-02-20
5,2025-02-16,0.46476284626082404,2025-02-21
5,2025-02-17,0.7627401123829366,2025-02-22
5,2025-02-18,1.0343507633720164,2025-02-23
5,2025-02-19,1.3421454216802002,2025-02-24
5,2025-02-20,1.6185927387268753,2025-02-25
5,2025-02-21,1.562620099222928,2025-02-26
5,2025-02-22,1.5219496786630289,2025-02-27
5,2025-02-23,1.563815451464584,2025-02-28
5,2025-02-24,1.647062192444456,2025-03-01
5,2025-02-25,1.4627975330708842,2025-03-02
5,2025-02-26,1.2533503151293575,2025-03-03
5,2025-02-27,0.8825485602285514,2025-03-04
5,2025-02-28,0.8080677013966249,2025-03-05
5,2025-03-01,0.2781659080380188,2025-03-06
5,2025-03-02,-0.13293390706883113,2025-03-07
5,2025-03-03,-0.24516297490257072,2025-03-08
5,2025-03-04,-0.13687241091772856,2025-03-09
5,2025-03-05,-0.30895275319906,2025-03-10
5,2025-03-06,-0.7077426784953474,2025-03-11
5,2025-03-07,-0.7964515323500471,2025-03-12
6,2024-11-08,-0.24833113305907034,2024-11-14
6,2024-11-09,-0.4561779030202408,2024-11-15
6,2024-11-10,-0.7244028531514745,2024-11-16
6,2024-11-11,-1.1578719164766673,2024-11-17
6,2024-11-12,-1.7901144452261577,2024-11-18
6,2024-11-13,-1.889721988880872,2024-11-19
6,2024-11-14,-2.127118159743332,2024-11-20
6,2024-11-15,-2.138394260665866,2024-11-21
6,2024-11-16,-2.2660411776969593,2024-11-22
6,2024-11-17,-1.8191459096915115,2024-11-23
6,2024-11-18,-0.762707249535596,2024-11-24
6,2024-11-19,0.12605324526135633,2024-11-25
6,2024-11-20,-0.04498393709661677,2024-11-26
6,2024-11-21,-0.12921137193085702,2024-11-27
6,2024-11-22,-0.294758778859644,2024-11-28
6,2024-11-23,-0.7140070355086335,2024-11-29
6,2024-11-24,-0.5421184462703377,2024-11-30
6,2024-11-25,-0.9843274590747265,2024-12-01
6,2024-11-26,-0.963935742541834,2024-12-02
6,2024-11-27,-0.03803720386212654,2024-12-03
6,2024-11-28,0.05777945082621513,2024-12-04
6,2024-11-29,0.22473229480844237,2024-12-05
6,2024-11-30,0.35344283372368146,2024-12-06
6,2024-12-01,0.4429566387361937,2024-12-07
6,2024-12-02,-0.3592545722850408,2024-12-08
6,2024-12-03,-1.1369512921639882,2024-12-09
6,2024-12-04,-1.3666933158138,2024-12-10
6,2024-12-05,-1.1176733326895034,2024-12-11
6,2024-12-06,-1.3619045755922508,2024-12-12
6,2024-12-07,-1.0660923685656034,2024-12-13
6,2024-12-08,0.3211595450848865,2024-12-14
6,2024-12-09,0.9459082706732257,2024-12-15
6,2024-12-10,1.3279333772316133,2024-12-16
6,2024-12-11,0.7719415812563624,2024-12-17
6,2024-12-12,0.789650304180238,2024-12-18
6,2024-12-13,1.087195919910916,2024-12-19
6,2024-12-14,0.8747110598839892,2024-12-20
6,2024-12-15,0.9162196275465121,2024-12-21
6,2024-12-16,1.5506486344988517,2024-12-22
6,2024-12-17,1.0995126946098843,2024-12-23
6,2024-12-18,1.063429490050686,2024-12-24
6,2024-12-19,1.1949845820988831,2024-12-25
6,2024-12-20,1.0416893241423575,2024-12-26
6,2024-12-21,0.6589309733707492,2024-12-27
6,2024-12-22,0.03441769031840007,2024-12-28
6,2024-12-23,0.29207485763551444,2024-12-29
6,2024-12-24,0.14160364182175683,2024-12-30
6,2024-12-25,0.09419236580610131,2024-12-31
6,2024-12-26,0.08987606008864564,2025-01-01
6,2024-12-27,0.29249258524559,2025-01-02
6,2024-12-28,-0.03840489177788266,2025-01-03
6,2024-12-29,-0.7832679280895283,2025-01-04
6,2024-12-30,-1.0858500136126872,2025-01-05
6,2024-12-31,-1.2779739840208693,2025-01-06
6,2025-01-01,-1.57461166293695,2025-01-07
6,2025-01-02,-1.3593378148543567,2025-01-08
6,2025-01-03,-1.1612004652918448,2025-01-09
6,2025-01-04,-1.204381742792611,2025-01-10
6,2025-01-05,-1.1778415221058913,2025-01-11
6,2025-01-06,-1.0426037018784322,2025-01-12
6,2025-01-07,-0.4149368476006676,2025-01-13
6,2025-01-08,-0.26601035891615277,2025-01-14
6,2025-01-09,0.17721950293934613,2025-01-15
6,2025-01-10,0.15936447565498177,2025-01-16
6,2025-01-11,-0.17060031817515953,2025-01-17
6,2025-01-12,-0.05451398750180003,2025-01-18
6,2025-01-13,-0.5007002567351839,2025-01-19
6,2025-01-14,-0.22203792046559867,2025-01-20
6,2025-01-15,-0.06488802333274746,2025-01-21
6,2025-01-16,-0.40661433843056677,2025-01-22
6,2025-01-17,-0.35550686101868323,2025-01-23
6,2025-01-18,-0.33834851868764876,2025-01-24
6,2025-01-19,-0.23909261481730726,2025-01-25
6,2025-01-20,0.15635332136801372,2025-01-26
6,2025-01-21,-0.12911828054756425,2025-01-27
6,2025-01-22,-0.07189612231103397,2025-01-28
6,2025-01-23,0.2019072840470373,2025-01-29
6,2025-01-24,0.3858263206386491,2025-01-30
6,2025-01-25,0.44748153422986287,2025-01-31
6,2025-01-26,0.8667177826027119,2025-02-01
6,2025-01-27,1.4797839192531528,2025-02-02
6,2025-01-28,1.00777320761974,2025-02-03
6,2025-01-29,1.149799661486552,2025-02-04
6,2025-01-30,1.57158802988573,2025-02-05
6,2025-01-31,1.6631604580154171,2025-02-06
6,2025-02-01,1.87616607631192,2025-02-07
6,2025-02-02,1.3031952534320668,2025-02-08
6,2025-02-03,1.223247987551131,2025-02-09
6,2025-02-04,0.7745910131501043,2025-02-10
6,2025-02-05,0.5370990270390692,2025-02-11
6,2025-02-06,0.1673824060988111,2025-02-12
6,2025-02-07,0.04452769431105209,2025-02-13
6,2025-02-08,0.06758900302923654,2025-02-14
6,2025-02-09,0.43915231670753546,2025-02-15
6,2025-02-10,0.23525927794561818,2025-02-16
6,2025-02-11,-0.2184225893532666,2025-02-17
6,2025-02-12,-0.20712433782799283,2025-02-18
6,2025-02-13,-0.3048740642857272,2025-02-19
6,2025-02-14,0.01161534154078414,2025-02-20
6,2025-02-15,0.46053364834248267,2025-02-21
6,2025-02-16,0.7781270573269654,2025-02-22
6,2025-02-17,1.144592993494437,2025-02-23
6,2025-02-18,1.3729824293697124,2025-02-24
6,2025-02-19,1.5161297966196097,2025-02-25
6,2025-02-20,1.5426877612668586,2025-02-26
6,2025-02-21,1.551461060083044,2025-02-27
6,2025-02-22,1.5385963602296808,2025-02-28
6,2025-02-23,1.7200526359556167,2025-03-01
6,2025-02-24,1.5302053257813664,2025-03-02
6,2025-02-25,1.33576774957602,2025-03-03
6,2025-02-26,0.9445089916717481,2025-03-04
6,2025-02-27,0.727155914968519,2025-03-05
6,2025-02-28,0.4537673497142961,2025-03-06
6,2025-03-01,-0.09580484214637822,2025-03-07
6,2025-03-02,-0.41424209623096775,2025-03-08
6,2025-03-03,-0.15755621263483155,2025-03-09
6,2025-03-04,-0.21142229992119815,2025-03-10
6,2025-03-05,-0.4978719419387301,2025-03-11
6,2025-03-06,-0.6459411225827838,2025-03-12
6,2025-03-07,-0.5262379020514703,2025-03-13
7,2024-11-08,-0.4813070007426067,2024-11-15
7,2024-11-09,-0.8257289406728886,2024-11-16
7,2024-11-10,-1.1067224179512487,2024-11-17
7,2024-11-11,-1.2561917874053021,2024-11-18
7,2024-11-12,-2.2730745039414617,2024-11-19
7,2024-11-13,-2.0970880305635937,2024-11-20
7,2024-11-14,-1.9858733918503195,2024-11-21
7,2024-11-15,-1.8346314884122252,2024-11-22
7,2024-11-16,-2.164091811972515,2024-11-23
7,2024-11-17,-1.3299190499933313,2024-11-24
7,2024-11-18,-0.14123427566322716,2024-11-25
7,2024-11-19,0.24495095311652837,2024-11-26
7,2024-11-20,-0.09193493643777366,2024-11-27
7,2024-11-21,-0.34227652770951966,2024-11-28
7,2024-11-22,-0.3661459738341127,2024-11-29
7,2024-11-23,-0.6074469884317659,2024-11-30
7,2024-11-24,-1.234077694587174,2024-12-01
7,2024-11-25,-0.7913814696912291,2024-12-02
7,2024-11-26,-0.7915519526396549,2024-12-03
7,2024-11-27,0.12148908865430937,2024-12-04
7,2024-11-28,0.2595825244568935,2024-12-05
7,2024-11-29,0.4270250331583838,2024-12-06
7,2024-11-30,0.26380279859698685,2024-12-07
7,2024-12-01,-0.206245341981318,2024-12-08
7,2024-12-02,-0.7628395223720311,2024-12-09
7,2024-12-03,-0.7923417915378402,2024-12-10
7,2024-12-04,-1.3273964064134607,2024-12-11
7,2024-12-05,-1.3885114663242368,2024-12-12
7,2024-12-06,-0.8986730437205743,2024-12-13
7,2024-12-07,-0.48671353829556846,2024-12-14
7,2024-12-08,1.2828238144712514,2024-12-15
7,2024-12-09,0.8412160690738937,2024-12-16
7,2024-12-10,0.9257253830450732,2024-12-17
7,2024-12-11,0.6813700524855125,2024-12-18
7,2024-12-12,0.7601343112711236,2024-12-19
7,2024-12-13,1.2082079057520265,2024-12-20
7,2024-12-14,0.766024515965046,2024-12-21
7,2024-12-15,1.0030083243425045,2024-12-22
7,2024-12-16,1.1958582342567143,2024-12-23
7,2024-12-17,1.0564714983361942,2024-12-24
7,2024-12-18,0.9425922308013611,2024-12-25
7,2024-12-19,0.8622301098247804,2024-12-26
7,2024-12-20,0.5878936998186626,2024-12-27
7,2024-12-21,0.1624142654206314,2024-12-28
7,2024-12-22,-0.09580273962851751,2024-12-29
7,2024-12-23,0.09325139276060236,2024-12-30
7,2024-12-24,-0.14846767852581247,2024-12-31
7,2024-12-25,-0.028680123422915777,2025-01-01
7,2024-12-26,0.061010921151382465,2025-01-02
7,2024-12-27,0.13729234981991253,2025-01-03
7,2024-12-28,-0.362230644287919,2025-01-04
7,2024-12-29,-1.1771426314026414,2025-01-05
7,2024-12-30,-1.5539686545651346,2025-01-06
7,2024-12-31,-1.5216906898661562,2025-01-07
7,2025-01-01,-1.734030918179747,2025-01-08
7,2025-01-02,-1.5193160462843995,2025-01-09
7,2025-01-03,-1.1450505569145302,2025-01-10
7,2025-01-04,-1.2597072716586941,2025-01-11
7,2025-01-05,-0.9685039300660495,2025-01-12
7,2025-01-06,-0.7952517771273759,2025-01-13
7,2025-01-07,-0.17782812207429138,2025-01-14
7,2025-01-08,-0.26078367893017623,2025-01-15
7,2025-01-09,0.3231654342528036,2025-01-16
7,2025-01-10,0.18717204899215883,2025-01-17
7,2025-01-11,-0.5164902829395123,2025-01-18
7,2025-01-12,-0.05218721702934403,2025-01-19
7,2025-01-13,-0.5826907553203142,2025-01-20
7,2025-01-14,-0.11358784528110404,2025-01-21
7,2025-01-15,0.3458987464507951,2025-01-22
7,2025-01-16,-0.14310899612848113,2025-01-23
7,2025-01-17,-0.4204627586707103,2025-01-24
7,2025-01-18,-0.3788360952614969,2025-01-25
7,2025-01-19,0.01588413260647436,2025-01-26
7,2025-01-20,0.5424069843986057,2025-01-27
7,2025-01-21,0.18263968048133813,2025-01-28
7,2025-01-22,-0.03245623428783338,2025-01-29
7,2025-01-23,0.17253047130855972,2025-01-30
7,2025-01-24,0.6994656747889585,2025-01-31
7,2025-01-25,0.5225486021379936,2025-02-01
7,2025-01-26,1.3226728600505149,2025-02-02
7,2025-01-27,1.4302502318939994,2025-02-03
7,2025-01-28,1.119837627051174,2025-02-04
7,2025-01-29,1.4500660887385985,2025-02-05
7,2025-01-30,1.5639298960540648,2025-02-06
7,2025-01-31,1.6613978830573657,2025-02-07
7,2025-02-01,1.5601736473407044,2025-02-08
7,2025-02-02,1.240335455159798,2025-02-09
7,2025-02-03,1.058508562412155,2025-02-10
7,2025-02-04,0.626065343946089,2025-02-11
7,2025-02-05,0.5911985007252423,2025-02-12
7,2025-02-06,0.04247639695526981,2025-02-13
7,2025-02-07,0.271242800613564,2025-02-14
7,2025-02-08,0.009320919988952528,2025-02-15
7,2025-02-09,0.30093150613632286,2025-02-16
7,2025-02-10,0.1802285688036374,2025-02-17
7,2025-02-11,-0.35514597482862886,2025-02-18
7,2025-02-12,0.2384563229074148,2025-02-19
7,2025-02-13,0.11233743299324941,2025-02-20
7,2025-02-14,0.28676590087663273,2025-02-21
7,2025-02-15,0.8292206831055527,2025-02-22
7,2025-02-16,1.1433977292151032,2025-02-23
7,2025-02-17,1.4869526202466758,2025-02-24
7,2025-02-18,1.526791443940979,2025-02-25
7,2025-02-19,1.3668902752620655,2025-02-26
7,2025-02-20,1.3539850091676944,2025-02-27
7,2025-02-21,1.50494452422227,2025-02-28
7,2025-02-22,1.6169985875884776,2025-03-01
7,2025-02-23,1.6352940441655706,2025-03-02
7,2025-02-24,1.4990840271234087,2025-03-03
7,2025-02-25,1.1535095630272887,2025-03-04
7,2025-02-26,0.5872958593252104,2025-03-05
7,2025-02-27,0.41513644214135753,2025-03-06
7,2025-02-28,0.35724776128790514,2025-03-07
7,2025-03-01,-0.17456362012557097,2025-03-08
7,2025-03-02,-0.3369945816042735,2025-03-09
7,2025-03-03,-0.2551705674966106,2025-03-10
7,2025-03-04,-0.3429198743669635,2025-03-11
7,2025-03-05,-0.4079072884256519,2025-03-12
7,2025-03-06,-0.39424647170079313,2025-03-13
7,2025-03-07,-0.26647271195163225,2025-03-14
8,2024-11-08,-0.684363511417731,2024-11-16
8,2024-11-09,-1.0920852758692654,2024-11-17
8,2024-11-10,-1.3239445554297893,2024-11-18
8,2024-11-11,-1.4716605800168459,2024-11-19
8,2024-11-12,-2.4905062653581784,2024-11-20
8,2024-11-13,-2.059769016486046,2024-11-21
8,2024-11-14,-2.0866063634553105,2024-11-22
8,2024-11-15,-1.7894834215201199,2024-11-23
8,2024-11-16,-1.9732232217620091,2024-11-24
8,2024-11-17,-0.8177979565699219,2024-11-25
8,2024-11-18,0.18655722754193313,2024-11-26
8,2024-11-19,0.04363449151040911,2024-11-27
8,2024-11-20,-0.2976207944096434,2024-11-28
8,2024-11-21,-0.49661814126711323,2024-11-29
8,2024-11-22,-0.5357074090294046,2024-11-30
8,2024-11-23,-0.7911231518428966,2024-12-01
8,2024-11-24,-1.045353438262172,2024-12-02
8,2024-11-25,-0.5267594629379931,2024-12-03
8,2024-11-26,-0.6343515131316014,2024-12-04
8,2024-11-27,0.36999899829299016,2024-12-05
8,2024-11-28,0.6866927794844767,2024-12-06
8,2024-11-29,0.237114376194973,2024-12-07
8,2024-11-30,-0.16161936067239172,2024-12-08
8,2024-12-01,-0.31205915294736475,2024-12-09
8,2024-12-02,-0.5923884977084979,2024-12-10
8,2024-12-03,-0.1772462415922156,2024-12-11
8,2024-12-04,-1.126821852857852,2024-12-12
8,2024-12-05,-1.2533897522176825,2024-12-13
8,2024-12-06,-0.2527297368781499,2024-12-14
8,2024-12-07,0.20338309325147524,2024-12-15
8,2024-12-08,1.5313037303086974,2024-12-16
8,2024-12-09,0.6153378070280133,2024-12-17
8,2024-12-10,0.6090171958450823,2024-12-18
8,2024-12-11,0.6862850192316254,2024-12-19
8,2024-12-12,0.7140935849226734,2024-12-20
8,2024-12-13,1.1380779256302576,2024-12-21
8,2024-12-14,0.9843539943866704,2024-12-22
8,2024-12-15,1.184288243256618,2024-12-23
8,2024-12-16,1.360055402264783,2024-12-24
8,2024-12-17,0.8572165016755353,2024-12-25
8,2024-12-18,0.6101657904313135,2024-12-26
8,2024-12-19,0.4195629750935831,2024-12-27
8,2024-12-20,0.1927589590823854,2024-12-28
8,2024-12-21,0.08094031312973402,2024-12-29
8,2024-12-22,-0.17957450962846966,2024-12-30
8,2024-12-23,-0.30363280275496907,2024-12-31
8,2024-12-24,-0.4249850048167018,2025-01-01
8,2024-12-25,0.0003239539026269546,2025-01-02
8,2024-12-26,-0.3045005881740028,2025-01-03
8,2024-12-27,0.018368673816235914,2025-01-04
8,2024-12-28,-0.841211811220361,2025-01-05
8,2024-12-29,-1.6002321298495674,2025-01-06
8,2024-12-30,-2.049674483911624,2025-01-07
8,2024-12-31,-1.6330608297735862,2025-01-08
8,2025-01-01,-1.9926019733176172,2025-01-09
8,2025-01-02,-1.676376437246918,2025-01-10
8,2025-01-03,-1.2767831495317337,2025-01-11
8,2025-01-04,-1.3839195179392885,2025-01-12
8,2025-01-05,-0.5828091241282343,2025-01-13
8,2025-01-06,-0.815805145901537,2025-01-14
8,2025-01-07,-0.3110291526833327,2025-01-15
8,2025-01-08,0.017584485525680503,2025-01-16
8,2025-01-09,0.24021094240704108,2025-01-17
8,2025-01-10,0.323946521028685,2025-01-18
8,2025-01-11,-0.6242174142093022,2025-01-19
8,2025-01-12,-0.0015987168639435066,2025-01-20
8,2025-01-13,-0.43425780400317154,2025-01-21
8,2025-01-14,0.16405815565770612,2025-01-22
8,2025-01-15,0.38255703052054596,2025-01-23
8,2025-01-16,0.20105412153713667,2025-01-24
8,2025-01-17,-0.4242783071022551,2025-01-25
8,2025-01-18,-0.1377342056869245,2025-01-26
8,2025-01-19,0.508246741117201,2025-01-27
8,2025-01-20,1.0342122423168376,2025-01-28
8,2025-01-21,0.5343533520072944,2025-01-29
8,2025-01-22,0.07786277642439156,2025-01-30
8,2025-01-23,0.5373378185526759,2025-01-31
8,2025-01-24,0.9455204698249754,2025-02-01
8,2025-01-25,0.6598678916525074,2025-02-02
8,2025-01-26,1.4637856407495435,2025-02-03
8,2025-01-27,1.0743991875894217,2025-02-04
8,2025-01-28,1.372209342989126,2025-02-05
8,2025-01-29,1.741817662239737,2025-02-06
8,2025-01-30,1.5698608466404997,2025-02-07
8,2025-01-31,1.6473804209058882,2025-02-08
8,2025-02-01,1.3412628829087914,2025-02-09
8,2025-02-02,1.1806242615037357,2025-02-10
8,2025-02-03,0.7605508057073678,2025-02-11
8,2025-02-04,0.5690670516384749,2025-02-12
8,2025-02-05,0.7798126993315918,2025-02-13
8,2025-02-06,0.139651094671489,2025-02-14
8,2025-02-07,0.27854903200637493,2025-02-15
8,2025-02-08,-0.24915784524848122,2025-02-16
8,2025-02-09,0.3663042921519286,2025-02-17
8,2025-02-10,0.4079594915536397,2025-02-18
8,2025-02-11,-0.17247130356834764,2025-02-19
8,2025-02-12,0.5303322774214286,2025-02-20
8,2025-02-13,0.4713480552116227,2025-02-21
8,2025-02-14,0.6288710727171062,2025-02-22
8,2025-02-15,1.0690104214669847,2025-02-23
8,2025-02-16,1.534409003538045,2025-02-24
8,2025-02-17,1.6438863683869902,2025-02-25
8,2025-02-18,1.4486901547503042,2025-02-26
8,2025-02-19,1.2267631190825015,2025-02-27
8,2025-02-20,1.3703264865773574,2025-02-28
8,2025-02-21,1.6156430873471432,2025-03-01
8,2025-02-22,1.262888706986942,2025-03-02
8,2025-02-23,1.6519742940464406,2025-03-03
8,2025-02-24,1.048645583819772,2025-03-04
8,2025-02-25,0.9377719834360783,2025-03-05
8,2025-02-26,0.2930284062242199,2025-03-06
8,2025-02-27,0.16671251465271442,2025-03-07
8,2025-02-28,0.21371992761828068,2025-03-08
8,2025-03-01,0.05216573698200065,2025-03-09
8,2025-03-02,-0.30844314466394107,2025-03-10
8,2025-03-03,-0.3856789626381048,2025-03-11
8,2025-03-04,-0.1724644644575284,2025-03-12
8,2025-03-05,-0.4177760135919594,2025-03-13
8,2025-03-06,-0.2236149205789816,2025-03-14
8,2025-03-07,-0.13918776890210488,2025-03-15
9,2024-11-08,-0.8820181620400137,2024-11-17
9,2024-11-09,-0.9898672654711788,2024-11-18
9,2024-11-10,-1.1123875419479747,2024-11-19
9,2024-11-11,-1.7198196835162796,2024-11-20
9,2024-11-12,-2.157006439261745,2024-11-21
9,2024-11-13,-2.011649449571795,2024-11-22
9,2024-11-14,-2.110609948716873,2024-11-23
9,2024-11-15,-1.6912514052525738,2024-11-24
9,2024-11-16,-1.7053991672708138,2024-11-25
9,2024-11-17,-0.23807156166965898,2024-11-26
9,2024-11-18,0.3822235050365264,2024-11-27
9,2024-11-19,-0.363310605713567,2024-11-28
9,2024-11-20,-0.5651686145155063,2024-11-29
9,2024-11-21,-0.5470535444427856,2024-11-30
9,2024-11-22,-1.1155015891991569,2024-12-01
9,2024-11-23,-0.8395862987331456,2024-12-02
9,2024-11-24,-0.5016014177907555,2024-12-03
9,2024-11-25,-0.6090338318157338,2024-12-04
9,2024-11-26,-0.3293224289251637,2024-12-05
9,2024-11-27,0.6828232882226196,2024-12-06
9,2024-11-28,0.7373160538275448,2024-12-07
9,2024-11-29,0.07156182834795226,2024-12-08
9,2024-11-30,-0.33555871590672354,2024-12-09
9,2024-12-01,-0.07974413740061231,2024-12-10
9,2024-12-02,-0.3384098997229433,2024-12-11
9,2024-12-03,-0.001826482183349926,2024-12-12
9,2024-12-04,-0.6894219061729131,2024-12-13
9,2024-12-05,-0.5365104241900277,2024-12-14
9,2024-12-06,0.3680471902764256,2024-12-15
9,2024-12-07,0.6968493293751334,2024-12-16
9,2024-12-08,1.470612530598157,2024-12-17
9,2024-12-09,0.5965330262503385,2024-12-18
9,2024-12-10,0.49968343285592015,2024-12-19
9,2024-12-11,0.7306699345759118,2024-12-20
9,2024-12-12,0.7694877944820385,2024-12-21
9,2024-12-13,1.0613126723089883,2024-12-22
9,2024-12-14,1.2687059934843163,2024-12-23
9,2024-12-15,1.435063532743068,2024-12-24
9,2024-12-16,1.1271481832039119,2024-12-25
9,2024-12-17,0.6597375840264189,2024-12-26
9,2024-12-18,0.32754456016969724,2024-12-27
9,2024-12-19,0.1448254023350689,2024-12-28
9,2024-12-20,-0.14051723301853544,2024-12-29
9,2024-12-21,0.09868585360002391,2024-12-30
9,2024-12-22,-0.4278844284569138,2024-12-31
9,2024-12-23,-0.496011628249231,2025-01-01
9,2024-12-24,-0.38656224502004116,2025-01-02
9,2024-12-25,-0.43726310026085785,2025-01-03
9,2024-12-26,-0.3591974826380531,2025-01-04
9,2024-12-27,-0.0964269431576141,2025-01-05
9,2024-12-28,-1.2138208614502046,2025-01-06
9,2024-12-29,-1.974829829547181,2025-01-07
9,2024-12-30,-2.264854762979262,2025-01-08
9,2024-12-31,-1.722744057064776,2025-01-09
9,2025-01-01,-2.1947397553865233,2025-01-10
9,2025-01-02,-1.8203310824687764,2025-01-11
9,2025-01-03,-1.2768138576631196,2025-01-12
9,2025-01-04,-1.0281990546517674,2025-01-13
9,2025-01-05,-0.9280236365486091,2025-01-14
9,2025-01-06,-0.8424840913555658,2025-01-15
9,2025-01-07,-0.33207070142304135,2025-01-16
9,2025-01-08,0.04930212409194641,2025-01-17
9,2025-01-09,0.3001745451858152,2025-01-18
9,2025-01-10,0.3880065075585498,2025-01-19
9,2025-01-11,-0.45841730786331836,2025-01-20
9,2025-01-12,0.39925571647476876,2025-01-21
9,2025-01-13,0.18380703155255426,2025-01-22
9,2025-01-14,0.38832503229390164,2025-01-23
9,2025-01-15,0.06892709157678191,2025-01-24
9,2025-01-16,0.5881440643406856,2025-01-25
9,2025-01-17,-0.18193996687829941,2025-01-26
9,2025-01-18,0.2933396410681441,2025-01-27
9,2025-01-19,0.815478447581405,2025-01-28
9,2025-01-20,1.3331265435691573,2025-01-29
9,2025-01-21,0.6418634446410952,2025-01-30
9,2025-01-22,0.29010142000742345,2025-01-31
9,2025-01-23,1.0120289377236091,2025-02-01
9,2025-01-24,1.028815043124575,2025-02-02
9,2025-01-25,0.723913712669333,2025-02-03
9,2025-01-26,1.3303898714088829,2025-02-04
9,2025-01-27,0.9141512582268466,2025-02-05
9,2025-01-28,1.335669510243707,2025-02-06
9,2025-01-29,1.7797504357445246,2025-02-07
9,2025-01-30,1.3305838204867784,2025-02-08
9,2025-01-31,1.629337007322928,2025-02-09
9,2025-02-01,1.3910313009824933,2025-02-10
9,2025-02-02,0.6003601996913694,2025-02-11
9,2025-02-03,0.3466651740733822,2025-02-12
9,2025-02-04,0.4816422351826834,2025-02-13
9,2025-02-05,1.0185874722538864,2025-02-14
9,2025-02-06,0.05183677223111147,2025-02-15
9,2025-02-07,0.42892990759081756,2025-02-16
9,2025-02-08,-0.3797729510017585,2025-02-17
9,2025-02-09,0.43107064714319604,2025-02-18
9,2025-02-10,0.5137859694516301,2025-02-19
9,2025-02-11,0.1313600047346447,2025-02-20
9,2025-02-12,0.7084367696459053,2025-02-21
9,2025-02-13,0.8202642496048139,2025-02-22
9,2025-02-14,0.7591147147464189,2025-02-23
9,2025-02-15,1.4705141881957207,2025-02-24
9,2025-02-16,1.3923339092222415,2025-02-25
9,2025-02-17,1.2435705220811186,2025-02-26
9,2025-02-18,1.3022081018409941,2025-02-27
9,2025-02-19,1.1664966322477741,2025-02-28
9,2025-02-20,1.4579083745306416,2025-03-01
9,2025-02-21,1.5301342124785846,2025-03-02
9,2025-02-22,1.0523367063509697,2025-03-03
9,2025-02-23,1.3970469777051242,2025-03-04
9,2025-02-24,0.5696568644672794,2025-03-05
9,2025-02-25,0.7001209281405105,2025-03-06
9,2025-02-26,0.31689843973606935,2025-03-07
9,2025-02-27,0.09473040981856806,2025-03-08
9,2025-02-28,0.3539005277783496,2025-03-09
9,2025-03-01,0.42588807733247375,2025-03-10
9,2025-03-02,-0.40847695750122015,2025-03-11
9,2025-03-03,-0.3712758856742404,2025-03-12
9,2025-03-04,0.02151038145637113,2025-03-13
9,2025-03-05,-0.6430884544377264,2025-03-14
9,2025-03-06,0.07788558540906493,2025-03-15
9,2025-03-07,-0.01754137943045743,2025-03-16
10,2024-11-08,-0.8855820799589099,2024-11-18
10,2024-11-09,-0.6530126799690099,2024-11-19
10,2024-11-10,-1.1499231460553214,2024-11-20
10,2024-11-11,-1.5539893816923922,2024-11-21
10,2024-11-12,-1.79570086323822,2024-11-22
10,2024-11-13,-2.0819185820903905,2024-11-23
10,2024-11-14,-1.714404693909923,2024-11-24
10,2024-11-15,-1.5049375164174172,2024-11-25
10,2024-11-16,-1.036114371868833,2024-11-26
10,2024-11-17,0.09112386179668443,2024-11-27
10,2024-11-18,0.43336542824719676,2024-11-28
10,2024-11-19,-0.7077795830620229,2024-11-29
10,2024-11-20,-0.48509092388919867,2024-11-30
10,2024-11-21,-1.04517751080701,2024-12-01
10,2024-11-22,-0.8941839219625264,2024-12-02
10,2024-11-23,-0.7120226360749321,2024-12-03
10,2024-11-24,0.1488534878925777,2024-12-04
10,2024-11-25,-0.8157590093812113,2024-12-05
10,2024-11-26,-0.27059218790067796,2024-12-06
10,2024-11-27,0.8261223363589398,2024-12-07
10,2024-11-28,0.713183852072949,2024-12-08
10,2024-11-29,-0.21755917728948382,2024-12-09
10,2024-11-30,-0.2821211506230555,2024-12-10
10,2024-12-01,0.11807302679424936,2024-12-11
10,2024-12-02,-0.024115000129097133,2024-12-12
10,2024-12-03,0.31582099065711655,2024-12-13
10,2024-12-04,-0.08154672306372705,2024-12-14
10,2024-12-05,-0.09409095891268045,2024-12-15
10,2024-12-06,0.16432879137083875,2024-12-16
10,2024-12-07,0.6658361987102437,2024-12-17
10,2024-12-08,1.5868878636583006,2024-12-18
10,2024-12-09,0.5593058454873744,2024-12-19
10,2024-12-10,0.8665829681625444,2024-12-20
10,2024-12-11,0.6297862433068948,2024-12-21
10,2024-12-12,0.6123110808468212,2024-12-22
10,2024-12-13,1.2666660132727297,2024-12-23
10,2024-12-14,1.2080789137544052,2024-12-24
10,2024-12-15,1.5631579640548228,2024-12-25
10,2024-12-16,1.1044006566658329,2024-12-26
10,2024-12-17,0.2310773602523732,2024-12-27
10,2024-12-18,-0.012973337411188411,2024-12-28
10,2024-12-19,-0.08555854809840253,2024-12-29
10,2024-12-20,-0.25597672279460615,2024-12-30
10,2024-12-21,-0.34110266491355956,2024-12-31
10,2024-12-22,-0.7212663718939156,2025-01-01
10,2024-12-23,-0.4758618342088294,2025-01-02
10,2024-12-24,-0.6263153885583634,2025-01-03
10,2024-12-25,-0.875721770220685,2025-01-04
10,2024-12-26,0.1738707187904377,2025-01-05
10,2024-12-27,-0.10608924634154022,2025-01-06
10,2024-12-28,-1.3313723410944425,2025-01-07
10,2024-12-29,-2.062383943075813,2025-01-08
10,2024-12-30,-2.4220102056384962,2025-01-09
10,2024-12-31,-1.639533285202844,2025-01-10
10,2025-01-01,-2.218627623583108,2025-01-11
10,2025-01-02,-1.656781362417972,2025-01-12
10,2025-01-03,-1.1856697026551382,2025-01-13
10,2025-01-04,-1.1191025544878523,2025-01-14
10,2025-01-05,-1.1918000485895182,2025-01-15
10,2025-01-06,-1.094745721055837,2025-01-16
10,2025-01-07,-0.08333570960669792,2025-01-17
10,2025-01-08,0.011476976608837222,2025-01-18
10,2025-01-09,0.10054681264904866,2025-01-19
10,2025-01-10,0.22544496996925667,2025-01-20
10,2025-01-11,-0.13839064856962702,2025-01-21
10,2025-01-12,0.8716707127135527,2025-01-22
10,2025-01-13,0.30392430463594305,2025-01-23
10,2025-01-14,0.5599179723149734,2025-01-24
10,2025-01-15,-0.10766979076100283,2025-01-25
10,2025-01-16,1.3368407873571964,2025-01-26
10,2025-01-17,0.18637568345143135,2025-01-27
10,2025-01-18,0.6266036652477752,2025-01-28
10,2025-01-19,1.1195655543928353,2025-01-29
10,2025-01-20,1.2292114342131293,2025-01-30
10,2025-01-21,0.9773101450833277,2025-01-31
10,2025-01-22,0.22354159633170634,2025-02-01
10,2025-01-23,1.2272913424283507,2025-02-02
10,2025-01-24,0.32976027369866007,2025-02-03
10,2025-01-25,0.8147679807070285,2025-02-04
10,2025-01-26,1.2164438948026275,2025-02-05
10,2025-01-27,0.608085783788884,2025-02-06
10,2025-01-28,1.31535115763893,2025-02-07
10,2025-01-29,1.6047730020843585,2025-02-08
10,2025-01-30,1.2200383640432428,2025-02-09
10,2025-01-31,1.5591879383972873,2025-02-10
10,2025-02-01,1.3411614834941217,2025-02-11
10,2025-02-02,0.10598645526803459,2025-02-12
10,2025-02-03,0.15967022516082502,2025-02-13
10,2025-02-04,0.6396820460048167,2025-02-14
10,2025-02-05,0.8923301015241498,2025-02-15
10,2025-02-06,-0.030123177125434202,2025-02-16
10,2025-02-07,0.2880836065028989,2025-02-17
10,2025-02-08,-0.5469350806115983,2025-02-18
10,2025-02-09,0.530861582284235,2025-02-19
10,2025-02-10,0.3873689425095078,2025-02-20
10,2025-02-11,0.2567385536052916,2025-02-21
10,2025-02-12,0.8769980308578221,2025-02-22
10,2025-02-13,1.0452317271479246,2025-02-23
10,2025-02-14,0.9971474741537127,2025-02-24
10,2025-02-15,1.6108748480813124,2025-02-25
10,2025-02-16,1.1426505338151927,2025-02-26
10,2025-02-17,0.8840363094700702,2025-02-27
10,2025-02-18,1.2270454502515138,2025-02-28
10,2025-02-19,1.0811414667037662,2025-03-01
10,2025-02-20,1.0819144971932761,2025-03-02
10,2025-02-21,1.483768728546898,2025-03-03
10,2025-02-22,0.8881242596455008,2025-03-04
10,2025-02-23,0.9556240021459563,2025-03-05
10,2025-02-24,0.42235445738580035,2025-03-06
10,2025-02-25,0.6554672981770077,2025-03-07
10,2025-02-26,0.3286840529678277,2025-03-08
10,2025-02-27,0.40990790545059214,2025-03-09
10,2025-02-28,0.38017959181251976,2025-03-10
10,2025-03-01,0.7382688570638358,2025-03-11
10,2025-03-02,-0.49304017511456083,2025-03-12
10,2025-03-03,-0.34519732158726085,2025-03-13
10,2025-03-04,-0.10839233972798731,2025-03-14
10,2025-03-05,-0.8115743227407684,2025-03-15
10,2025-03-06,0.31641121826449353,2025-03-16
10,2025-03-07,0.30992556697230556,2025-03-17
11,2024-11-08,-0.772382491245979,2024-11-19
11,2024-11-09,-0.65659211758296,2024-11-20
11,2024-11-10,-1.0107860411669205,2024-11-21
11,2024-11-11,-1.4307953385425387,2024-11-22
11,2024-11-12,-1.647691987986447,2024-11-23
11,2024-11-13,-2.01026034136763,2024-11-24
11,2024-11-14,-1.2574422544196704,2024-11-25
11,2024-11-15,-1.260144477491585,2024-11-26
11,2024-11-16,-0.4458472387781699,2024-11-27
11,2024-11-17,-0.07399282634777544,2024-11-28
11,2024-11-18,0.4272293744189253,2024-11-29
11,2024-11-19,-0.3148583156696646,2024-11-30
11,2024-11-20,-1.172226722605962,2024-12-01
11,2024-11-21,-0.8066356494236411,2024-12-02
11,2024-11-22,-0.8625075323158587,2024-12-03
11,2024-11-23,-0.7085165810241052,2024-12-04
11,2024-11-24,0.5388923705519824,2024-12-05
11,2024-11-25,-0.8517104431537472,2024-12-06
11,2024-11-26,-0.32467040320280743,2024-12-07
11,2024-11-27,0.8813698419077003,2024-12-08
11,2024-11-28,0.8835795187942926,2024-12-09
11,2024-11-29,-0.04028891691490017,2024-12-10
11,2024-11-30,-0.5513392788012322,2024-12-11
11,2024-12-01,0.7421344295869701,2024-12-12
11,2024-12-02,0.5346613110717124,2024-12-13
11,2024-12-03,0.6547929612067503,2024-12-14
11,2024-12-04,0.2858188608057207,2024-12-15
11,2024-12-05,0.138250138515239,2024-12-16
11,2024-12-06,-0.22012451075277129,2024-12-17
11,2024-12-07,0.6225109400254084,2024-12-18
11,2024-12-08,1.7991754957124215,2024-12-19
11,2024-12-09,0.5337721113023426,2024-12-20
11,2024-12-10,1.0837382665811506,2024-12-21
11,2024-12-11,0.3010058348405493,2024-12-22
11,2024-12-12,0.739652450123071,2024-12-23
11,2024-12-13,1.1990619911452611,2024-12-24
11,2024-12-14,0.9940071621084311,2024-12-25
11,2024-12-15,1.345148582696679,2024-12-26
11,2024-12-16,0.8953738133075865,2024-12-27
11,2024-12-17,-0.32732392109370834,2024-12-28
11,2024-12-18,-0.18121540464960023,2024-12-29
11,2024-12-19,-0.30081950376853017,2024-12-30
11,2024-12-20,-0.14792329075034016,2024-12-31
11,2024-12-21,-0.583406240394365,2025-01-01
11,2024-12-22,-0.8542842069145962,2025-01-02
11,2024-12-23,-0.27018936084850637,2025-01-03
11,2024-12-24,-0.795959552530482,2025-01-04
11,2024-12-25,-0.9835691696463631,2025-01-05
11,2024-12-26,0.79528008712456,2025-01-06
11,2024-12-27,-0.10534700041872455,2025-01-07
11,2024-12-28,-1.379380759064706,2025-01-08
11,2024-12-29,-1.9884546238556673,2025-01-09
11,2024-12-30,-2.423563956312352,2025-01-10
11,2024-12-31,-1.6400448542259534,2025-01-11
11,2025-01-01,-2.0970787095711705,2025-01-12
11,2025-01-02,-1.15746204277045,2025-01-13
11,2025-01-03,-1.4645384124364644,2025-01-14
11,2025-01-04,-1.1982043394122954,2025-01-15
11,2025-01-05,-1.5536027928766072,2025-01-16
11,2025-01-06,-1.2761676814036362,2025-01-17
11,2025-01-07,0.18051188403704818,2025-01-18
11,2025-01-08,-0.2001653127099273,2025-01-19
11,2025-01-09,-0.2801105355152357,2025-01-20
11,2025-01-10,0.134714999827623,2025-01-21
11,2025-01-11,0.4390258646531796,2025-01-22
11,2025-01-12,1.3539309955291081,2025-01-23
11,2025-01-13,0.13890003003664034,2025-01-24
11,2025-01-14,0.5703692923933085,2025-01-25
11,2025-01-15,-0.15163292097345826,2025-01-26
11,2025-01-16,1.768081693062759,2025-01-27
11,2025-01-17,0.31705113500587356,2025-01-28
11,2025-01-18,0.9533070217154377,2025-01-29
11,2025-01-19,1.063782145253801,2025-01-30
11,2025-01-20,0.6368493662134069,2025-01-31
11,2025-01-21,1.2750518019540327,2025-02-01
11,2025-01-22,0.3548029350120566,2025-02-02
11,2025-01-23,1.388700976420791,2025-02-03
11,2025-01-24,-0.06652431677341425,2025-02-04
11,2025-01-25,0.44801591383613376,2025-02-05
11,2025-01-26,0.7806644099405533,2025-02-06
11,2025-01-27,0.4550300657012755,2025-02-07
11,2025-01-28,1.3148838190923486,2025-02-08
11,2025-01-29,1.4972901667965322,2025-02-09
11,2025-01-30,1.1759218928248454,2025-02-10
11,2025-01-31,1.3434354662037327,2025-02-11
11,2025-02-01,1.253061947146361,2025-02-12
11,2025-02-02,-0.18903705756255654,2025-02-13
11,2025-02-03,0.23361061153578772,2025-02-14
11,2025-02-04,0.7356012482392983,2025-02-15
11,2025-02-05,0.6847706601796731,2025-02-16
11,2025-02-06,0.258878434246447,2025-02-17
11,2025-02-07,0.021417213661419795,2025-02-18
11,2025-02-08,-0.6540267368355971,2025-02-19
11,2025-02-09,0.5051299316396675,2025-02-20
11,2025-02-10,0.2968544264664395,2025-02-21
11,2025-02-11,0.35044695036050677,2025-02-22
11,2025-02-12,1.0076685105841514,2025-02-23
11,2025-02-13,1.2667598733755254,2025-02-24
11,2025-02-14,1.3073891594901548,2025-02-25
11,2025-02-15,1.3489934854817935,2025-02-26
11,2025-02-16,1.3346480629861182,2025-02-27
11,2025-02-17,0.707393368879031,2025-02-28
11,2025-02-18,1.2273096311120495,2025-03-01
11,2025-02-19,0.7199701744890136,2025-03-02
11,2025-02-20,0.7096660512565145,2025-03-03
11,2025-02-21,1.2244961164622497,2025-03-04
11,2025-02-22,0.8797341658134676,2025-03-05
11,2025-02-23,0.9506948002886244,2025-03-06
11,2025-02-24,0.4492609504815772,2025-03-07
11,2025-02-25,0.5885433295832903,2025-03-08
11,2025-02-26,0.23739655776078825,2025-03-09
11,2025-02-27,0.45833691058012355,2025-03-10
11,2025-02-28,0.4262137538009469,2025-03-11
11,2025-03-01,1.209263990662299,2025-03-12
11,2025-03-02,-0.6296922599518827,2025-03-13
11,2025-03-03,-0.41845878203060294,2025-03-14
11,2025-03-04,-0.2692704136879513,2025-03-15
11,2025-03-05,-0.6690136239912855,2025-03-16
11,2025-03-06,0.24637866185135943,2025-03-17
11,2025-03-07,0.6661231088905473,2025-03-18
12,2024-11-08,-0.8632427152579769,2024-11-20
12,2024-11-09,-0.6816998499895013,2024-11-21
12,2024-11-10,-1.0111407373336714,2024-11-22
12,2024-11-11,-1.2491398185916904,2024-11-23
12,2024-11-12,-1.1531585110289344,2024-11-24
12,2024-11-13,-1.7547765657140457,2024-11-25
12,2024-11-14,-0.6032529613290452,2024-11-26
12,2024-11-15,-1.4868990033074272,2024-11-27
12,2024-11-16,-0.0026358235505823764,2024-11-28
12,2024-11-17,-0.17403079666457166,2024-11-29
12,2024-11-18,0.5884714428285215,2024-11-30
12,2024-11-19,-1.011731882825556,2024-12-01
12,2024-11-20,-0.9033297304214651,2024-12-02
12,2024-11-21,-0.8631423997453371,2024-12-03
12,2024-11-22,-0.9047225351849774,2024-12-04
12,2024-11-23,-0.9624679934040065,2024-12-05
12,2024-11-24,0.56294300771958,2024-12-06
12,2024-11-25,-0.7527726280533162,2024-12-07
12,2024-11-26,-0.37322559646019876,2024-12-08
12,2024-11-27,1.221411195882897,2024-12-09
12,2024-11-28,1.622670312185906,2024-12-10
12,2024-11-29,0.4738040073195436,2024-12-11
12,2024-11-30,0.1431510274853412,2024-12-12
12,2024-12-01,1.355360318954176,2024-12-13
12,2024-12-02,1.0822027749710479,2024-12-14
12,2024-12-03,0.9399736653858292,2024-12-15
12,2024-12-04,0.5792868021039651,2024-12-16
12,2024-12-05,0.1974843672646079,2024-12-17
12,2024-12-06,-0.3502932012398742,2024-12-18
12,2024-12-07,0.9558918505471208,2024-12-19
12,2024-12-08,1.642921378270331,2024-12-20
12,2024-12-09,0.6403258852139073,2024-12-21
12,2024-12-10,1.176275635045452,2024-12-22
12,2024-12-11,-0.1134136960418213,2024-12-23
12,2024-12-12,0.8409926806200139,2024-12-24
12,2024-12-13,0.9032987700813544,2024-12-25
12,2024-12-14,0.9264315797559673,2024-12-26
12,2024-12-15,1.0678885082333258,2024-12-27
12,2024-12-16,0.7521088863735291,2024-12-28
12,2024-12-17,-0.786355854639989,2024-12-29
12,2024-12-18,-0.10467603102932134,2024-12-30
12,2024-12-19,-0.28080620618601426,2024-12-31
12,2024-12-20,0.28727827574239173,2025-01-01
12,2024-12-21,-0.31409848594458384,2025-01-02
12,2024-12-22,-0.7277086499315474,2025-01-03
12,2024-12-23,-0.25849156603266293,2025-01-04
12,2024-12-24,-1.224137696345156,2025-01-05
12,2024-12-25,-0.8118527636077547,2025-01-06
12,2024-12-26,0.6347949129078249,2025-01-07
12,2024-12-27,0.1131117725740529,2025-01-08
12,2024-12-28,-1.43992207043677,2025-01-09
12,2024-12-29,-2.021162966066649,2025-01-10
12,2024-12-30,-2.2505361496725893,2025-01-11
12,2024-12-31,-1.459125736264956,2025-01-12
12,2025-01-01,-1.8799187648920896,2025-01-13
12,2025-01-02,-0.7755423811319747,2025-01-14
12,2025-01-03,-2.0427456914858824,2025-01-15
12,2025-01-04,-1.462768291481049,2025-01-16
12,2025-01-05,-2.02658493593114,2025-01-17
12,2025-01-06,-1.1075439966571423,2025-01-18
12,2025-01-07,0.5514504378670168,2025-01-19
12,2025-01-08,-0.2798820378241365,2025-01-20
12,2025-01-09,-0.46807330684395476,2025-01-21
12,2025-01-10,0.5179161560140235,2025-01-22
12,2025-01-11,1.1700174605667544,2025-01-23
12,2025-01-12,1.2429388025558348,2025-01-24
12,2025-01-13,0.14871861175031917,2025-01-25
12,2025-01-14,0.36697012406947943,2025-01-26
12,2025-01-15,-0.11318072608777041,2025-01-27
12,2025-01-16,1.4028474205444326,2025-01-28
12,2025-01-17,0.16470830152627083,2025-01-29
12,2025-01-18,0.9114779726828413,2025-01-30
12,2025-01-19,0.9581262409329887,2025-01-31
12,2025-01-20,0.4724205814905234,2025-02-01
12,2025-01-21,1.5474325794500916,2025-02-02
12,2025-01-22,0.813682684642531,2025-02-03
12,2025-01-23,1.2703960327264794,2025-02-04
12,2025-01-24,0.016155643118472805,2025-02-05
12,2025-01-25,-0.2966410133687371,2025-02-06
12,2025-01-26,0.48224668657720754,2025-02-07
12,2025-01-27,0.4490160519574652,2025-02-08
12,2025-01-28,1.3499957300502303,2025-02-09
12,2025-01-29,1.4158381648214442,2025-02-10
12,2025-01-30,1.4645618667915319,2025-02-11
12,2025-01-31,0.8648996963466404,2025-02-12
12,2025-02-01,1.1835664263419887,2025-02-13
12,2025-02-02,-0.09653355942887343,2025-02-14
12,2025-02-03,0.32315625672857895,2025-02-15
12,2025-02-04,0.8719081340127891,2025-02-16
12,2025-02-05,0.4900117619540843,2025-02-17
12,2025-02-06,0.5207339916042818,2025-02-18
12,2025-02-07,0.13194568684272193,2025-02-19
12,2025-02-08,-0.7619142921602033,2025-02-20
12,2025-02-09,0.42068023251840475,2025-02-21
12,2025-02-10,0.4817493539654497,2025-02-22
12,2025-02-11,0.6203821467482736,2025-02-23
12,2025-02-12,1.2634899523494565,2025-02-24
12,2025-02-13,1.3345987023420578,2025-02-25
12,2025-02-14,1.1567008007609467,2025-02-26
12,2025-02-15,1.1867607906218551,2025-02-27
12,2025-02-16,1.3354045758128137,2025-02-28
12,2025-02-17,0.6047455651429119,2025-03-01
12,2025-02-18,0.8200562571081425,2025-03-02
12,2025-02-19,0.5871257760954105,2025-03-03
12,2025-02-20,0.31564367017661804,2025-03-04
12,2025-02-21,1.0534626138952967,2025-03-05
12,2025-02-22,0.9214379884690451,2025-03-06
12,2025-02-23,0.9177513525035697,2025-03-07
12,2025-02-24,0.4013960631524056,2025-03-08
12,2025-02-25,0.5147696675353404,2025-03-09
12,2025-02-26,0.103020986116796,2025-03-10
12,2025-02-27,0.3989945650359829,2025-03-11
12,2025-02-28,0.49193925528137283,2025-03-12
12,2025-03-01,1.4653665512091516,2025-03-13
12,2025-03-02,-0.6299079473358171,2025-03-14
12,2025-03-03,-0.4597714619803783,2025-03-15
12,2025-03-04,-0.1702553017444294,2025-03-16
12,2025-03-05,-0.26399089295644657,2025-03-17
12,2025-03-06,0.09799088699527758,2025-03-18
12,2025-03-07,0.5301789162569811,2025-03-19
13,2024-11-08,-0.9898079784530119,2024-11-21
13,2024-11-09,-0.9373164176196404,2024-11-22
13,2024-11-10,-0.6140221448138536,2024-11-23
13,2024-11-11,-0.9563207699067803,2024-11-24
13,2024-11-12,-0.309609142811012,2024-11-25
13,2024-11-13,-1.0610510930737616,2024-11-26
13,2024-11-14,-0.2541032998500097,2024-11-27
13,2024-11-15,-1.9230347405478254,2024-11-28
13,2024-11-16,-0.15700631361442474,2024-11-29
13,2024-11-17,-0.2840469131123169,2024-11-30
13,2024-11-18,-0.4880254277018881,2024-12-01
13,2024-11-19,-1.0905147572471408,2024-12-02
13,2024-11-20,-0.8942232583908014,2024-12-03
13,2024-11-21,-0.747826449371251,2024-12-04
13,2024-11-22,-0.35267098920157236,2024-12-05
13,2024-11-23,-1.3696423820949624,2024-12-06
13,2024-11-24,0.3911688616885114,2024-12-07
13,2024-11-25,-0.9301785641669291,2024-12-08
13,2024-11-26,-0.5035643570861482,2024-12-09
13,2024-11-27,1.146332461889754,2024-12-10
13,2024-11-28,2.239436961418722,2024-12-11
13,2024-11-29,0.8006022844546542,2024-12-12
13,2024-11-30,0.5200927906732569,2024-12-13
13,2024-12-01,1.766184875319792,2024-12-14
13,2024-12-02,1.1767386462326868,2024-12-15
13,2024-12-03,0.5294596130394679,2024-12-16
13,2024-12-04,0.7656688321149238,2024-12-17
13,2024-12-05,0.24549145151853877,2024-12-18
13,2024-12-06,-0.3397243685486242,2024-12-19
13,2024-12-07,1.4704669612302328,2024-12-20
13,2024-12-08,1.4415070664714162,2024-12-21
13,2024-12-09,0.4743242657709425,2024-12-22
13,2024-12-10,1.0668596641300254,2024-12-23
13,2024-12-11,-0.6062372516849932,2024-12-24
13,2024-12-12,1.111473851213954,2024-12-25
13,2024-12-13,1.067252021563246,2024-12-26
13,2024-12-14,0.874924726642182,2024-12-27
13,2024-12-15,1.080178897281219,2024-12-28
13,2024-12-16,0.8219796716188298,2024-12-29
13,2024-12-17,-1.1455726902344583,2024-12-30
13,2024-12-18,-0.08574701028794765,2024-12-31
13,2024-12-19,-0.6756834362284185,2025-01-01
13,2024-12-20,0.5198492565791383,2025-01-02
13,2024-12-21,-0.262978975104367,2025-01-03
13,2024-12-22,-0.5982163926597526,2025-01-04
13,2024-12-23,-0.42724011324720557,2025-01-05
13,2024-12-24,-1.4259001874424715,2025-01-06
13,2024-12-25,-0.8066594881240553,2025-01-07
13,2024-12-26,0.1644175582875622,2025-01-08
13,2024-12-27,0.2994526915657613,2025-01-09
13,2024-12-28,-1.300137908248968,2025-01-10
13,2024-12-29,-1.8754412321318057,2025-01-11
13,2024-12-30,-2.193604846097965,2025-01-12
13,2024-12-31,-1.3505323745522648,2025-01-13
13,2025-01-01,-1.6929675351368703,2025-01-14
13,2025-01-02,-0.232003740413082,2025-01-15
13,2025-01-03,-2.5708073654913868,2025-01-16
13,2025-01-04,-1.7755648366778605,2025-01-17
13,2025-01-05,-1.9354174788575453,2025-01-18
13,2025-01-06,-0.9469517785846401,2025-01-19
13,2025-01-07,0.9334848581803573,2025-01-20
13,2025-01-08,-0.260086143322595,2025-01-21
13,2025-01-09,-0.20828994382377086,2025-01-22
13,2025-01-10,0.9626776391787388,2025-01-23
13,2025-01-11,1.2768361152958965,2025-01-24
13,2025-01-12,0.8183065130637716,2025-01-25
13,2025-01-13,0.12727987177758107,2025-01-26
13,2025-01-14,0.260048916667065,2025-01-27
13,2025-01-15,-0.1665066782276861,2025-01-28
13,2025-01-16,1.062052105472683,2025-01-29
13,2025-01-17,0.2093661717742381,2025-01-30
13,2025-01-18,0.5728468781672076,2025-01-31
13,2025-01-19,1.0290418649110045,2025-02-01
13,2025-01-20,0.4982342921481442,2025-02-02
13,2025-01-21,1.410858840456441,2025-02-03
13,2025-01-22,1.1827914388244283,2025-02-04
13,2025-01-23,1.0396421336703079,2025-02-05
13,2025-01-24,0.06661864024555784,2025-02-06
13,2025-01-25,-0.46333228954100897,2025-02-07
13,2025-01-26,0.3782443931580002,2025-02-08
13,2025-01-27,0.8770080786696639,2025-02-09
13,2025-01-28,1.566179106609558,2025-02-10
13,2025-01-29,1.201943222900731,2025-02-11
13,2025-01-30,1.5602148984714244,2025-02-12
13,2025-01-31,0.9855941320711814,2025-02-13
13,2025-02-01,0.8513628067463967,2025-02-14
13,2025-02-02,0.06306451614453273,2025-02-15
13,2025-02-03,0.4233654059028973,2025-02-16
13,2025-02-04,0.7757772416756193,2025-02-17
13,2025-02-05,0.11646593527632011,2025-02-18
13,2025-02-06,0.7964701042066978,2025-02-19
13,2025-02-07,0.13014222709356169,2025-02-20
13,2025-02-08,-0.7872199828384125,2025-02-21
13,2025-02-09,0.3798901922257281,2025-02-22
13,2025-02-10,0.5649131356242985,2025-02-23
13,2025-02-11,0.8864232619731206,2025-02-24
13,2025-02-12,1.2788766599117172,2025-02-25
13,2025-02-13,1.2956694601286836,2025-02-26
13,2025-02-14,1.0968558219104625,2025-02-27
13,2025-02-15,1.40127997049698,2025-02-28
13,2025-02-16,1.2840537333427244,2025-03-01
13,2025-02-17,0.33129900328239736,2025-03-02
13,2025-02-18,0.8579611658010796,2025-03-03
13,2025-02-19,0.2927335779409556,2025-03-04
13,2025-02-20,0.4354974246598977,2025-03-05
13,2025-02-21,0.9340614983881105,2025-03-06
13,2025-02-22,0.3926057395168202,2025-03-07
13,2025-02-23,0.7146126437829856,2025-03-08
13,2025-02-24,0.5155021537567178,2025-03-09
13,2025-02-25,0.40961449519591775,2025-03-10
13,2025-02-26,0.26450034957085605,2025-03-11
13,2025-02-27,0.5843750620830499,2025-03-12
13,2025-02-28,0.5992309208109374,2025-03-13
13,2025-03-01,1.3576452694990555,2025-03-14
13,2025-03-02,-0.5585205827427785,2025-03-15
13,2025-03-03,-0.4843221799268954,2025-03-16
13,2025-03-04,0.06956359076632186,2025-03-17
13,2025-03-05,0.0388350758446191,2025-03-18
13,2025-03-06,0.1031644078784858,2025-03-19
13,2025-03-07,0.08132481609036855,2025-03-20
14,2024-11-08,-1.0407293546278868,2024-11-22
14,2024-11-09,-0.6163127183797569,2024-11-23
14,2024-11-10,-0.309655783367601,2024-11-24
14,2024-11-11,-0.8850102699968413,2024-11-25
14,2024-11-12,0.17643690819035737,2024-11-26
14,2024-11-13,-0.7288772059633035,2024-11-27
14,2024-11-14,0.21458679257088611,2024-11-28
14,2024-11-15,-1.9147070344074155,2024-11-29
14,2024-11-16,-0.1405666347467584,2024-11-30
14,2024-11-17,-0.3467474048856998,2024-12-01
14,2024-11-18,-0.7362887521054103,2024-12-02
14,2024-11-19,-1.1680106078888957,2024-12-03
14,2024-11-20,-0.8063963718858057,2024-12-04
14,2024-11-21,-0.36614083727086993,2024-12-05
14,2024-11-22,0.09408139671151787,2024-12-06
14,2024-11-23,-1.5889890707089682,2024-12-07
14,2024-11-24,-0.645418298769491,2024-12-08
14,2024-11-25,-1.0091166563955445,2024-12-09
14,2024-11-26,-0.4297735938457691,2024-12-10
14,2024-11-27,1.135884049462012,2024-12-11
14,2024-11-28,2.2260853897922925,2024-12-12
14,2024-11-29,1.0629752655285236,2024-12-13
14,2024-11-30,0.5081995024768372,2024-12-14
14,2024-12-01,1.6225909723492857,2024-12-15
14,2024-12-02,0.4863569406524529,2024-12-16
14,2024-12-03,0.4892982652351145,2024-12-17
14,2024-12-04,1.1970254298440635,2024-12-18
14,2024-12-05,0.3741150117982414,2024-12-19
14,2024-12-06,0.04384344273961603,2024-12-20
14,2024-12-07,1.4381952341858566,2024-12-21
14,2024-12-08,1.4837958412347958,2024-12-22
14,2024-12-09,-0.02375707697276978,2024-12-23
14,2024-12-10,1.2328519354596517,2024-12-24
14,2024-12-11,-1.0049695417286635,2024-12-25
14,2024-12-12,1.4799210289849767,2024-12-26
14,2024-12-13,0.9730597875095616,2024-12-27
14,2024-12-14,0.625050893766709,2024-12-28
14,2024-12-15,0.8113768157177352,2024-12-29
14,2024-12-16,0.9164491298230923,2024-12-30
14,2024-12-17,-1.442348760006541,2024-12-31
14,2024-12-18,-0.3505465046703439,2025-01-01
14,2024-12-19,-0.9733162462238594,2025-01-02
14,2024-12-20,0.6798288172843574,2025-01-03
14,2024-12-21,-0.11292987594381097,2025-01-04
14,2024-12-22,-0.5478886726228032,2025-01-05
14,2024-12-23,-0.4932662545797557,2025-01-06
14,2024-12-24,-1.467379017917286,2025-01-07
14,2024-12-25,-1.032287840901354,2025-01-08
14,2024-12-26,-0.27524620409685185,2025-01-09
14,2024-12-27,0.5255211289726088,2025-01-10
14,2024-12-28,-0.8272222015797086,2025-01-11
14,2024-12-29,-1.7256514608725555,2025-01-12
14,2024-12-30,-2.168140199251675,2025-01-13
14,2024-12-31,-1.3895841576647088,2025-01-14
14,2025-01-01,-1.5506094907705235,2025-01-15
14,2025-01-02,-0.08027676475515241,2025-01-16
14,2025-01-03,-2.4433413372512516,2025-01-17
14,2025-01-04,-1.4549282704620394,2025-01-18
14,2025-01-05,-1.5957060714060791,2025-01-19
14,2025-01-06,-0.6872637221227694,2025-01-20
14,2025-01-07,0.9024422945098789,2025-01-21
14,2025-01-08,0.17136094913765232,2025-01-22
14,2025-01-09,-0.32243402501618207,2025-01-23
14,2025-01-10,1.1484521398320147,2025-01-24
14,2025-01-11,1.4888816399109428,2025-01-25
14,2025-01-12,1.0029563408300406,2025-01-26
14,2025-01-13,0.10876383950952001,2025-01-27
14,2025-01-14,0.16029026628020293,2025-01-28
14,2025-01-15,0.039543523440394766,2025-01-29
14,2025-01-16,0.4354394744430456,2025-01-30
14,2025-01-17,0.10568937854065913,2025-01-31
14,2025-01-18,0.35054222934448975,2025-02-01
14,2025-01-19,1.3824714929873863,2025-02-02
14,2025-01-20,0.3110790455349459,2025-02-03
14,2025-01-21,1.1186172316228775,2025-02-04
14,2025-01-22,1.1592905957289048,2025-02-05
14,2025-01-23,0.7683478285477936,2025-02-06
14,2025-01-24,0.26119117997189684,2025-02-07
14,2025-01-25,-0.46507597702958176,2025-02-08
14,2025-01-26,0.4714750859344655,2025-02-09
14,2025-01-27,1.401482871286616,2025-02-10
14,2025-01-28,1.4949484525213312,2025-02-11
14,2025-01-29,0.8125783171572867,2025-02-12
14,2025-01-30,1.6523654305623179,2025-02-13
14,2025-01-31,1.374567679248484,2025-02-14
14,2025-02-01,0.7603902268722884,2025-02-15
14,2025-02-02,-0.034652007494644164,2025-02-16
14,2025-02-03,0.27616708104430315,2025-02-17
14,2025-02-04,0.5946450544708407,2025-02-18
14,2025-02-05,0.05359975936701623,2025-02-19
14,2025-02-06,0.861010177303933,2025-02-20
14,2025-02-07,-0.1178438295146008,2025-02-21
14,2025-02-08,-0.8071627005050587,2025-02-22
14,2025-02-09,0.2266331651951563,2025-02-23
14,2025-02-10,0.6404008969578695,2025-02-24
14,2025-02-11,0.8925208477883839,2025-02-25
14,2025-02-12,1.4195041191325308,2025-02-26
14,2025-02-13,1.4907116559829983,2025-02-27
14,2025-02-14,0.9767453424669709,2025-02-28
14,2025-02-15,1.506357637262639,2025-03-01
14,2025-02-16,0.712001504869796,2025-03-02
14,2025-02-17,0.34221385662674253,2025-03-03
14,2025-02-18,0.6244779301970872,2025-03-04
14,2025-02-19,-0.08423819781456424,2025-03-05
14,2025-02-20,0.7504266862424607,2025-03-06
14,2025-02-21,0.8909264600659751,2025-03-07
14,2025-02-22,-0.008372890788521057,2025-03-08
14,2025-02-23,0.794596792337036,2025-03-09
14,2025-02-24,0.5383017828197141,2025-03-10
14,2025-02-25,0.1440973649986029,2025-03-11
14,2025-02-26,0.6001792963047966,2025-03-12
14,2025-02-27,0.8623979138637398,2025-03-13
14,2025-02-28,0.4455699503086131,2025-03-14
14,2025-03-01,0.8186200962602281,2025-03-15
14,2025-03-02,-0.5140823991991503,2025-03-16
14,2025-03-03,-0.558160568661202,2025-03-17
14,2025-03-04,0.28048528266295836,2025-03-18
14,2025-03-05,0.38893512219408005,2025-03-19
14,2025-03-06,0.1656219092839563,2025-03-20
14,2025-03-07,0.07794905608931543,2025-03-21
15,2024-11-08,-0.6974230524730675,2024-11-23
15,2024-11-09,0.21318660565388484,2024-11-24
15,2024-11-10,-0.22108984425145556,2024-11-25
15,2024-11-11,-0.4245970998475639,2024-11-26
15,2024-11-12,0.4312022424088294,2024-11-27
15,2024-11-13,-0.7424045810932972,2024-11-28
15,2024-11-14,0.5118358052525182,2024-11-29
15,2024-11-15,-1.6145175463292143,2024-11-30
15,2024-11-16,0.368155966609518,2024-12-01
15,2024-11-17,-0.4339419635101865,2024-12-02
15,2024-11-18,-1.1717374151647664,2024-12-03
15,2024-11-19,-0.7637633734071889,2024-12-04
15,2024-11-20,-0.4568511303340208,2024-12-05
15,2024-11-21,0.005316598681435813,2024-12-06
15,2024-11-22,0.18123986936559724,2024-12-07
15,2024-11-23,-1.5579157270019195,2024-12-08
15,2024-11-24,-1.7127337782390386,2024-12-09
15,2024-11-25,-0.778834848508909,2024-12-10
15,2024-11-26,-0.42764045785225246,2024-12-11
15,2024-11-27,1.2660051339219496,2024-12-12
15,2024-11-28,1.4056984060373443,2024-12-13
15,2024-11-29,1.5242324295602325,2024-12-14
15,2024-11-30,0.5745137183983254,2024-12-15
15,2024-12-01,1.6121105548471555,2024-12-16
15,2024-12-02,0.29288291336991407,2024-12-17
15,2024-12-03,0.770922721636741,2024-12-18
15,2024-12-04,1.229299964686804,2024-12-19
15,2024-12-05,0.14897038829276366,2024-12-20
15,2024-12-06,0.2132090591471025,2024-12-21
15,2024-12-07,1.4202738244674094,2024-12-22
15,2024-12-08,1.4807952106008473,2024-12-23
15,2024-12-09,-0.2859822414203823,2024-12-24
15,2024-12-10,0.9650696946189021,2024-12-25
15,2024-12-11,-1.2126135827675197,2024-12-26
15,2024-12-12,1.5442203484157024,2024-12-27
15,2024-12-13,0.6885258961220344,2024-12-28
15,2024-12-14,0.2752642317188829,2024-12-29
15,2024-12-15,0.8239943011839153,2024-12-30
15,2024-12-16,0.9019525362811052,2024-12-31
15,2024-12-17,-1.6491900140642268,2025-01-01
15,2024-12-18,-0.29601405660917945,2025-01-02
15,2024-12-19,-0.9243603174194831,2025-01-03
15,2024-12-20,0.7845940486266503,2025-01-04
15,2024-12-21,-0.26611169972774334,2025-01-05
15,2024-12-22,-0.6260879044171785,2025-01-06
15,2024-12-23,-0.5456966956156163,2025-01-07
15,2024-12-24,-1.462610416328072,2025-01-08
15,2024-12-25,-0.5073167612885346,2025-01-09
15,2024-12-26,-0.6841404862516653,2025-01-10
15,2024-12-27,0.3803923200117203,2025-01-11
15,2024-12-28,-0.3633361045070145,2025-01-12
15,2024-12-29,-1.5870038925776204,2025-01-13
15,2024-12-30,-2.1164624261546243,2025-01-14
15,2024-12-31,-1.3215772891906157,2025-01-15
15,2025-01-01,-1.550302463502074,2025-01-16
15,2025-01-02,-0.3090113173386636,2025-01-17
15,2025-01-03,-2.0448115636098882,2025-01-18
15,2025-01-04,-1.5192629708027476,2025-01-19
15,2025-01-05,-1.177709561986813,2025-01-20
15,2025-01-06,-0.4433327905293624,2025-01-21
15,2025-01-07,0.85559101057903,2025-01-22
15,2025-01-08,0.6792602103694563,2025-01-23
15,2025-01-09,-0.4494322401913002,2025-01-24
15,2025-01-10,0.9603731213042614,2025-01-25
15,2025-01-11,1.4553536787013064,2025-01-26
15,2025-01-12,1.2008214562199413,2025-01-27
15,2025-01-13,0.3521301226654164,2025-01-28
15,2025-01-14,0.387896318972378,2025-01-29
15,2025-01-15,0.4233941751557442,2025-01-30
15,2025-01-16,0.15283879481379592,2025-01-31
15,2025-01-17,0.1849071437042053,2025-02-01
15,2025-01-18,0.3520811284519986,2025-02-02
15,2025-01-19,1.2979328193493034,2025-02-03
15,2025-01-20,0.0466097332282488,2025-02-04
15,2025-01-21,1.1307379158186248,2025-02-05
15,2025-01-22,0.7833824030006308,2025-02-06
15,2025-01-23,0.8208096923251765,2025-02-07
15,2025-01-24,0.02932369074624824,2025-02-08
15,2025-01-25,-0.7815558184043659,2025-02-09
15,2025-01-26,0.3833695582455418,2025-02-10
15,2025-01-27,1.282929444829998,2025-02-11
15,2025-01-28,1.2199391479178685,2025-02-12
15,2025-01-29,0.09168853573428716,2025-02-13
15,2025-01-30,1.4132881802855812,2025-02-14
15,2025-01-31,1.4790976788887673,2025-02-15
15,2025-02-01,0.805340915458714,2025-02-16
15,2025-02-02,-0.3110849085517325,2025-02-17
15,2025-02-03,-0.2730355116162597,2025-02-18
15,2025-02-04,0.6617465607814176,2025-02-19
15,2025-02-05,0.40485595611893066,2025-02-20
15,2025-02-06,0.5903141869605155,2025-02-21
15,2025-02-07,-0.37750267367128504,2025-02-22
15,2025-02-08,-0.8258984799258978,2025-02-23
15,2025-02-09,-0.10380673954288114,2025-02-24
15,2025-02-10,0.5053842104051061,2025-02-25
15,2025-02-11,0.5892966974608156,2025-02-26
15,2025-02-12,1.344838381049332,2025-02-27
15,2025-02-13,1.618684551471144,2025-02-28
15,2025-02-14,0.8684065959865073,2025-03-01
15,2025-02-15,1.210433621417974,2025-03-02
15,2025-02-16,0.9214583394813404,2025-03-03
15,2025-02-17,0.35167979110154657,2025-03-04
15,2025-02-18,0.4403106162145533,2025-03-05
15,2025-02-19,-0.4368229381212615,2025-03-06
15,2025-02-20,0.7762305438320048,2025-03-07
15,2025-02-21,0.6971594172086144,2025-03-08
15,2025-02-22,-0.0719869971755087,2025-03-09
15,2025-02-23,1.1334634481610015,2025-03-10
15,2025-02-24,0.6438856432392002,2025-03-11
15,2025-02-25,0.02423586132313443,2025-03-12
15,2025-02-26,0.35139389350459993,2025-03-13
15,2025-02-27,0.8459207047370002,2025-03-14
15,2025-02-28,0.24396297481610899,2025-03-15
15,2025-03-01,0.47394478493080056,2025-03-16
15,2025-03-02,-0.4420031096680252,2025-03-17
15,2025-03-03,-0.6158370761314704,2025-03-18
15,2025-03-04,0.6555497594644791,2025-03-19
15,2025-03-05,0.7023473659403632,2025-03-20
15,2025-03-06,0.19791809974419677,2025-03-21
15,2025-03-07,0.2350986566006655,2025-03-22
