lead,time,pna_index,valid_time
0,2024-11-08,1.2757768442987028,2024-11-08
0,2024-11-09,1.0120269479062778,2024-11-09
0,2024-11-10,0.5748471521720522,2024-11-10
0,2024-11-11,0.21250157810038905,2024-11-11
0,2024-11-12,0.15227057089570453,2024-11-12
0,2024-11-13,-0.04609130598109394,2024-11-13
0,2024-11-14,-0.26821253406408646,2024-11-14
0,2024-11-15,-0.23841338173883436,2024-11-15
0,2024-11-16,-0.3010252613552257,2024-11-16
0,2024-11-17,-0.6229756949443194,2024-11-17
0,2024-11-18,-1.1116836688755691,2024-11-18
0,2024-11-19,-1.2056911186103993,2024-11-19
0,2024-11-20,-1.0025534163343581,2024-11-20
0,2024-11-21,-0.5443101576386895,2024-11-21
0,2024-11-22,-0.25106985010412297,2024-11-22
0,2024-11-23,-0.27606178012720983,2024-11-23
0,2024-11-24,-0.4303733466664756,2024-11-24
0,2024-11-25,-0.49145003901718187,2024-11-25
0,2024-11-26,-0.682526584738772,2024-11-26
0,2024-11-27,-0.7384420936614334,2024-11-27
0,2024-11-28,-0.5502258100694788,2024-11-28
0,2024-11-29,-0.259896105855423,2024-11-29
0,2024-11-30,0.07186857374948655,2024-11-30
0,2024-12-01,0.7265660100062014,2024-12-01
0,2024-12-02,1.1223152416257163,2024-12-02
0,2024-12-03,1.1980547993821065,2024-12-03
0,2024-12-04,1.0936580467375319,2024-12-04
0,2024-12-05,1.0288749575986167,2024-12-05
0,2024-12-06,1.0964879918146955,2024-12-06
0,2024-12-07,0.9275047778734398,2024-12-07
0,2024-12-08,0.7957577040826137,2024-12-08
0,2024-12-09,0.8977356089322602,2024-12-09
0,2024-12-10,0.9694673287053347,2024-12-10
0,2024-12-11,1.067789832095464,2024-12-11
0,2024-12-12,0.7694031385860595,2024-12-12
0,2024-12-13,0.5050184505889597,2024-12-13
0,2024-12-14,0.6895001663995622,2024-12-14
0,2024-12-15,0.812073528295837,2024-12-15
0,2024-12-16,0.8946128151584594,2024-12-16
0,2024-12-17,0.939485973608873,2024-12-17
0,2024-12-18,1.0014724787313958,2024-12-18
0,2024-12-19,1.0910106406742404,2024-12-19
0,2024-12-20,1.1501893237401979,2024-12-20
0,2024-12-21,1.3304625399991623,2024-12-21
0,2024-12-22,1.2164845215622406,2024-12-22
0,2024-12-23,1.2099267827699487,2024-12-23
0,2024-12-24,1.291711364591624,2024-12-24
0,2024-12-25,1.2069857393259018,2024-12-25
0,2024-12-26,0.9757860412335585,2024-12-26
0,2024-12-27,0.7185673131602355,2024-12-27
0,2024-12-28,0.4799782213905962,2024-12-28
0,2024-12-29,0.2890052858012118,2024-12-29
0,2024-12-30,0.253777106089805,2024-12-30
0,2024-12-31,0.4600862660808158,2024-12-31
0,2025-01-01,0.22759110076775999,2025-01-01
0,2025-01-02,0.047410161131687334,2025-01-02
0,2025-01-03,0.3364463861174501,2025-01-03
0,2025-01-04,0.6194664503143269,2025-01-04
0,2025-01-05,0.8544930544740357,2025-01-05
0,2025-01-06,1.004242424761187,2025-01-06
0,2025-01-07,1.181133912382011,2025-01-07
0,2025-01-08,1.058979546835584,2025-01-08
0,2025-01-09,1.2960424508548818,2025-01-09
0,2025-01-10,1.2397180152215297,2025-01-10
0,2025-01-11,0.9598253126480863,2025-01-11
0,2025-01-12,1.0399145977573896,2025-01-12
0,2025-01-13,0.9814897817695223,2025-01-13
0,2025-01-14,0.7845392104585059,2025-01-14
0,2025-01-15,0.8444863646691255,2025-01-15
0,2025-01-16,0.7334133377057499,2025-01-16
0,2025-01-17,0.40803842442544735,2025-01-17
0,2025-01-18,0.27124775700646653,2025-01-18
0,2025-01-19,0.24492745323658272,2025-01-19
0,2025-01-20,0.20324013347345804,2025-01-20
0,2025-01-21,0.1104021737090084,2025-01-21
0,2025-01-22,0.21357746627901222,2025-01-22
0,2025-01-23,0.1748881260465807,2025-01-23
0,2025-01-24,0.07664324944120135,2025-01-24
0,2025-01-25,0.02672893808294617,2025-01-25
0,2025-01-26,-0.09229987180517055,2025-01-26
0,2025-01-27,0.15227687889110947,2025-01-27
0,2025-01-28,0.06706063078557657,2025-01-28
0,2025-01-29,-0.03212442550357319,2025-01-29
0,2025-01-30,0.11560962783057398,2025-01-30
0,2025-01-31,0.2370037308738444,2025-01-31
0,2025-02-01,0.22689562795613671,2025-02-01
0,2025-02-02,0.11617862184785398,2025-02-02
0,2025-02-03,-0.141752356433894,2025-02-03
0,2025-02-04,-0.26367132806872795,2025-02-04
0,2025-02-05,0.050346190920860553,2025-02-05
0,2025-02-06,0.45176238858815065,2025-02-06
0,2025-02-07,0.8620735065184302,2025-02-07
0,2025-02-08,0.9443511928993503,2025-02-08
0,2025-02-09,0.8940212794430599,2025-02-09
0,2025-02-10,0.9453789929348487,2025-02-10
0,2025-02-11,1.044828305695478,2025-02-11
0,2025-02-12,0.6700964108808053,2025-02-12
0,2025-02-13,0.09484016354564488,2025-02-13
0,2025-02-14,0.198773611452148,2025-02-14
0,2025-02-15,0.8546235832547232,2025-02-15
0,2025-02-16,0.9533795854979947,2025-02-16
0,2025-02-17,1.042463160055639,2025-02-17
0,2025-02-18,1.386841564164748,2025-02-18
0,2025-02-19,1.5479735981506886,2025-02-19
0,2025-02-20,1.6626947009914677,2025-02-20
0,2025-02-21,1.7762387476047306,2025-02-21
0,2025-02-22,1.749963236188252,2025-02-22
0,2025-02-23,1.6482092339482113,2025-02-23
0,2025-02-24,1.2655236134038172,2025-02-24
0,2025-02-25,0.9828775586976504,2025-02-25
0,2025-02-26,1.0072138837633162,2025-02-26
0,2025-02-27,1.2219682415579622,2025-02-27
0,2025-02-28,1.3071686863129666,2025-02-28
0,2025-03-01,0.920343672986686,2025-03-01
0,2025-03-02,0.6638829259352972,2025-03-02
0,2025-03-03,0.5323889469245836,2025-03-03
0,2025-03-04,0.38846164448460485,2025-03-04
0,2025-03-05,0.15008437672709984,2025-03-05
0,2025-03-06,-0.022538737704118413,2025-03-06
0,2025-03-07,0.003130661991491397,2025-03-07
1,2024-11-08,1.017859764650472,2024-11-09
1,2024-11-09,0.5307762711145931,2024-11-10
1,2024-11-10,0.18398912384094707,2024-11-11
1,2024-11-11,0.1372789153680293,2024-11-12
1,2024-11-12,-0.06352743399107258,2024-11-13
1,2024-11-13,-0.28521512094880475,2024-11-14
1,2024-11-14,-0.25186763754055974,2024-11-15
1,2024-11-15,-0.3228164645659773,2024-11-16
1,2024-11-16,-0.6301597303423538,2024-11-17
1,2024-11-17,-1.0929950858765294,2024-11-18
1,2024-11-18,-1.211266790244544,2024-11-19
1,2024-11-19,-1.0304193778466288,2024-11-20
1,2024-11-20,-0.5252239902149684,2024-11-21
1,2024-11-21,-0.2271997979303048,2024-11-22
1,2024-11-22,-0.24365990567373438,2024-11-23
1,2024-11-23,-0.4341079330594583,2024-11-24
1,2024-11-24,-0.49358937304081685,2024-11-25
1,2024-11-25,-0.6763842697826339,2024-11-26
1,2024-11-26,-0.7320142381937718,2024-11-27
1,2024-11-27,-0.552967994350222,2024-11-28
1,2024-11-28,-0.280587241537385,2024-11-29
1,2024-11-29,0.06252648228263609,2024-11-30
1,2024-11-30,0.7022614572582367,2024-12-01
1,2024-12-01,1.080946771302445,2024-12-02
1,2024-12-02,1.1520115399419288,2024-12-03
1,2024-12-03,1.049223423520997,2024-12-04
1,2024-12-04,0.958582034242294,2024-12-05
1,2024-12-05,1.0565475814230516,2024-12-06
1,2024-12-06,0.917608080081855,2024-12-07
1,2024-12-07,0.7866124131793547,2024-12-08
1,2024-12-08,0.8775743222059157,2024-12-09
1,2024-12-09,0.983179868327013,2024-12-10
1,2024-12-10,1.0433346181391143,2024-12-11
1,2024-12-11,0.7421781717022166,2024-12-12
1,2024-12-12,0.5072673238672362,2024-12-13
1,2024-12-13,0.6710063814260582,2024-12-14
1,2024-12-14,0.8091532387136917,2024-12-15
1,2024-12-15,0.9112239213707287,2024-12-16
1,2024-12-16,0.9048036468237183,2024-12-17
1,2024-12-17,1.0097671218323852,2024-12-18
1,2024-12-18,1.0393824532511322,2024-12-19
1,2024-12-19,1.1332656392979814,2024-12-20
1,2024-12-20,1.3138769724245793,2024-12-21
1,2024-12-21,1.1791410741682886,2024-12-22
1,2024-12-22,1.1857562735120304,2024-12-23
1,2024-12-23,1.2710540710434333,2024-12-24
1,2024-12-24,1.185541365471098,2024-12-25
1,2024-12-25,0.9458870076952751,2024-12-26
1,2024-12-26,0.6981000968886173,2024-12-27
1,2024-12-27,0.4577919255757223,2024-12-28
1,2024-12-28,0.27886807599358077,2024-12-29
1,2024-12-29,0.24241184524299303,2024-12-30
1,2024-12-30,0.4261990332700747,2024-12-31
1,2024-12-31,0.22678506631037376,2025-01-01
1,2025-01-01,0.051690510534764325,2025-01-02
1,2025-01-02,0.3465743367653921,2025-01-03
1,2025-01-03,0.608812506667676,2025-01-04
1,2025-01-04,0.8466781793223649,2025-01-05
1,2025-01-05,0.9702040824086369,2025-01-06
1,2025-01-06,1.14457339246245,2025-01-07
1,2025-01-07,1.066083332817696,2025-01-08
1,2025-01-08,1.2653232706224646,2025-01-09
1,2025-01-09,1.238069366048616,2025-01-10
1,2025-01-10,0.9577267815718425,2025-01-11
1,2025-01-11,1.0182133958777846,2025-01-12
1,2025-01-12,0.9809252410493997,2025-01-13
1,2025-01-13,0.7876268493293153,2025-01-14
1,2025-01-14,0.852295730097869,2025-01-15
1,2025-01-15,0.7417220516411013,2025-01-16
1,2025-01-16,0.41728134339276995,2025-01-17
1,2025-01-17,0.2716392085948726,2025-01-18
1,2025-01-18,0.24488453890325265,2025-01-19
1,2025-01-19,0.21142591031992017,2025-01-20
1,2025-01-20,0.10131653640043206,2025-01-21
1,2025-01-21,0.22743363289513505,2025-01-22
1,2025-01-22,0.1876535758851722,2025-01-23
1,2025-01-23,0.06336507625337545,2025-01-24
1,2025-01-24,0.009939517547318987,2025-01-25
1,2025-01-25,-0.08266519398714749,2025-01-26
1,2025-01-26,0.15336332762347604,2025-01-27
1,2025-01-27,0.07563233038772503,2025-01-28
1,2025-01-28,-0.025464403556595388,2025-01-29
1,2025-01-29,0.10440267777426551,2025-01-30
1,2025-01-30,0.22140470446349206,2025-01-31
1,2025-01-31,0.22157267737855155,2025-02-01
1,2025-02-01,0.13130281441466493,2025-02-02
1,2025-02-02,-0.13971458172061635,2025-02-03
1,2025-02-03,-0.2785588229202921,2025-02-04
1,2025-02-04,0.060063197045547564,2025-02-05
1,2025-02-05,0.452978123760398,2025-02-06
1,2025-02-06,0.8751465980500213,2025-02-07
1,2025-02-07,0.9400146046794257,2025-02-08
1,2025-02-08,0.9120293644343603,2025-02-09
1,2025-02-09,0.9562017858614918,2025-02-10
1,2025-02-10,1.0585407274772425,2025-02-11
1,2025-02-11,0.6778215044633462,2025-02-12
1,2025-02-12,0.0948574341935298,2025-02-13
1,2025-02-13,0.2076084474962879,2025-02-14
1,2025-02-14,0.8666960006363544,2025-02-15
1,2025-02-15,0.9663416851614953,2025-02-16
1,2025-02-16,1.024977268141204,2025-02-17
1,2025-02-17,1.390605813380644,2025-02-18
1,2025-02-18,1.5414796516961684,2025-02-19
1,2025-02-19,1.6282643083909727,2025-02-20
1,2025-02-20,1.7565633208224558,2025-02-21
1,2025-02-21,1.7284188155510911,2025-02-22
1,2025-02-22,1.6463648644480777,2025-02-23
1,2025-02-23,1.2581007424384953,2025-02-24
1,2025-02-24,0.9558985362070503,2025-02-25
1,2025-02-25,0.9864038152607841,2025-02-26
1,2025-02-26,1.1928071395521616,2025-02-27
1,2025-02-27,1.2871475385036675,2025-02-28
1,2025-02-28,0.8896719967352283,2025-03-01
1,2025-03-01,0.6524400611267097,2025-03-02
1,2025-03-02,0.515825702456866,2025-03-03
1,2025-03-03,0.39267423373179755,2025-03-04
1,2025-03-04,0.14534133963954923,2025-03-05
1,2025-03-05,-0.014357908083838529,2025-03-06
1,2025-03-06,0.008897745264902918,2025-03-07
1,2025-03-07,-0.05385148418112046,2025-03-08
2,2024-11-08,0.5285383240531226,2024-11-10
2,2024-11-09,0.08404021494593758,2024-11-11
2,2024-11-10,0.10948620597704513,2024-11-12
2,2024-11-11,-0.1122424814328095,2024-11-13
2,2024-11-12,-0.3120603656246353,2024-11-14
2,2024-11-13,-0.27706780619864607,2024-11-15
2,2024-11-14,-0.2917648010199465,2024-11-16
2,2024-11-15,-0.633131473317556,2024-11-17
2,2024-11-16,-1.0444400947363086,2024-11-18
2,2024-11-17,-1.2112327312188158,2024-11-19
2,2024-11-18,-1.0340898464652806,2024-11-20
2,2024-11-19,-0.5315666417448128,2024-11-21
2,2024-11-20,-0.2473023041154591,2024-11-22
2,2024-11-21,-0.2658349905147494,2024-11-23
2,2024-11-22,-0.45867930373459664,2024-11-24
2,2024-11-23,-0.5668846148939531,2024-11-25
2,2024-11-24,-0.6887855969514372,2024-11-26
2,2024-11-25,-0.693246903362705,2024-11-27
2,2024-11-26,-0.5804693898146681,2024-11-28
2,2024-11-27,-0.3079964939077093,2024-11-29
2,2024-11-28,0.02376989092077435,2024-11-30
2,2024-11-29,0.6662438661439426,2024-12-01
2,2024-11-30,0.998677486219624,2024-12-02
2,2024-12-01,1.0739959193526885,2024-12-03
2,2024-12-02,0.9984064578416243,2024-12-04
2,2024-12-03,0.9307741600313095,2024-12-05
2,2024-12-04,1.0385501802339678,2024-12-06
2,2024-12-05,0.9270466765052702,2024-12-07
2,2024-12-06,0.7683906682794823,2024-12-08
2,2024-12-07,0.8598197493022272,2024-12-09
2,2024-12-08,1.0087224627518594,2024-12-10
2,2024-12-09,1.0472007079751569,2024-12-11
2,2024-12-10,0.7170063261958863,2024-12-12
2,2024-12-11,0.4592074509603181,2024-12-13
2,2024-12-12,0.6681569458465114,2024-12-14
2,2024-12-13,0.7700783517565278,2024-12-15
2,2024-12-14,0.8704479868512021,2024-12-16
2,2024-12-15,0.9187307170823644,2024-12-17
2,2024-12-16,0.9852797101999038,2024-12-18
2,2024-12-17,1.0458606178648777,2024-12-19
2,2024-12-18,1.0708784387955106,2024-12-20
2,2024-12-19,1.300967697834294,2024-12-21
2,2024-12-20,1.1641879282145726,2024-12-22
2,2024-12-21,1.1393781317392593,2024-12-23
2,2024-12-22,1.237141510399749,2024-12-24
2,2024-12-23,1.202671107158961,2024-12-25
2,2024-12-24,0.9492170492840003,2024-12-26
2,2024-12-25,0.694760122126557,2024-12-27
2,2024-12-26,0.44252098140169677,2024-12-28
2,2024-12-27,0.2518067303771112,2024-12-29
2,2024-12-28,0.2226486990334904,2024-12-30
2,2024-12-29,0.38525394954037007,2024-12-31
2,2024-12-30,0.22340896563026238,2025-01-01
2,2024-12-31,0.07968858195653608,2025-01-02
2,2025-01-01,0.3637497120425853,2025-01-03
2,2025-01-02,0.5978800043336395,2025-01-04
2,2025-01-03,0.8169069922883759,2025-01-05
2,2025-01-04,0.9391922441996073,2025-01-06
2,2025-01-05,1.0974908057123227,2025-01-07
2,2025-01-06,1.1012435613811742,2025-01-08
2,2025-01-07,1.287554239382176,2025-01-09
2,2025-01-08,1.2340144456982856,2025-01-10
2,2025-01-09,0.9306442213679545,2025-01-11
2,2025-01-10,1.0078553700827044,2025-01-12
2,2025-01-11,0.9608293027617358,2025-01-13
2,2025-01-12,0.7827726428793769,2025-01-14
2,2025-01-13,0.8434715351311569,2025-01-15
2,2025-01-14,0.7392311479759457,2025-01-16
2,2025-01-15,0.4275322537292906,2025-01-17
2,2025-01-16,0.2869186670063463,2025-01-18
2,2025-01-17,0.2514656599955494,2025-01-19
2,2025-01-18,0.2017476088357915,2025-01-20
2,2025-01-19,0.10905468406369417,2025-01-21
2,2025-01-20,0.2157012133442668,2025-01-22
2,2025-01-21,0.2166410816094508,2025-01-23
2,2025-01-22,0.06528940765188722,2025-01-24
2,2025-01-23,-0.0046692573670185054,2025-01-25
2,2025-01-24,-0.1303345187660259,2025-01-26
2,2025-01-25,0.14517996724000212,2025-01-27
2,2025-01-26,0.03672125896461988,2025-01-28
2,2025-01-27,0.03431524875506246,2025-01-29
2,2025-01-28,0.06076357704022389,2025-01-30
2,2025-01-29,0.19139411937568518,2025-01-31
2,2025-01-30,0.1625334642411703,2025-02-01
2,2025-01-31,0.12285470853319384,2025-02-02
2,2025-02-01,-0.13593493735414625,2025-02-03
2,2025-02-02,-0.31121734627890424,2025-02-04
2,2025-02-03,0.03215990304041466,2025-02-05
2,2025-02-04,0.44938925575828836,2025-02-06
2,2025-02-05,0.8353396889500863,2025-02-07
2,2025-02-06,0.92925533244654,2025-02-08
2,2025-02-07,0.9068926557888705,2025-02-09
2,2025-02-08,0.9548287873892861,2025-02-10
2,2025-02-09,1.0337266428283012,2025-02-11
2,2025-02-10,0.68453514923896,2025-02-12
2,2025-02-11,0.1316553909022985,2025-02-13
2,2025-02-12,0.17086468448938863,2025-02-14
2,2025-02-13,0.8290220767791482,2025-02-15
2,2025-02-14,0.9439406489780184,2025-02-16
2,2025-02-15,1.0126128231653773,2025-02-17
2,2025-02-16,1.33695638715887,2025-02-18
2,2025-02-17,1.5211067539812961,2025-02-19
2,2025-02-18,1.6086046671041805,2025-02-20
2,2025-02-19,1.6987735229987166,2025-02-21
2,2025-02-20,1.7012116342222112,2025-02-22
2,2025-02-21,1.6354432426205887,2025-02-23
2,2025-02-22,1.2901572618755466,2025-02-24
2,2025-02-23,0.9264000727141962,2025-02-25
2,2025-02-24,0.935132099209962,2025-02-26
2,2025-02-25,1.1864501612844989,2025-02-27
2,2025-02-26,1.262017684023251,2025-02-28
2,2025-02-27,0.8511020891437096,2025-03-01
2,2025-02-28,0.5947446357914257,2025-03-02
2,2025-03-01,0.4934533511084832,2025-03-03
2,2025-03-02,0.3625607928762928,2025-03-04
2,2025-03-03,0.1769654480868669,2025-03-05
2,2025-03-04,-0.020550169744296888,2025-03-06
2,2025-03-05,0.007379947232890962,2025-03-07
2,2025-03-06,-0.03132901377716048,2025-03-08
2,2025-03-07,-0.1422832460470097,2025-03-09
3,2024-11-08,0.038099405966937526,2024-11-11
3,2024-11-09,-0.0503395103794477,2024-11-12
3,2024-11-10,-0.11100565314967517,2024-11-13
3,2024-11-11,-0.3517869855575049,2024-11-14
3,2024-11-12,-0.30765429793973825,2024-11-15
3,2024-11-13,-0.3179471809471492,2024-11-16
3,2024-11-14,-0.5677221426051549,2024-11-17
3,2024-11-15,-1.0387596104558523,2024-11-18
3,2024-11-16,-1.065659753280091,2024-11-19
3,2024-11-17,-1.0312620913228472,2024-11-20
3,2024-11-18,-0.6073340180624435,2024-11-21
3,2024-11-19,-0.20655314805825603,2024-11-22
3,2024-11-20,-0.33175560435306456,2024-11-23
3,2024-11-21,-0.4661445533268587,2024-11-24
3,2024-11-22,-0.5298888126106747,2024-11-25
3,2024-11-23,-0.7869501939553306,2024-11-26
3,2024-11-24,-0.7294238899381047,2024-11-27
3,2024-11-25,-0.5102442100996383,2024-11-28
3,2024-11-26,-0.36728851094312787,2024-11-29
3,2024-11-27,0.021629486373048363,2024-11-30
3,2024-11-28,0.6025204333599176,2024-12-01
3,2024-11-29,0.9909884625649642,2024-12-02
3,2024-11-30,0.946132061918619,2024-12-03
3,2024-12-01,0.9768101804459178,2024-12-04
3,2024-12-02,0.9391269680825118,2024-12-05
3,2024-12-03,1.0060896819797644,2024-12-06
3,2024-12-04,0.8753468802754522,2024-12-07
3,2024-12-05,0.755702939413395,2024-12-08
3,2024-12-06,0.8234523257580726,2024-12-09
3,2024-12-07,0.9434578337870705,2024-12-10
3,2024-12-08,1.055058210215008,2024-12-11
3,2024-12-09,0.7141543175955678,2024-12-12
3,2024-12-10,0.3916837645681406,2024-12-13
3,2024-12-11,0.655738896925971,2024-12-14
3,2024-12-12,0.7262374603866373,2024-12-15
3,2024-12-13,0.9178171399032713,2024-12-16
3,2024-12-14,0.8749583280780829,2024-12-17
3,2024-12-15,0.9278415597160392,2024-12-18
3,2024-12-16,1.0118641823959116,2024-12-19
3,2024-12-17,1.058758627806276,2024-12-20
3,2024-12-18,1.27255425020972,2024-12-21
3,2024-12-19,1.1793562512176687,2024-12-22
3,2024-12-20,1.0991872884033995,2024-12-23
3,2024-12-21,1.193236721268697,2024-12-24
3,2024-12-22,1.1607395392503201,2024-12-25
3,2024-12-23,0.9932684581185313,2024-12-26
3,2024-12-24,0.6388296820928039,2024-12-27
3,2024-12-25,0.4215615160608439,2024-12-28
3,2024-12-26,0.2077765497009204,2024-12-29
3,2024-12-27,0.22026245458047972,2024-12-30
3,2024-12-28,0.38319539494368127,2024-12-31
3,2024-12-29,0.20478220111093776,2025-01-01
3,2024-12-30,0.14615864807166803,2025-01-02
3,2024-12-31,0.3759351325190191,2025-01-03
3,2025-01-01,0.6202558397998678,2025-01-04
3,2025-01-02,0.7987535829376092,2025-01-05
3,2025-01-03,0.8986369358184219,2025-01-06
3,2025-01-04,1.0553261263793352,2025-01-07
3,2025-01-05,1.0823112225245213,2025-01-08
3,2025-01-06,1.3413932925207177,2025-01-09
3,2025-01-07,1.2204885960706027,2025-01-10
3,2025-01-08,0.9388345479196892,2025-01-11
3,2025-01-09,0.9691170189308755,2025-01-12
3,2025-01-10,0.9289929781547416,2025-01-13
3,2025-01-11,0.7343291164630298,2025-01-14
3,2025-01-12,0.8363246982277165,2025-01-15
3,2025-01-13,0.690684821377325,2025-01-16
3,2025-01-14,0.39811971710874433,2025-01-17
3,2025-01-15,0.31087935914155684,2025-01-18
3,2025-01-16,0.28130110288622,2025-01-19
3,2025-01-17,0.2014409529057614,2025-01-20
3,2025-01-18,0.12641850037499366,2025-01-21
3,2025-01-19,0.22571077234525702,2025-01-22
3,2025-01-20,0.19495056985294493,2025-01-23
3,2025-01-21,0.11087267993579371,2025-01-24
3,2025-01-22,-0.01613126336669665,2025-01-25
3,2025-01-23,-0.08020231210432564,2025-01-26
3,2025-01-24,0.07549818101482184,2025-01-27
3,2025-01-25,0.0749946088996211,2025-01-28
3,2025-01-26,-0.036872734217758864,2025-01-29
3,2025-01-27,0.19058787828810694,2025-01-30
3,2025-01-28,0.15698827353305642,2025-01-31
3,2025-01-29,0.1402725975425512,2025-02-01
3,2025-01-30,0.0833017020571791,2025-02-02
3,2025-01-31,-0.15656115565741507,2025-02-03
3,2025-02-01,-0.34203962550261463,2025-02-04
3,2025-02-02,-0.05093864994254492,2025-02-05
3,2025-02-03,0.41319700393507447,2025-02-06
3,2025-02-04,0.7579912267388396,2025-02-07
3,2025-02-05,0.8521525201905594,2025-02-08
3,2025-02-06,0.8900503010928894,2025-02-09
3,2025-02-07,0.971089528266256,2025-02-10
3,2025-02-08,1.0261881999571112,2025-02-11
3,2025-02-09,0.7309182729873427,2025-02-12
3,2025-02-10,0.17443484682778215,2025-02-13
3,2025-02-11,0.3030799328276095,2025-02-14
3,2025-02-12,0.6823095491176683,2025-02-15
3,2025-02-13,0.8975543663525424,2025-02-16
3,2025-02-14,1.0245558745585863,2025-02-17
3,2025-02-15,1.343777989836692,2025-02-18
3,2025-02-16,1.4555215614890538,2025-02-19
3,2025-02-17,1.5415613531428864,2025-02-20
3,2025-02-18,1.686371316681143,2025-02-21
3,2025-02-19,1.649178330046843,2025-02-22
3,2025-02-20,1.5849106888726319,2025-02-23
3,2025-02-21,1.313392575279967,2025-02-24
3,2025-02-22,0.9229288380017463,2025-02-25
3,2025-02-23,0.9413689324083447,2025-02-26
3,2025-02-24,1.1256454465525125,2025-02-27
3,2025-02-25,1.26041196179826,2025-02-28
3,2025-02-26,0.8048024848072458,2025-03-01
3,2025-02-27,0.5339237327784189,2025-03-02
3,2025-02-28,0.4256211772637345,2025-03-03
3,2025-03-01,0.3718740562042967,2025-03-04
3,2025-03-02,0.18737590480328156,2025-03-05
3,2025-03-03,0.024864154982077443,2025-03-06
3,2025-03-04,0.009573741287598967,2025-03-07
3,2025-03-05,-0.021973559139342923,2025-03-08
3,2025-03-06,-0.08351521080974653,2025-03-09
3,2025-03-07,-0.4020645386044922,2025-03-10
4,2024-11-08,-0.17632960836107534,2024-11-12
4,2024-11-09,-0.2478165851514786,2024-11-13
4,2024-11-10,-0.44769337797888137,2024-11-14
4,2024-11-11,-0.26539582020335667,2024-11-15
4,2024-11-12,-0.23798427377728507,2024-11-16
4,2024-11-13,-0.6279291350111701,2024-11-17
4,2024-11-14,-0.8618572958762892,2024-11-18
4,2024-11-15,-1.0607439299435417,2024-11-19
4,2024-11-16,-0.9678666500672118,2024-11-20
4,2024-11-17,-0.6870960708660134,2024-11-21
4,2024-11-18,-0.28939433731606806,2024-11-22
4,2024-11-19,-0.2304506933105044,2024-11-23
4,2024-11-20,-0.493829807860918,2024-11-24
4,2024-11-21,-0.5756435324984192,2024-11-25
4,2024-11-22,-0.7035505994302836,2024-11-26
4,2024-11-23,-0.7606100827558826,2024-11-27
4,2024-11-24,-0.6183874383547104,2024-11-28
4,2024-11-25,-0.2970625801187945,2024-11-29
4,2024-11-26,-0.12488789118149023,2024-11-30
4,2024-11-27,0.5754993235111435,2024-12-01
4,2024-11-28,0.9527002051933947,2024-12-02
4,2024-11-29,0.927797168620598,2024-12-03
4,2024-11-30,0.7458719497419621,2024-12-04
4,2024-12-01,0.9450672808346607,2024-12-05
4,2024-12-02,0.9832718415965064,2024-12-06
4,2024-12-03,0.818434503454697,2024-12-07
4,2024-12-04,0.5547086808303824,2024-12-08
4,2024-12-05,0.8128526622811686,2024-12-09
4,2024-12-06,0.8952889049563993,2024-12-10
4,2024-12-07,0.987220168833991,2024-12-11
4,2024-12-08,0.6455167340875083,2024-12-12
4,2024-12-09,0.3225516231750941,2024-12-13
4,2024-12-10,0.5233139347521326,2024-12-14
4,2024-12-11,0.736983828600066,2024-12-15
4,2024-12-12,0.8103630057395835,2024-12-16
4,2024-12-13,0.8147963192378745,2024-12-17
4,2024-12-14,0.9913809453498771,2024-12-18
4,2024-12-15,0.9070552912010622,2024-12-19
4,2024-12-16,0.9941140120186494,2024-12-20
4,2024-12-17,1.343848579757306,2024-12-21
4,2024-12-18,1.1926730460546888,2024-12-22
4,2024-12-19,1.1449729630854288,2024-12-23
4,2024-12-20,1.15384333976586,2024-12-24
4,2024-12-21,1.1341903778513935,2024-12-25
4,2024-12-22,0.9125627365319214,2024-12-26
4,2024-12-23,0.6924137369858848,2024-12-27
4,2024-12-24,0.3556332515623796,2024-12-28
4,2024-12-25,0.13267353918826114,2024-12-29
4,2024-12-26,0.1417562940491716,2024-12-30
4,2024-12-27,0.43341490422435286,2024-12-31
4,2024-12-28,0.24104589646705923,2025-01-01
4,2024-12-29,0.11595462876211435,2025-01-02
4,2024-12-30,0.3414147434774714,2025-01-03
4,2024-12-31,0.6307692832453685,2025-01-04
4,2025-01-01,0.7361825944873115,2025-01-05
4,2025-01-02,0.9571511819828856,2025-01-06
4,2025-01-03,1.0199466761564804,2025-01-07
4,2025-01-04,0.9698739857811665,2025-01-08
4,2025-01-05,1.1769468711280073,2025-01-09
4,2025-01-06,1.2487524546363216,2025-01-10
4,2025-01-07,0.9399301290314345,2025-01-11
4,2025-01-08,0.9746798870754576,2025-01-12
4,2025-01-09,0.9270417923048928,2025-01-13
4,2025-01-10,0.7169507125573586,2025-01-14
4,2025-01-11,0.77437226897761,2025-01-15
4,2025-01-12,0.6032034415395666,2025-01-16
4,2025-01-13,0.3875237764340391,2025-01-17
4,2025-01-14,0.27628060886660566,2025-01-18
4,2025-01-15,0.3424082238856536,2025-01-19
4,2025-01-16,0.3039103801102662,2025-01-20
4,2025-01-17,0.13091473193570102,2025-01-21
4,2025-01-18,0.2595774087276802,2025-01-22
4,2025-01-19,0.15753480184556895,2025-01-23
4,2025-01-20,0.05187221639905781,2025-01-24
4,2025-01-21,0.07823385890127181,2025-01-25
4,2025-01-22,-0.14775591264655516,2025-01-26
4,2025-01-23,0.12658196946951322,2025-01-27
4,2025-01-24,0.026835141099873824,2025-01-28
4,2025-01-25,0.05757487474687991,2025-01-29
4,2025-01-26,0.14268779394461867,2025-01-30
4,2025-01-27,0.2722986427193977,2025-01-31
4,2025-01-28,0.1242132059978616,2025-02-01
4,2025-01-29,0.11644609022021028,2025-02-02
4,2025-01-30,-0.16007154594001147,2025-02-03
4,2025-01-31,-0.5487716689405467,2025-02-04
4,2025-02-01,-0.10422468737314652,2025-02-05
4,2025-02-02,0.3394010506182342,2025-02-06
4,2025-02-03,0.6833853719291086,2025-02-07
4,2025-02-04,0.8050318078693448,2025-02-08
4,2025-02-05,0.8895140434839083,2025-02-09
4,2025-02-06,0.9835914786967928,2025-02-10
4,2025-02-07,1.0358197809419065,2025-02-11
4,2025-02-08,0.5750014173468712,2025-02-12
4,2025-02-09,0.2908329917998818,2025-02-13
4,2025-02-10,0.31267469708428813,2025-02-14
4,2025-02-11,0.802557822756866,2025-02-15
4,2025-02-12,0.7779813353160415,2025-02-16
4,2025-02-13,1.0074694662494552,2025-02-17
4,2025-02-14,1.3388767910280146,2025-02-18
4,2025-02-15,1.545425792705547,2025-02-19
4,2025-02-16,1.5199382319910473,2025-02-20
4,2025-02-17,1.6302223619646699,2025-02-21
4,2025-02-18,1.6402248940459412,2025-02-22
4,2025-02-19,1.56493548810152,2025-02-23
4,2025-02-20,1.2472582517967399,2025-02-24
4,2025-02-21,0.9769293655170026,2025-02-25
4,2025-02-22,0.9123073976425344,2025-02-26
4,2025-02-23,1.1647624679935147,2025-02-27
4,2025-02-24,1.21158379873935,2025-02-28
4,2025-02-25,0.7978125045437773,2025-03-01
4,2025-02-26,0.4926623399660578,2025-03-02
4,2025-02-27,0.408884669716929,2025-03-03
4,2025-02-28,0.2972295221091071,2025-03-04
4,2025-03-01,0.15949087289879066,2025-03-05
4,2025-03-02,0.08974292920322496,2025-03-06
4,2025-03-03,0.1001869409737047,2025-03-07
4,2025-03-04,-0.08113033504028219,2025-03-08
4,2025-03-05,-0.080635319990186,2025-03-09
4,2025-03-06,-0.2884785271480787,2025-03-10
4,2025-03-07,-0.6495957729745715,2025-03-11
5,2024-11-08,-0.29291157307225574,2024-11-13
5,2024-11-09,-0.4071071762440845,2024-11-14
5,2024-11-10,-0.4618230705648287,2024-11-15
5,2024-11-11,-0.30894892774381927,2024-11-16
5,2024-11-12,-0.48284635326015546,2024-11-17
5,2024-11-13,-0.9829228132733685,2024-11-18
5,2024-11-14,-0.5722730940649521,2024-11-19
5,2024-11-15,-0.9080711290631217,2024-11-20
5,2024-11-16,-0.8152386849301343,2024-11-21
5,2024-11-17,-0.46996017465894213,2024-11-22
5,2024-11-18,-0.18372372484100175,2024-11-23
5,2024-11-19,-0.4785747347043623,2024-11-24
5,2024-11-20,-0.6541950183885924,2024-11-25
5,2024-11-21,-0.7991585480399608,2024-11-26
5,2024-11-22,-0.7802919764966622,2024-11-27
5,2024-11-23,-0.6344231650633542,2024-11-28
5,2024-11-24,-0.45276206825960497,2024-11-29
5,2024-11-25,0.010148291587634006,2024-11-30
5,2024-11-26,0.4935791640294802,2024-12-01
5,2024-11-27,0.8545296583858548,2024-12-02
5,2024-11-28,1.0084780783147613,2024-12-03
5,2024-11-29,0.7343955491158695,2024-12-04
5,2024-11-30,0.6703622385284753,2024-12-05
5,2024-12-01,0.9860827611236597,2024-12-06
5,2024-12-02,0.9572795542792809,2024-12-07
5,2024-12-03,0.47039376489595974,2024-12-08
5,2024-12-04,0.6039052661363313,2024-12-09
5,2024-12-05,0.7936207937040561,2024-12-10
5,2024-12-06,0.8869278585451885,2024-12-11
5,2024-12-07,0.6131793037229855,2024-12-12
5,2024-12-08,0.18852769230898928,2024-12-13
5,2024-12-09,0.472288438140248,2024-12-14
5,2024-12-10,0.5470068625109507,2024-12-15
5,2024-12-11,0.9289728169848214,2024-12-16
5,2024-12-12,0.8343714785435207,2024-12-17
5,2024-12-13,0.7869484048727248,2024-12-18
5,2024-12-14,1.0418429614485591,2024-12-19
5,2024-12-15,0.9275871494978855,2024-12-20
5,2024-12-16,1.3389044014771447,2024-12-21
5,2024-12-17,1.3311520640842318,2024-12-22
5,2024-12-18,1.1515424419292861,2024-12-23
5,2024-12-19,1.1630035415353008,2024-12-24
5,2024-12-20,1.0859554623845398,2024-12-25
5,2024-12-21,0.8719655104313534,2024-12-26
5,2024-12-22,0.5455019497262918,2024-12-27
5,2024-12-23,0.5008929360240295,2024-12-28
5,2024-12-24,0.11128122484312425,2024-12-29
5,2024-12-25,0.003797579924318248,2024-12-30
5,2024-12-26,0.2502646116169568,2024-12-31
5,2024-12-27,0.3784236755333515,2025-01-01
5,2024-12-28,0.20386074641289625,2025-01-02
5,2024-12-29,0.31222154978698413,2025-01-03
5,2024-12-30,0.5042862885715607,2025-01-04
5,2024-12-31,0.9021161362127412,2025-01-05
5,2025-01-01,0.894877611296974,2025-01-06
5,2025-01-02,1.1300990034761182,2025-01-07
5,2025-01-03,0.9541668379308423,2025-01-08
5,2025-01-04,1.0484615999496214,2025-01-09
5,2025-01-05,1.1606905139586041,2025-01-10
5,2025-01-06,1.0310396152838968,2025-01-11
5,2025-01-07,0.96047411837135,2025-01-12
5,2025-01-08,0.9857595911435967,2025-01-13
5,2025-01-09,0.7493180413776188,2025-01-14
5,2025-01-10,0.8464496329956062,2025-01-15
5,2025-01-11,0.4906837952194754,2025-01-16
5,2025-01-12,0.2581572175144728,2025-01-17
5,2025-01-13,0.2688451725049583,2025-01-18
5,2025-01-14,0.3517992313843223,2025-01-19
5,2025-01-15,0.40183282365593276,2025-01-20
5,2025-01-16,0.22876470340460384,2025-01-21
5,2025-01-17,0.199720488273148,2025-01-22
5,2025-01-18,0.28976619256234987,2025-01-23
5,2025-01-19,0.07510354663568221,2025-01-24
5,2025-01-20,-0.033537576622771036,2025-01-25
5,2025-01-21,-0.07208302191063243,2025-01-26
5,2025-01-22,0.05049676441345977,2025-01-27
5,2025-01-23,0.1595484408805379,2025-01-28
5,2025-01-24,0.1368626938850086,2025-01-29
5,2025-01-25,0.36467287705281365,2025-01-30
5,2025-01-26,0.24824021944590632,2025-01-31
5,2025-01-27,0.18144593716418933,2025-02-01
5,2025-01-28,0.1376664683427209,2025-02-02
5,2025-01-29,-0.11564456375748602,2025-02-03
5,2025-01-30,-0.4015893827441885,2025-02-04
5,2025-01-31,-0.39053550685749605,2025-02-05
5,2025-02-01,0.2969812222247283,2025-02-06
5,2025-02-02,0.6625248680985372,2025-02-07
5,2025-02-03,0.7166032470347851,2025-02-08
5,2025-02-04,0.7882404241310601,2025-02-09
5,2025-02-05,1.047076999976817,2025-02-10
5,2025-02-06,0.9898738112290187,2025-02-11
5,2025-02-07,0.5455137044100286,2025-02-12
5,2025-02-08,-0.01603853940515657,2025-02-13
5,2025-02-09,0.3696764820796747,2025-02-14
5,2025-02-10,0.7106284729016464,2025-02-15
5,2025-02-11,0.8824227469192436,2025-02-16
5,2025-02-12,0.9044538505923588,2025-02-17
5,2025-02-13,1.379394740432223,2025-02-18
5,2025-02-14,1.5892464314404384,2025-02-19
5,2025-02-15,1.5191762507690265,2025-02-20
5,2025-02-16,1.5986771287418537,2025-02-21
5,2025-02-17,1.6410093494454037,2025-02-22
5,2025-02-18,1.4698598836688124,2025-02-23
5,2025-02-19,1.2218805908968333,2025-02-24
5,2025-02-20,0.9258596492233417,2025-02-25
5,2025-02-21,0.8335205923879971,2025-02-26
5,2025-02-22,1.1328153872773228,2025-02-27
5,2025-02-23,1.2477389435089266,2025-02-28
5,2025-02-24,0.7124875723809206,2025-03-01
5,2025-02-25,0.4317220074278304,2025-03-02
5,2025-02-26,0.19370843295108647,2025-03-03
5,2025-02-27,0.28036810269686147,2025-03-04
5,2025-02-28,0.2398409172597426,2025-03-05
5,2025-03-01,0.011368366764575071,2025-03-06
5,2025-03-02,0.09632836656829581,2025-03-07
5,2025-03-03,0.0044511170794160485,2025-03-08
5,2025-03-04,-0.18772350638833032,2025-03-09
5,2025-03-05,-0.2947276968173716,2025-03-10
5,2025-03-06,-0.5800153287324256,2025-03-11
5,2025-03-07,-0.7257752908529903,2025-03-12
6,2024-11-08,-0.3580335643522565,2024-11-14
6,2024-11-09,-0.4964930056441548,2024-11-15
6,2024-11-10,-0.38737679652494894,2024-11-16
6,2024-11-11,-0.5096304276793808,2024-11-17
6,2024-11-12,-0.7813969284410299,2024-11-18
6,2024-11-13,-0.9478788638718515,2024-11-19
6,2024-11-14,-0.01098926779036922,2024-11-20
6,2024-11-15,-0.6171871275151468,2024-11-21
6,2024-11-16,-0.9557730666989904,2024-11-22
6,2024-11-17,-0.42122573916462286,2024-11-23
6,2024-11-18,-0.37212202285800755,2024-11-24
6,2024-11-19,-0.6982435401619846,2024-11-25
6,2024-11-20,-0.6999543831576825,2024-11-26
6,2024-11-21,-0.804077992362261,2024-11-27
6,2024-11-22,-0.6688422991646169,2024-11-28
6,2024-11-23,-0.5569473259317536,2024-11-29
6,2024-11-24,-0.18134645873770402,2024-11-30
6,2024-11-25,0.4963753921394014,2024-12-01
6,2024-11-26,0.8654493497503485,2024-12-02
6,2024-11-27,0.9101165979812859,2024-12-03
6,2024-11-28,0.9155843761775423,2024-12-04
6,2024-11-29,0.6177381228328888,2024-12-05
6,2024-11-30,0.7876052149277888,2024-12-06
6,2024-12-01,0.9434055337449422,2024-12-07
6,2024-12-02,0.7618090020960082,2024-12-08
6,2024-12-03,0.5314901791511605,2024-12-09
6,2024-12-04,0.5724022662411348,2024-12-10
6,2024-12-05,0.760419627201244,2024-12-11
6,2024-12-06,0.40459534799455527,2024-12-12
6,2024-12-07,0.31192941134845664,2024-12-13
6,2024-12-08,0.42871077212322023,2024-12-14
6,2024-12-09,0.5426365899064498,2024-12-15
6,2024-12-10,0.7479461766927237,2024-12-16
6,2024-12-11,1.023016743988433,2024-12-17
6,2024-12-12,0.9392054173999221,2024-12-18
6,2024-12-13,0.7598654777075773,2024-12-19
6,2024-12-14,0.9407947797981417,2024-12-20
6,2024-12-15,1.345592895779002,2024-12-21
6,2024-12-16,1.338159667380512,2024-12-22
6,2024-12-17,1.1517283871872612,2024-12-23
6,2024-12-18,1.2182021189969368,2024-12-24
6,2024-12-19,1.1286254070152781,2024-12-25
6,2024-12-20,0.7811689543108182,2024-12-26
6,2024-12-21,0.5215396285445433,2024-12-27
6,2024-12-22,0.3030520082578836,2024-12-28
6,2024-12-23,0.2223769632844563,2024-12-29
6,2024-12-24,-0.015877873931300412,2024-12-30
6,2024-12-25,0.09694211483321706,2024-12-31
6,2024-12-26,0.24710830827787844,2025-01-01
6,2024-12-27,0.48661663038729003,2025-01-02
6,2024-12-28,0.5768811326256214,2025-01-03
6,2024-12-29,0.29985171087052576,2025-01-04
6,2024-12-30,0.60393720841572,2025-01-05
6,2024-12-31,1.0911539525222234,2025-01-06
6,2025-01-01,1.0117550999309337,2025-01-07
6,2025-01-02,1.142887565345253,2025-01-08
6,2025-01-03,1.0246265617378811,2025-01-09
6,2025-01-04,1.1318509431877695,2025-01-10
6,2025-01-05,1.1240069207092913,2025-01-11
6,2025-01-06,0.9987519032768053,2025-01-12
6,2025-01-07,1.0428233307357742,2025-01-13
6,2025-01-08,0.8784344647930045,2025-01-14
6,2025-01-09,0.7712602058108591,2025-01-15
6,2025-01-10,0.6947439127238588,2025-01-16
6,2025-01-11,0.16460286980341604,2025-01-17
6,2025-01-12,0.1587643464114339,2025-01-18
6,2025-01-13,0.35026856211315816,2025-01-19
6,2025-01-14,0.4403728384785746,2025-01-20
6,2025-01-15,0.38751089722684506,2025-01-21
6,2025-01-16,0.3614221806677653,2025-01-22
6,2025-01-17,0.17233258433856186,2025-01-23
6,2025-01-18,0.4854407688550945,2025-01-24
6,2025-01-19,-0.03630632282338204,2025-01-25
6,2025-01-20,-0.22115434379624915,2025-01-26
6,2025-01-21,0.08375704636075582,2025-01-27
6,2025-01-22,-0.09664031221577336,2025-01-28
6,2025-01-23,0.29035432401337935,2025-01-29
6,2025-01-24,0.526049067912213,2025-01-30
6,2025-01-25,0.40849888501834747,2025-01-31
6,2025-01-26,0.20877116274401591,2025-02-01
6,2025-01-27,0.00911476550661339,2025-02-02
6,2025-01-28,0.016000405110518347,2025-02-03
6,2025-01-29,-0.07100369572702532,2025-02-04
6,2025-01-30,-0.1146434183391721,2025-02-05
6,2025-01-31,-0.0791636958946304,2025-02-06
6,2025-02-01,0.5729342214252209,2025-02-07
6,2025-02-02,0.7104953254415405,2025-02-08
6,2025-02-03,0.7374295617089768,2025-02-09
6,2025-02-04,0.9402847747118002,2025-02-10
6,2025-02-05,1.1789736700495057,2025-02-11
6,2025-02-06,0.6220068208434447,2025-02-12
6,2025-02-07,0.049461849486515753,2025-02-13
6,2025-02-08,0.20293862154634862,2025-02-14
6,2025-02-09,0.7490549638238507,2025-02-15
6,2025-02-10,0.7575310760229237,2025-02-16
6,2025-02-11,0.9513901702073785,2025-02-17
6,2025-02-12,1.3468585815094578,2025-02-18
6,2025-02-13,1.5907203965768342,2025-02-19
6,2025-02-14,1.6993153648484625,2025-02-20
6,2025-02-15,1.4841282860580043,2025-02-21
6,2025-02-16,1.6559696177955276,2025-02-22
6,2025-02-17,1.4980801210980872,2025-02-23
6,2025-02-18,1.1890326341740054,2025-02-24
6,2025-02-19,0.9209408129390916,2025-02-25
6,2025-02-20,0.7929558722416191,2025-02-26
6,2025-02-21,1.0213971958745256,2025-02-27
6,2025-02-22,1.2389348229135266,2025-02-28
6,2025-02-23,0.836865412052449,2025-03-01
6,2025-02-24,0.3386881878845919,2025-03-02
6,2025-02-25,0.30684651560066606,2025-03-03
6,2025-02-26,-0.09225893657508295,2025-03-04
6,2025-02-27,0.14992874287589547,2025-03-05
6,2025-02-28,0.0845131879260583,2025-03-06
6,2025-03-01,-0.037679488383054544,2025-03-07
6,2025-03-02,-0.039538057340155974,2025-03-08
6,2025-03-03,-0.18290860420493874,2025-03-09
6,2025-03-04,-0.29488059030293196,2025-03-10
6,2025-03-05,-0.6674889516526242,2025-03-11
6,2025-03-06,-0.800202585009327,2025-03-12
6,2025-03-07,-0.7689619384763108,2025-03-13
7,2024-11-08,-0.28011671919545905,2024-11-15
7,2024-11-09,-0.4019226376592431,2024-11-16
7,2024-11-10,-0.3432637247767457,2024-11-17
7,2024-11-11,-0.7348241138771185,2024-11-18
7,2024-11-12,-0.5475979003762318,2024-11-19
7,2024-11-13,-0.7012765836618378,2024-11-20
7,2024-11-14,0.436021086896044,2024-11-21
7,2024-11-15,-0.6074267670434954,2024-11-22
7,2024-11-16,-0.8900792422022935,2024-11-23
7,2024-11-17,-0.6829435727506268,2024-11-24
7,2024-11-18,-0.43777750266503956,2024-11-25
7,2024-11-19,-0.8017325794794552,2024-11-26
7,2024-11-20,-0.5449916992284112,2024-11-27
7,2024-11-21,-0.694002729603144,2024-11-28
7,2024-11-22,-0.3908203954501558,2024-11-29
7,2024-11-23,-0.2501527609901917,2024-11-30
7,2024-11-24,0.5241142358285605,2024-12-01
7,2024-11-25,0.5838617639129192,2024-12-02
7,2024-11-26,1.0547027176572765,2024-12-03
7,2024-11-27,0.8673591076895862,2024-12-04
7,2024-11-28,0.6982902793794906,2024-12-05
7,2024-11-29,0.759834699096206,2024-12-06
7,2024-11-30,0.9670374359187062,2024-12-07
7,2024-12-01,0.9294729311953808,2024-12-08
7,2024-12-02,0.8705927283975556,2024-12-09
7,2024-12-03,0.5618242928757179,2024-12-10
7,2024-12-04,0.45264909066549663,2024-12-11
7,2024-12-05,0.3839147490659399,2024-12-12
7,2024-12-06,0.040780368296707184,2024-12-13
7,2024-12-07,0.39347944736647605,2024-12-14
7,2024-12-08,0.5880794625046507,2024-12-15
7,2024-12-09,0.7602674772629296,2024-12-16
7,2024-12-10,0.7376675303287571,2024-12-17
7,2024-12-11,1.210845473613651,2024-12-18
7,2024-12-12,1.0570458076818343,2024-12-19
7,2024-12-13,0.8413450731657046,2024-12-20
7,2024-12-14,1.310933771950364,2024-12-21
7,2024-12-15,1.568148601613303,2024-12-22
7,2024-12-16,1.1321459852274864,2024-12-23
7,2024-12-17,1.0072229342555812,2024-12-24
7,2024-12-18,1.2338859129478634,2024-12-25
7,2024-12-19,1.0879852819093665,2024-12-26
7,2024-12-20,0.41856207664184214,2024-12-27
7,2024-12-21,0.3315435662015363,2024-12-28
7,2024-12-22,-0.013768422339709855,2024-12-29
7,2024-12-23,0.11755727115185627,2024-12-30
7,2024-12-24,0.03188108433621655,2024-12-31
7,2024-12-25,0.042857626692488944,2025-01-01
7,2024-12-26,0.5059742940628525,2025-01-02
7,2024-12-27,0.8700891233499332,2025-01-03
7,2024-12-28,0.9081213860046315,2025-01-04
7,2024-12-29,0.4260448968067922,2025-01-05
7,2024-12-30,0.671651533044864,2025-01-06
7,2024-12-31,1.1517756618729547,2025-01-07
7,2025-01-01,0.9895358348026984,2025-01-08
7,2025-01-02,1.296101122125209,2025-01-09
7,2025-01-03,1.0984234024899295,2025-01-10
7,2025-01-04,0.9399798029908939,2025-01-11
7,2025-01-05,1.1741032369562794,2025-01-12
7,2025-01-06,1.116137051837706,2025-01-13
7,2025-01-07,0.7254767794529406,2025-01-14
7,2025-01-08,0.825075556307301,2025-01-15
7,2025-01-09,0.610278821561828,2025-01-16
7,2025-01-10,0.48746206752232407,2025-01-17
7,2025-01-11,0.1837343567636488,2025-01-18
7,2025-01-12,0.25118698447181,2025-01-19
7,2025-01-13,0.38653798318477134,2025-01-20
7,2025-01-14,0.5033835750164561,2025-01-21
7,2025-01-15,0.4700200112584976,2025-01-22
7,2025-01-16,0.6164103600592382,2025-01-23
7,2025-01-17,0.2279547357869657,2025-01-24
7,2025-01-18,0.31642464023139727,2025-01-25
7,2025-01-19,-0.17293091520991122,2025-01-26
7,2025-01-20,-0.09825307869877074,2025-01-27
7,2025-01-21,0.2685137573702903,2025-01-28
7,2025-01-22,-0.16341393094170764,2025-01-29
7,2025-01-23,0.45630537006279065,2025-01-30
7,2025-01-24,0.7273046401065688,2025-01-31
7,2025-01-25,0.021460440987510855,2025-02-01
7,2025-01-26,-0.16989419321137045,2025-02-02
7,2025-01-27,-0.4066699814732602,2025-02-03
7,2025-01-28,-0.13699103338874255,2025-02-04
7,2025-01-29,0.19678995362435,2025-02-05
7,2025-01-30,0.3795427922993767,2025-02-06
7,2025-01-31,0.2092507314839114,2025-02-07
7,2025-02-01,0.5923327203485,2025-02-08
7,2025-02-02,0.5397722181077842,2025-02-09
7,2025-02-03,1.017583670184783,2025-02-10
7,2025-02-04,0.990459304880099,2025-02-11
7,2025-02-05,0.9606124823573399,2025-02-12
7,2025-02-06,0.15691263036449465,2025-02-13
7,2025-02-07,0.31643781712099256,2025-02-14
7,2025-02-08,0.523600294657872,2025-02-15
7,2025-02-09,0.8290003787197777,2025-02-16
7,2025-02-10,0.8896028584333788,2025-02-17
7,2025-02-11,1.2560216552031493,2025-02-18
7,2025-02-12,1.6865025042104502,2025-02-19
7,2025-02-13,1.5753346010987652,2025-02-20
7,2025-02-14,1.7417297771210905,2025-02-21
7,2025-02-15,1.535441196756517,2025-02-22
7,2025-02-16,1.5903730984787519,2025-02-23
7,2025-02-17,1.1981317365887287,2025-02-24
7,2025-02-18,1.022138943703224,2025-02-25
7,2025-02-19,0.9276798638966476,2025-02-26
7,2025-02-20,0.9443759290408805,2025-02-27
7,2025-02-21,1.0249922677168684,2025-02-28
7,2025-02-22,0.7460166215682632,2025-03-01
7,2025-02-23,0.3715568269662859,2025-03-02
7,2025-02-24,0.35379226133936587,2025-03-03
7,2025-02-25,0.22525274247708466,2025-03-04
7,2025-02-26,-0.2793007670153366,2025-03-05
7,2025-02-27,0.09678522819784537,2025-03-06
7,2025-02-28,0.15751569417499955,2025-03-07
7,2025-03-01,-0.21574002441678825,2025-03-08
7,2025-03-02,-0.1795076666920743,2025-03-09
7,2025-03-03,-0.3561427623241747,2025-03-10
7,2025-03-04,-0.5613289957131528,2025-03-11
7,2025-03-05,-0.8687999047501491,2025-03-12
7,2025-03-06,-0.7504632947505824,2025-03-13
7,2025-03-07,-0.5797576803714422,2025-03-14
8,2024-11-08,-0.45882497062836713,2024-11-16
8,2024-11-09,-0.381319133805306,2024-11-17
8,2024-11-10,-0.3088427446669152,2024-11-18
8,2024-11-11,-0.4419121579206277,2024-11-19
8,2024-11-12,0.048376099024196255,2024-11-20
8,2024-11-13,-0.2131489300812042,2024-11-21
8,2024-11-14,0.5986409912589378,2024-11-22
8,2024-11-15,-0.5372464430719516,2024-11-23
8,2024-11-16,-0.6206694436353449,2024-11-24
8,2024-11-17,-0.8516608977007608,2024-11-25
8,2024-11-18,-0.61473267828538,2024-11-26
8,2024-11-19,-0.7225452698425534,2024-11-27
8,2024-11-20,-0.31422058037617556,2024-11-28
8,2024-11-21,-0.46979935631847675,2024-11-29
8,2024-11-22,-0.1602796197483046,2024-11-30
8,2024-11-23,0.22298321221072104,2024-12-01
8,2024-11-24,0.7861920760157314,2024-12-02
8,2024-11-25,0.6351665870665585,2024-12-03
8,2024-11-26,0.9873138185094925,2024-12-04
8,2024-11-27,0.8237459142670764,2024-12-05
8,2024-11-28,0.5687904456228737,2024-12-06
8,2024-11-29,0.8208262314757219,2024-12-07
8,2024-11-30,0.9668479175805439,2024-12-08
8,2024-12-01,1.0608754763880623,2024-12-09
8,2024-12-02,0.7486101175685029,2024-12-10
8,2024-12-03,0.3405179640641554,2024-12-11
8,2024-12-04,0.16342149177068604,2024-12-12
8,2024-12-05,0.16357113520338923,2024-12-13
8,2024-12-06,0.19804031110595469,2024-12-14
8,2024-12-07,0.4006842858584951,2024-12-15
8,2024-12-08,0.7410019436573217,2024-12-16
8,2024-12-09,0.7796126893931159,2024-12-17
8,2024-12-10,0.8599591526038376,2024-12-18
8,2024-12-11,1.4136839696584338,2024-12-19
8,2024-12-12,1.2521302264575447,2024-12-20
8,2024-12-13,1.1297876964015514,2024-12-21
8,2024-12-14,1.4604866821593163,2024-12-22
8,2024-12-15,1.381980887492971,2024-12-23
8,2024-12-16,1.023865902025571,2024-12-24
8,2024-12-17,1.0561757148166255,2024-12-25
8,2024-12-18,1.0953990168396603,2024-12-26
8,2024-12-19,0.8136841232208758,2024-12-27
8,2024-12-20,0.19833787170854603,2024-12-28
8,2024-12-21,0.22067014036971416,2024-12-29
8,2024-12-22,-0.21343698756897853,2024-12-30
8,2024-12-23,0.34779011423899747,2024-12-31
8,2024-12-24,-0.029518175624015777,2025-01-01
8,2024-12-25,0.14982176910654976,2025-01-02
8,2024-12-26,0.9061876219718423,2025-01-03
8,2024-12-27,1.0802832988990612,2025-01-04
8,2024-12-28,0.9857961358460229,2025-01-05
8,2024-12-29,0.5907504549923679,2025-01-06
8,2024-12-30,0.7545007958403406,2025-01-07
8,2024-12-31,1.0675773729481874,2025-01-08
8,2025-01-01,1.0815027530386352,2025-01-09
8,2025-01-02,1.2444521468101748,2025-01-10
8,2025-01-03,0.9162155209431456,2025-01-11
8,2025-01-04,1.0867975583231906,2025-01-12
8,2025-01-05,0.8798037873953947,2025-01-13
8,2025-01-06,0.7656738564895065,2025-01-14
8,2025-01-07,0.595578210737356,2025-01-15
8,2025-01-08,0.7381061459618915,2025-01-16
8,2025-01-09,0.3976409310924221,2025-01-17
8,2025-01-10,0.4485579150401533,2025-01-18
8,2025-01-11,0.3465401697883675,2025-01-19
8,2025-01-12,0.46788628261275467,2025-01-20
8,2025-01-13,0.447168099671006,2025-01-21
8,2025-01-14,0.639422802917359,2025-01-22
8,2025-01-15,0.695351002107134,2025-01-23
8,2025-01-16,0.8052148485187389,2025-01-24
8,2025-01-17,0.18903022423429858,2025-01-25
8,2025-01-18,0.17392913011682606,2025-01-26
8,2025-01-19,-0.10620847229888943,2025-01-27
8,2025-01-20,0.01679600305917511,2025-01-28
8,2025-01-21,0.6071529125051844,2025-01-29
8,2025-01-22,0.24656123857172477,2025-01-30
8,2025-01-23,0.5074581602348517,2025-01-31
8,2025-01-24,0.45967121740283434,2025-02-01
8,2025-01-25,-0.21362297427767796,2025-02-02
8,2025-01-26,-0.672911799500558,2025-02-03
8,2025-01-27,-0.5324514848072023,2025-02-04
8,2025-01-28,0.08176393514251121,2025-02-05
8,2025-01-29,0.627283235652818,2025-02-06
8,2025-01-30,0.48565533144364836,2025-02-07
8,2025-01-31,0.2957890991909113,2025-02-08
8,2025-02-01,0.41997792292233826,2025-02-09
8,2025-02-02,0.58816182016637,2025-02-10
8,2025-02-03,1.0422020520390045,2025-02-11
8,2025-02-04,0.892230650779784,2025-02-12
8,2025-02-05,0.4548398127222968,2025-02-13
8,2025-02-06,-0.09782475649725438,2025-02-14
8,2025-02-07,0.6298796765859499,2025-02-15
8,2025-02-08,0.6166229101793111,2025-02-16
8,2025-02-09,0.8138306419700087,2025-02-17
8,2025-02-10,1.1073085132495162,2025-02-18
8,2025-02-11,1.2877554824711954,2025-02-19
8,2025-02-12,1.6810284400843198,2025-02-20
8,2025-02-13,1.4271849188544674,2025-02-21
8,2025-02-14,1.8055317611280508,2025-02-22
8,2025-02-15,1.4036799764622938,2025-02-23
8,2025-02-16,1.3902474498522395,2025-02-24
8,2025-02-17,0.9402899570329101,2025-02-25
8,2025-02-18,0.9107005100707171,2025-02-26
8,2025-02-19,1.0436115358473188,2025-02-27
8,2025-02-20,0.9078723647242827,2025-02-28
8,2025-02-21,0.4558955531533738,2025-03-01
8,2025-02-22,0.36534578293478254,2025-03-02
8,2025-02-23,-0.011965157090911104,2025-03-03
8,2025-02-24,0.048441891499016086,2025-03-04
8,2025-02-25,0.035295442768758796,2025-03-05
8,2025-02-26,-0.26489283297632604,2025-03-06
8,2025-02-27,0.29204976332269716,2025-03-07
8,2025-02-28,-0.020520247103270366,2025-03-08
8,2025-03-01,-0.29405544804585054,2025-03-09
8,2025-03-02,-0.2967094315948764,2025-03-10
8,2025-03-03,-0.5921454969119766,2025-03-11
8,2025-03-04,-0.769818466283077,2025-03-12
8,2025-03-05,-0.8486676689439316,2025-03-13
8,2025-03-06,-0.4398091783368312,2025-03-14
8,2025-03-07,-0.24565644278261375,2025-03-15
9,2024-11-08,-0.6252189087163196,2024-11-17
9,2024-11-09,-0.8064106631535093,2024-11-18
9,2024-11-10,-0.0792638726377655,2024-11-19
9,2024-11-11,-0.04574963290742885,2024-11-20
9,2024-11-12,0.7176714749044033,2024-11-21
9,2024-11-13,-0.6403444096299235,2024-11-22
9,2024-11-14,0.45545305812984566,2024-11-23
9,2024-11-15,-0.6088646706522562,2024-11-24
9,2024-11-16,-0.1864278506011481,2024-11-25
9,2024-11-17,-0.9081114521132205,2024-11-26
9,2024-11-18,-0.8600116926600241,2024-11-27
9,2024-11-19,-0.6220413927910164,2024-11-28
9,2024-11-20,-0.416267358075028,2024-11-29
9,2024-11-21,-0.22215256845009723,2024-11-30
9,2024-11-22,0.2874617292494034,2024-12-01
9,2024-11-23,0.6392265007245076,2024-12-02
9,2024-11-24,0.8274305389597202,2024-12-03
9,2024-11-25,0.6741098514580629,2024-12-04
9,2024-11-26,0.7980365488595826,2024-12-05
9,2024-11-27,0.8581079547725833,2024-12-06
9,2024-11-28,0.7461017658576962,2024-12-07
9,2024-11-29,0.8867943469158884,2024-12-08
9,2024-11-30,0.9323228342161181,2024-12-09
9,2024-12-01,0.9711003840593206,2024-12-10
9,2024-12-02,0.6505008327376927,2024-12-11
9,2024-12-03,0.08685213414382972,2024-12-12
9,2024-12-04,0.26386151585737855,2024-12-13
9,2024-12-05,0.026014671581755182,2024-12-14
9,2024-12-06,0.18174802846868296,2024-12-15
9,2024-12-07,0.6138091488548486,2024-12-16
9,2024-12-08,0.8031361886783569,2024-12-17
9,2024-12-09,0.7280420292670816,2024-12-18
9,2024-12-10,0.975598992783085,2024-12-19
9,2024-12-11,1.3169588079138959,2024-12-20
9,2024-12-12,1.4010157099814522,2024-12-21
9,2024-12-13,1.4818259619667817,2024-12-22
9,2024-12-14,1.3262714979428698,2024-12-23
9,2024-12-15,1.1297656596783123,2024-12-24
9,2024-12-16,1.2186259914513464,2024-12-25
9,2024-12-17,1.174589570766857,2024-12-26
9,2024-12-18,0.8789857697383102,2024-12-27
9,2024-12-19,0.5935269321803744,2024-12-28
9,2024-12-20,-0.09684768952383047,2024-12-29
9,2024-12-21,0.08050735644985921,2024-12-30
9,2024-12-22,-0.10854706479220885,2024-12-31
9,2024-12-23,0.26014527315108465,2025-01-01
9,2024-12-24,-0.0482432215189445,2025-01-02
9,2024-12-25,0.3695626092310184,2025-01-03
9,2024-12-26,0.8786814954785062,2025-01-04
9,2024-12-27,1.1963961047907485,2025-01-05
9,2024-12-28,0.9810745947242911,2025-01-06
9,2024-12-29,0.7939927507451902,2025-01-07
9,2024-12-30,0.7334521702581924,2025-01-08
9,2024-12-31,1.1001009418041137,2025-01-09
9,2025-01-01,0.9181369129262864,2025-01-10
9,2025-01-02,0.9810576475072014,2025-01-11
9,2025-01-03,0.8927924555293848,2025-01-12
9,2025-01-04,1.0549985312027834,2025-01-13
9,2025-01-05,0.4867634581264604,2025-01-14
9,2025-01-06,0.2954412037891765,2025-01-15
9,2025-01-07,0.5801944248563403,2025-01-16
9,2025-01-08,0.614689598219981,2025-01-17
9,2025-01-09,0.28404516783955674,2025-01-18
9,2025-01-10,0.4897494838345881,2025-01-19
9,2025-01-11,0.36137455686645875,2025-01-20
9,2025-01-12,0.6186121803146114,2025-01-21
9,2025-01-13,0.5367004541714552,2025-01-22
9,2025-01-14,0.8079399074666267,2025-01-23
9,2025-01-15,0.7515116264411914,2025-01-24
9,2025-01-16,0.7101235266964858,2025-01-25
9,2025-01-17,0.15768276999185316,2025-01-26
9,2025-01-18,0.10204344755459673,2025-01-27
9,2025-01-19,0.2357786336153007,2025-01-28
9,2025-01-20,0.4057180540678729,2025-01-29
9,2025-01-21,0.8090636419333005,2025-01-30
9,2025-01-22,0.6320716891626997,2025-01-31
9,2025-01-23,0.2248996212365624,2025-02-01
9,2025-01-24,-0.11157951982310707,2025-02-02
9,2025-01-25,-0.44156810922305667,2025-02-03
9,2025-01-26,-1.0148898475796087,2025-02-04
9,2025-01-27,-0.45281679940981023,2025-02-05
9,2025-01-28,0.18114026983957274,2025-02-06
9,2025-01-29,0.6454529150232692,2025-02-07
9,2025-01-30,0.5523687678486915,2025-02-08
9,2025-01-31,0.18788248433153606,2025-02-09
9,2025-02-01,0.30529579541671664,2025-02-10
9,2025-02-02,0.7903478842116768,2025-02-11
9,2025-02-03,0.9143671137057657,2025-02-12
9,2025-02-04,0.6361503542358935,2025-02-13
9,2025-02-05,0.28886051758743897,2025-02-14
9,2025-02-06,-0.15292665958644797,2025-02-15
9,2025-02-07,0.5927498255638582,2025-02-16
9,2025-02-08,0.5552443585118726,2025-02-17
9,2025-02-09,0.6745615041352792,2025-02-18
9,2025-02-10,1.3106231905481294,2025-02-19
9,2025-02-11,0.9773198124068811,2025-02-20
9,2025-02-12,1.5105428574761628,2025-02-21
9,2025-02-13,1.516933321064592,2025-02-22
9,2025-02-14,1.8322828689238275,2025-02-23
9,2025-02-15,1.3108352730018498,2025-02-24
9,2025-02-16,1.3259002545858556,2025-02-25
9,2025-02-17,0.6429949339383575,2025-02-26
9,2025-02-18,1.020271315484524,2025-02-27
9,2025-02-19,0.9720690195210111,2025-02-28
9,2025-02-20,0.1896428573914222,2025-03-01
9,2025-02-21,0.14889424467354706,2025-03-02
9,2025-02-22,0.18504226948906485,2025-03-03
9,2025-02-23,-0.5134699952843237,2025-03-04
9,2025-02-24,-0.2576340909269664,2025-03-05
9,2025-02-25,-0.19281743771341744,2025-03-06
9,2025-02-26,-0.011111962925883042,2025-03-07
9,2025-02-27,0.1894190760038673,2025-03-08
9,2025-02-28,-0.26470523228839415,2025-03-09
9,2025-03-01,-0.3891812826877168,2025-03-10
9,2025-03-02,-0.43365010891007066,2025-03-11
9,2025-03-03,-0.7836701931681396,2025-03-12
9,2025-03-04,-0.6787790278582818,2025-03-13
9,2025-03-05,-0.679065825780938,2025-03-14
9,2025-03-06,-0.04943295031543694,2025-03-15
9,2025-03-07,0.052905897333441,2025-03-16
10,2024-11-08,-0.5164066882880619,2024-11-18
10,2024-11-09,-0.8531428214428205,2024-11-19
10,2024-11-10,0.20558400776918023,2024-11-20
10,2024-11-11,0.37551893524388386,2024-11-21
10,2024-11-12,0.9868477420366232,2024-11-22
10,2024-11-13,-0.801859362698744,2024-11-23
10,2024-11-14,0.2607171718168686,2024-11-24
10,2024-11-15,-0.7073262493740436,2024-11-25
10,2024-11-16,-0.07956196306638841,2024-11-26
10,2024-11-17,-0.8386156729147021,2024-11-27
10,2024-11-18,-1.1438630969903811,2024-11-28
10,2024-11-19,-0.7607060349762375,2024-11-29
10,2024-11-20,-0.4818377134548717,2024-11-30
10,2024-11-21,0.1668857459887279,2024-12-01
10,2024-11-22,0.506492924528245,2024-12-02
10,2024-11-23,1.0021213224098124,2024-12-03
10,2024-11-24,0.5592890584949085,2024-12-04
10,2024-11-25,0.6773869642564242,2024-12-05
10,2024-11-26,0.8835400186784425,2024-12-06
10,2024-11-27,0.7130883214958835,2024-12-07
10,2024-11-28,0.9599336523585791,2024-12-08
10,2024-11-29,0.8003252396288245,2024-12-09
10,2024-11-30,0.8211171548609352,2024-12-10
10,2024-12-01,0.9187596541120026,2024-12-11
10,2024-12-02,0.2152070589689693,2024-12-12
10,2024-12-03,0.14883363526553708,2024-12-13
10,2024-12-04,0.10241798584399375,2024-12-14
10,2024-12-05,0.04754709865417055,2024-12-15
10,2024-12-06,0.410230131119507,2024-12-16
10,2024-12-07,0.8443575234469725,2024-12-17
10,2024-12-08,0.8606482336340397,2024-12-18
10,2024-12-09,0.6957541916301597,2024-12-19
10,2024-12-10,0.8626417300252901,2024-12-20
10,2024-12-11,1.0843165967736068,2024-12-21
10,2024-12-12,1.3044570899426562,2024-12-22
10,2024-12-13,1.6028297326467027,2024-12-23
10,2024-12-14,1.119043745792799,2024-12-24
10,2024-12-15,0.9336937971252797,2024-12-25
10,2024-12-16,1.2383038839817158,2024-12-26
10,2024-12-17,0.7995297588793426,2024-12-27
10,2024-12-18,0.8356353533400541,2024-12-28
10,2024-12-19,0.3919644636861992,2024-12-29
10,2024-12-20,-0.2801899978156673,2024-12-30
10,2024-12-21,0.05384856871911679,2024-12-31
10,2024-12-22,-0.2680257362343317,2025-01-01
10,2024-12-23,-0.07996163755834369,2025-01-02
10,2024-12-24,0.04259377306610933,2025-01-03
10,2024-12-25,0.44165716071885325,2025-01-04
10,2024-12-26,0.5725702793398736,2025-01-05
10,2024-12-27,1.1960361837509892,2025-01-06
10,2024-12-28,0.8631675499084793,2025-01-07
10,2024-12-29,0.7847587360397655,2025-01-08
10,2024-12-30,0.8256445923177276,2025-01-09
10,2024-12-31,1.264032582657766,2025-01-10
10,2025-01-01,0.4813568300490577,2025-01-11
10,2025-01-02,0.9519698709542008,2025-01-12
10,2025-01-03,0.8185552535520717,2025-01-13
10,2025-01-04,0.6565574201498418,2025-01-14
10,2025-01-05,0.27645537048180163,2025-01-15
10,2025-01-06,-0.11369144940876426,2025-01-16
10,2025-01-07,0.43694385562678784,2025-01-17
10,2025-01-08,0.8346963341998281,2025-01-18
10,2025-01-09,0.1892776742072378,2025-01-19
10,2025-01-10,0.598041848293454,2025-01-20
10,2025-01-11,0.21049363705596102,2025-01-21
10,2025-01-12,0.5785928367914457,2025-01-22
10,2025-01-13,0.5336441978759964,2025-01-23
10,2025-01-14,0.8893089635157854,2025-01-24
10,2025-01-15,0.4591032428622766,2025-01-25
10,2025-01-16,0.379314263242215,2025-01-26
10,2025-01-17,-0.06434851107266791,2025-01-27
10,2025-01-18,0.03422987203777547,2025-01-28
10,2025-01-19,0.4697597075489868,2025-01-29
10,2025-01-20,0.861444821474942,2025-01-30
10,2025-01-21,0.6946516263966579,2025-01-31
10,2025-01-22,0.62213638966528,2025-02-01
10,2025-01-23,-0.47686035209783045,2025-02-02
10,2025-01-24,-0.6600627028361118,2025-02-03
10,2025-01-25,-0.6537173733869905,2025-02-04
10,2025-01-26,-0.9250700798786166,2025-02-05
10,2025-01-27,-0.456521659818967,2025-02-06
10,2025-01-28,0.02702691007372149,2025-02-07
10,2025-01-29,0.6525098309786145,2025-02-08
10,2025-01-30,0.43858482382976166,2025-02-09
10,2025-01-31,0.16510614247829514,2025-02-10
10,2025-02-01,0.18457375173778132,2025-02-11
10,2025-02-02,0.7677320492823411,2025-02-12
10,2025-02-03,0.758737348318451,2025-02-13
10,2025-02-04,0.49592430354243744,2025-02-14
10,2025-02-05,0.4466238638391471,2025-02-15
10,2025-02-06,0.046096327775193006,2025-02-16
10,2025-02-07,0.6106561765320405,2025-02-17
10,2025-02-08,0.6664582371438443,2025-02-18
10,2025-02-09,0.5605997278638157,2025-02-19
10,2025-02-10,1.3936930320312453,2025-02-20
10,2025-02-11,0.8350914643125954,2025-02-21
10,2025-02-12,1.5405350240469746,2025-02-22
10,2025-02-13,1.7652429178074556,2025-02-23
10,2025-02-14,1.743418763509103,2025-02-24
10,2025-02-15,1.1615351859942502,2025-02-25
10,2025-02-16,1.1700365572325326,2025-02-26
10,2025-02-17,0.372805534580438,2025-02-27
10,2025-02-18,1.0701183728604555,2025-02-28
10,2025-02-19,0.15012587206096709,2025-03-01
10,2025-02-20,-0.06623631677832796,2025-03-02
10,2025-02-21,0.03122498192515363,2025-03-03
10,2025-02-22,0.03557481446814097,2025-03-04
10,2025-02-23,-0.9786273975316272,2025-03-05
10,2025-02-24,-0.3710664634875851,2025-03-06
10,2025-02-25,-0.25384479725877795,2025-03-07
10,2025-02-26,0.028003635104326047,2025-03-08
10,2025-02-27,0.19174022737978066,2025-03-09
10,2025-02-28,-0.3229415301248537,2025-03-10
10,2025-03-01,-0.39166654172577886,2025-03-11
10,2025-03-02,-0.5440454963725307,2025-03-12
10,2025-03-03,-0.6677952199891751,2025-03-13
10,2025-03-04,-0.49150530524398445,2025-03-14
10,2025-03-05,-0.2651630438324149,2025-03-15
10,2025-03-06,-0.1184386315958729,2025-03-16
10,2025-03-07,0.4230634442967152,2025-03-17
11,2024-11-08,-0.3036330347047762,2024-11-19
11,2024-11-09,-0.43718081934788766,2024-11-20
11,2024-11-10,0.25961859721752756,2024-11-21
11,2024-11-11,0.6928405783018524,2024-11-22
11,2024-11-12,0.6192915581979599,2024-11-23
11,2024-11-13,-0.5821620981932949,2024-11-24
11,2024-11-14,0.16985624312725167,2024-11-25
11,2024-11-15,-0.6790831224399294,2024-11-26
11,2024-11-16,-0.15088114908777453,2024-11-27
11,2024-11-17,-0.790091852613403,2024-11-28
11,2024-11-18,-1.4566455364989221,2024-11-29
11,2024-11-19,-0.7760974454702143,2024-11-30
11,2024-11-20,0.06436430309085273,2024-12-01
11,2024-11-21,0.11773251325585149,2024-12-02
11,2024-11-22,0.4982570445671193,2024-12-03
11,2024-11-23,1.1337799544972396,2024-12-04
11,2024-11-24,0.29875193940058237,2024-12-05
11,2024-11-25,0.28206246999517626,2024-12-06
11,2024-11-26,1.0283220692604504,2024-12-07
11,2024-11-27,0.5738779383263231,2024-12-08
11,2024-11-28,0.9271223632638869,2024-12-09
11,2024-11-29,0.9668522631822017,2024-12-10
11,2024-11-30,0.792662992094624,2024-12-11
11,2024-12-01,0.3272723775236428,2024-12-12
11,2024-12-02,0.0330283717077565,2024-12-13
11,2024-12-03,0.3092351598921508,2024-12-14
11,2024-12-04,-0.15138465819119687,2024-12-15
11,2024-12-05,0.356180702045579,2024-12-16
11,2024-12-06,0.6263428597194539,2024-12-17
11,2024-12-07,1.0521370017275316,2024-12-18
11,2024-12-08,0.841510460888923,2024-12-19
11,2024-12-09,0.6015638118912111,2024-12-20
11,2024-12-10,0.598339411128576,2024-12-21
11,2024-12-11,0.8541829870828826,2024-12-22
11,2024-12-12,1.297726431256058,2024-12-23
11,2024-12-13,1.5917970478821,2024-12-24
11,2024-12-14,1.0619371021371609,2024-12-25
11,2024-12-15,0.8433218045540899,2024-12-26
11,2024-12-16,0.7781925401966341,2024-12-27
11,2024-12-17,0.4042376861841336,2024-12-28
11,2024-12-18,0.8510061153432242,2024-12-29
11,2024-12-19,0.4735297708911078,2024-12-30
11,2024-12-20,-0.21977189801075725,2024-12-31
11,2024-12-21,0.15391120619433027,2025-01-01
11,2024-12-22,-0.40917254859255486,2025-01-02
11,2024-12-23,-0.34970186658182256,2025-01-03
11,2024-12-24,0.08128610874568468,2025-01-04
11,2024-12-25,0.5040728919682212,2025-01-05
11,2024-12-26,0.4642676642266047,2025-01-06
11,2024-12-27,1.027051787528131,2025-01-07
11,2024-12-28,0.9025538827425529,2025-01-08
11,2024-12-29,0.974637702372912,2025-01-09
11,2024-12-30,0.9749207370465993,2025-01-10
11,2024-12-31,1.291851192207689,2025-01-11
11,2025-01-01,0.45700373917016246,2025-01-12
11,2025-01-02,0.8150089634896557,2025-01-13
11,2025-01-03,0.39371237722886665,2025-01-14
11,2025-01-04,0.10398898668866483,2025-01-15
11,2025-01-05,-0.16133286693258483,2025-01-16
11,2025-01-06,-0.4541957607771835,2025-01-17
11,2025-01-07,0.510182862166411,2025-01-18
11,2025-01-08,1.0964551456879714,2025-01-19
11,2025-01-09,0.32713382564298815,2025-01-20
11,2025-01-10,0.5210437544688321,2025-01-21
11,2025-01-11,0.2817043898673316,2025-01-22
11,2025-01-12,0.3675674899300768,2025-01-23
11,2025-01-13,0.4952592867675352,2025-01-24
11,2025-01-14,0.8174253716289992,2025-01-25
11,2025-01-15,0.4194793843175792,2025-01-26
11,2025-01-16,0.10811439576760694,2025-01-27
11,2025-01-17,-0.5260502323917057,2025-01-28
11,2025-01-18,0.09624613337429898,2025-01-29
11,2025-01-19,0.648164853750434,2025-01-30
11,2025-01-20,1.018193917635212,2025-01-31
11,2025-01-21,0.4737043546403128,2025-02-01
11,2025-01-22,0.36749233082198274,2025-02-02
11,2025-01-23,-0.8116670072773012,2025-02-03
11,2025-01-24,-0.8067443394484993,2025-02-04
11,2025-01-25,-0.38008087641044014,2025-02-05
11,2025-01-26,-0.776037477230859,2025-02-06
11,2025-01-27,-0.3203477139782988,2025-02-07
11,2025-01-28,0.051863633133850305,2025-02-08
11,2025-01-29,0.5721834018078764,2025-02-09
11,2025-01-30,0.28949473709785484,2025-02-10
11,2025-01-31,-0.2267490646595642,2025-02-11
11,2025-02-01,-0.18104003161508042,2025-02-12
11,2025-02-02,0.41493578669464626,2025-02-13
11,2025-02-03,0.7223436166869457,2025-02-14
11,2025-02-04,0.5920184933937385,2025-02-15
11,2025-02-05,0.5810516215906232,2025-02-16
11,2025-02-06,0.48945096910705943,2025-02-17
11,2025-02-07,0.8220212296349799,2025-02-18
11,2025-02-08,0.826477025828346,2025-02-19
11,2025-02-09,0.30310732152967823,2025-02-20
11,2025-02-10,1.488493369028065,2025-02-21
11,2025-02-11,0.8907338429232183,2025-02-22
11,2025-02-12,1.5196486418121755,2025-02-23
11,2025-02-13,1.9544164112680529,2025-02-24
11,2025-02-14,1.840595477086642,2025-02-25
11,2025-02-15,0.7810980698630439,2025-02-26
11,2025-02-16,0.9957889031727354,2025-02-27
11,2025-02-17,-0.17364583592681196,2025-02-28
11,2025-02-18,0.4578847556093206,2025-03-01
11,2025-02-19,-0.35082296231888144,2025-03-02
11,2025-02-20,-0.16123119886945406,2025-03-03
11,2025-02-21,-0.1819205203599081,2025-03-04
11,2025-02-22,-0.06279839471702546,2025-03-05
11,2025-02-23,-1.2004544392730634,2025-03-06
11,2025-02-24,-0.277093982200286,2025-03-07
11,2025-02-25,-0.14052346153686723,2025-03-08
11,2025-02-26,-0.08848496651525825,2025-03-09
11,2025-02-27,0.2562967320174902,2025-03-10
11,2025-02-28,-0.23062325631431285,2025-03-11
11,2025-03-01,-0.04402096007948423,2025-03-12
11,2025-03-02,-0.6487601334729602,2025-03-13
11,2025-03-03,-0.6917888048949437,2025-03-14
11,2025-03-04,-0.24325017288276402,2025-03-15
11,2025-03-05,-0.19059585127841264,2025-03-16
11,2025-03-06,-0.23026444568353077,2025-03-17
11,2025-03-07,0.21223919594390162,2025-03-18
12,2024-11-08,-0.0725730569608913,2024-11-20
12,2024-11-09,0.1931589398599284,2024-11-21
12,2024-11-10,0.07996999495325136,2024-11-22
12,2024-11-11,0.11068429237914487,2024-11-23
12,2024-11-12,0.03941657924095447,2024-11-24
12,2024-11-13,-0.6233268800287192,2024-11-25
12,2024-11-14,0.23492583821783333,2024-11-26
12,2024-11-15,-0.8384228502055319,2024-11-27
12,2024-11-16,-0.14790176399022925,2024-11-28
12,2024-11-17,-0.6588798687720279,2024-11-29
12,2024-11-18,-1.3080400163211503,2024-11-30
12,2024-11-19,-0.18193840760565758,2024-12-01
12,2024-11-20,0.23273025330884442,2024-12-02
12,2024-11-21,-0.0598081609685948,2024-12-03
12,2024-11-22,0.15512368760718576,2024-12-04
12,2024-11-23,1.294270734560745,2024-12-05
12,2024-11-24,0.46139688611439605,2024-12-06
12,2024-11-25,-0.1253470361057774,2024-12-07
12,2024-11-26,0.7950336329728341,2024-12-08
12,2024-11-27,0.5057989778678152,2024-12-09
12,2024-11-28,0.5188779736965882,2024-12-10
12,2024-11-29,1.1474697782415297,2024-12-11
12,2024-11-30,0.6204989635058565,2024-12-12
12,2024-12-01,-0.133839629825726,2024-12-13
12,2024-12-02,-0.17274755265203892,2024-12-14
12,2024-12-03,0.09689671309514232,2024-12-15
12,2024-12-04,-0.24472488224005104,2024-12-16
12,2024-12-05,0.3132507221271966,2024-12-17
12,2024-12-06,0.8142798490140322,2024-12-18
12,2024-12-07,1.0912865624196326,2024-12-19
12,2024-12-08,0.8700069820027954,2024-12-20
12,2024-12-09,0.3420773786813822,2024-12-21
12,2024-12-10,0.22561269203777615,2024-12-22
12,2024-12-11,0.9501636837542947,2024-12-23
12,2024-12-12,1.1555005016751188,2024-12-24
12,2024-12-13,1.5307466213465557,2024-12-25
12,2024-12-14,0.9464473224067367,2024-12-26
12,2024-12-15,0.5077387028783366,2024-12-27
12,2024-12-16,0.6140141183804899,2024-12-28
12,2024-12-17,0.4030156136006261,2024-12-29
12,2024-12-18,0.9244299523318917,2024-12-30
12,2024-12-19,0.5825176401968889,2024-12-31
12,2024-12-20,-0.4230297623165404,2025-01-01
12,2024-12-21,-0.3047896558960841,2025-01-02
12,2024-12-22,-0.1351694427338119,2025-01-03
12,2024-12-23,-0.4115061583698478,2025-01-04
12,2024-12-24,0.35927229750795003,2025-01-05
12,2024-12-25,0.6284119998703598,2025-01-06
12,2024-12-26,0.5534071660138947,2025-01-07
12,2024-12-27,0.9577380187458318,2025-01-08
12,2024-12-28,1.0549443820992561,2025-01-09
12,2024-12-29,1.2699060586695625,2025-01-10
12,2024-12-30,0.8424873572441779,2025-01-11
12,2024-12-31,1.141482965181888,2025-01-12
12,2025-01-01,0.6526209036914433,2025-01-13
12,2025-01-02,0.6311720720176993,2025-01-14
12,2025-01-03,0.06573960198792657,2025-01-15
12,2025-01-04,-0.3641739603303074,2025-01-16
12,2025-01-05,-0.44731845216130295,2025-01-17
12,2025-01-06,-0.6528661971016891,2025-01-18
12,2025-01-07,0.8446297979274535,2025-01-19
12,2025-01-08,0.9459319821669538,2025-01-20
12,2025-01-09,0.1990251748338472,2025-01-21
12,2025-01-10,0.6351152426615351,2025-01-22
12,2025-01-11,0.30579002030435953,2025-01-23
12,2025-01-12,0.218594932201327,2025-01-24
12,2025-01-13,0.1727338724093647,2025-01-25
12,2025-01-14,1.0867308485863387,2025-01-26
12,2025-01-15,0.5205297588584924,2025-01-27
12,2025-01-16,-0.07130847262246442,2025-01-28
12,2025-01-17,-0.5242134064529065,2025-01-29
12,2025-01-18,0.42621344909422704,2025-01-30
12,2025-01-19,0.7969987234983255,2025-01-31
12,2025-01-20,0.7660070524665268,2025-02-01
12,2025-01-21,0.3488183145811654,2025-02-02
12,2025-01-22,0.4688454074054181,2025-02-03
12,2025-01-23,-0.8517474907394896,2025-02-04
12,2025-01-24,-0.8984678563509646,2025-02-05
12,2025-01-25,-0.15065088054294326,2025-02-06
12,2025-01-26,-0.7684024158786119,2025-02-07
12,2025-01-27,0.006032838729530141,2025-02-08
12,2025-01-28,0.18421073364084412,2025-02-09
12,2025-01-29,0.4495237046123703,2025-02-10
12,2025-01-30,0.07188555077144469,2025-02-11
12,2025-01-31,-0.6267086039789327,2025-02-12
12,2025-02-01,-0.5439460989856933,2025-02-13
12,2025-02-02,0.2683126434654038,2025-02-14
12,2025-02-03,0.5517233093046588,2025-02-15
12,2025-02-04,0.6165710627466668,2025-02-16
12,2025-02-05,0.4762715486072421,2025-02-17
12,2025-02-06,0.7362299622566993,2025-02-18
12,2025-02-07,0.7973145506671298,2025-02-19
12,2025-02-08,0.7368797687562572,2025-02-20
12,2025-02-09,0.18586545306430816,2025-02-21
12,2025-02-10,1.468128523190798,2025-02-22
12,2025-02-11,0.7011735230007725,2025-02-23
12,2025-02-12,1.3849093175538876,2025-02-24
12,2025-02-13,2.121512434181939,2025-02-25
12,2025-02-14,1.944329093738649,2025-02-26
12,2025-02-15,0.5632784645055472,2025-02-27
12,2025-02-16,0.8696958093539422,2025-02-28
12,2025-02-17,-1.089483811477261,2025-03-01
12,2025-02-18,-0.42095898223940814,2025-03-02
12,2025-02-19,-0.5211013687526294,2025-03-03
12,2025-02-20,-0.6735585602931478,2025-03-04
12,2025-02-21,-0.252831509583071,2025-03-05
12,2025-02-22,-0.23304401837127764,2025-03-06
12,2025-02-23,-1.176544922190687,2025-03-07
12,2025-02-24,-0.46869838250664664,2025-03-08
12,2025-02-25,-0.17990309217350653,2025-03-09
12,2025-02-26,-0.2132273858515691,2025-03-10
12,2025-02-27,0.13614977033763165,2025-03-11
12,2025-02-28,-0.1704601373169041,2025-03-12
12,2025-03-01,-0.2143703781578614,2025-03-13
12,2025-03-02,-0.6914185088437526,2025-03-14
12,2025-03-03,-0.5132276014477272,2025-03-15
12,2025-03-04,-0.1300078729077045,2025-03-16
12,2025-03-05,-0.0979332380982574,2025-03-17
12,2025-03-06,-0.45608844176847846,2025-03-18
12,2025-03-07,0.14069648076033217,2025-03-19
13,2024-11-08,0.1771137089379796,2024-11-21
13,2024-11-09,0.6035761076256009,2024-11-22
13,2024-11-10,-0.11284046244294933,2024-11-23
13,2024-11-11,-0.5369093499818492,2024-11-24
13,2024-11-12,-0.08562422250070252,2024-11-25
13,2024-11-13,-0.3557172305557778,2024-11-26
13,2024-11-14,0.08032268728393363,2024-11-27
13,2024-11-15,-0.6547878659253705,2024-11-28
13,2024-11-16,-0.12488530659739626,2024-11-29
13,2024-11-17,-0.28023383398314883,2024-11-30
13,2024-11-18,-0.7788429193185462,2024-12-01
13,2024-11-19,-0.07306505003326777,2024-12-02
13,2024-11-20,0.5056041996245119,2024-12-03
13,2024-11-21,-0.07056506075747025,2024-12-04
13,2024-11-22,-0.2994288238392761,2024-12-05
13,2024-11-23,1.1998286698213156,2024-12-06
13,2024-11-24,0.4981645757608496,2024-12-07
13,2024-11-25,-0.04422652620184763,2024-12-08
13,2024-11-26,0.5254121916678987,2024-12-09
13,2024-11-27,0.4172499068049628,2024-12-10
13,2024-11-28,0.1008211820738492,2024-12-11
13,2024-11-29,1.17136896900846,2024-12-12
13,2024-11-30,0.5614814082927733,2024-12-13
13,2024-12-01,-0.4482981108546752,2024-12-14
13,2024-12-02,-0.7071589707354835,2024-12-15
13,2024-12-03,0.06865619304947353,2024-12-16
13,2024-12-04,-0.2140455324569566,2024-12-17
13,2024-12-05,0.24633406546636472,2024-12-18
13,2024-12-06,1.0303525420011201,2024-12-19
13,2024-12-07,1.2093564406635846,2024-12-20
13,2024-12-08,1.0181056818410001,2024-12-21
13,2024-12-09,-0.06709261778417334,2024-12-22
13,2024-12-10,0.6336731719920109,2024-12-23
13,2024-12-11,0.9187120704466218,2024-12-24
13,2024-12-12,1.095479902180806,2024-12-25
13,2024-12-13,1.3321122560160157,2024-12-26
13,2024-12-14,0.48971382481462244,2024-12-27
13,2024-12-15,0.21821124373194525,2024-12-28
13,2024-12-16,0.9279170721167879,2024-12-29
13,2024-12-17,0.23319270413175772,2024-12-30
13,2024-12-18,0.6063008068560428,2024-12-31
13,2024-12-19,0.6018603562840649,2025-01-01
13,2024-12-20,-0.7467550767550881,2025-01-02
13,2024-12-21,-0.9759082691324181,2025-01-03
13,2024-12-22,0.2704498880213211,2025-01-04
13,2024-12-23,-0.5023959231516962,2025-01-05
13,2024-12-24,0.2765693200896473,2025-01-06
13,2024-12-25,1.05256132946644,2025-01-07
13,2024-12-26,0.1708530115686016,2025-01-08
13,2024-12-27,1.0788223972016435,2025-01-09
13,2024-12-28,1.1819917792668724,2025-01-10
13,2024-12-29,1.2151962717186051,2025-01-11
13,2024-12-30,0.5199247438739047,2025-01-12
13,2024-12-31,0.8545489969403528,2025-01-13
13,2025-01-01,0.755300551362736,2025-01-14
13,2025-01-02,0.5366906259598253,2025-01-15
13,2025-01-03,-0.012419954706465248,2025-01-16
13,2025-01-04,-0.5933216249095961,2025-01-17
13,2025-01-05,-0.3405698756321096,2025-01-18
13,2025-01-06,-0.8076786492055797,2025-01-19
13,2025-01-07,0.8976422161584839,2025-01-20
13,2025-01-08,0.29162629028293235,2025-01-21
13,2025-01-09,0.18000405657378754,2025-01-22
13,2025-01-10,0.7245945702105172,2025-01-23
13,2025-01-11,-0.11943299246728553,2025-01-24
13,2025-01-12,0.2479015920307552,2025-01-25
13,2025-01-13,-0.10199752392524475,2025-01-26
13,2025-01-14,0.9963245702392772,2025-01-27
13,2025-01-15,0.32020683743927575,2025-01-28
13,2025-01-16,0.07284971018157957,2025-01-29
13,2025-01-17,-0.17761414763865518,2025-01-30
13,2025-01-18,0.5774952177409938,2025-01-31
13,2025-01-19,0.7453397936889413,2025-02-01
13,2025-01-20,0.46441507206109417,2025-02-02
13,2025-01-21,0.28586988737085367,2025-02-03
13,2025-01-22,0.47175577150526005,2025-02-04
13,2025-01-23,-0.9647195298630022,2025-02-05
13,2025-01-24,-1.128214258400415,2025-02-06
13,2025-01-25,-0.1940461783125063,2025-02-07
13,2025-01-26,-0.5365887387344147,2025-02-08
13,2025-01-27,0.22025752832582635,2025-02-09
13,2025-01-28,0.15351549480217866,2025-02-10
13,2025-01-29,0.33175690826101983,2025-02-11
13,2025-01-30,-0.06730029910326761,2025-02-12
13,2025-01-31,-0.8507314513396957,2025-02-13
13,2025-02-01,-0.4702560207582855,2025-02-14
13,2025-02-02,0.3060109124999981,2025-02-15
13,2025-02-03,0.4489625052046311,2025-02-16
13,2025-02-04,0.3021099621774499,2025-02-17
13,2025-02-05,0.4437896018986943,2025-02-18
13,2025-02-06,0.719226042900638,2025-02-19
13,2025-02-07,0.5604580062688208,2025-02-20
13,2025-02-08,0.6426185379246198,2025-02-21
13,2025-02-09,0.28723650835664166,2025-02-22
13,2025-02-10,1.4195576820581501,2025-02-23
13,2025-02-11,0.6794324319963143,2025-02-24
13,2025-02-12,1.2936462366547017,2025-02-25
13,2025-02-13,2.0140367964801893,2025-02-26
13,2025-02-14,1.6982442239834326,2025-02-27
13,2025-02-15,0.615336920069437,2025-02-28
13,2025-02-16,0.20783404133618727,2025-03-01
13,2025-02-17,-1.1564753429317949,2025-03-02
13,2025-02-18,-0.8297085373095726,2025-03-03
13,2025-02-19,-0.6037645221440832,2025-03-04
13,2025-02-20,-0.7863033517693946,2025-03-05
13,2025-02-21,-0.34355950611858105,2025-03-06
13,2025-02-22,-0.5821087132255854,2025-03-07
13,2025-02-23,-1.0941386276283382,2025-03-08
13,2025-02-24,-0.5536936546911942,2025-03-09
13,2025-02-25,-0.15494910877613013,2025-03-10
13,2025-02-26,-0.16306742539771352,2025-03-11
13,2025-02-27,0.07828194449359432,2025-03-12
13,2025-02-28,-0.27424022183576,2025-03-13
13,2025-03-01,-0.3024850511532146,2025-03-14
13,2025-03-02,-0.804475549823089,2025-03-15
13,2025-03-03,-0.3561679978530072,2025-03-16
13,2025-03-04,-0.03918748484914659,2025-03-17
13,2025-03-05,-0.035371099236003484,2025-03-18
13,2025-03-06,-0.6794086760596091,2025-03-19
13,2025-03-07,0.23526636209653684,2025-03-20
14,2024-11-08,0.25473284321366546,2024-11-22
14,2024-11-09,0.7155948416537874,2024-11-23
14,2024-11-10,-0.3346761383537074,2024-11-24
14,2024-11-11,-0.7312919511804621,2024-11-25
14,2024-11-12,0.0933142549869037,2024-11-26
14,2024-11-13,-0.1760210673235816,2024-11-27
14,2024-11-14,-0.3816698823290524,2024-11-28
14,2024-11-15,-0.36795291908969047,2024-11-29
14,2024-11-16,-0.07521530252780989,2024-11-30
14,2024-11-17,0.08667198479643173,2024-12-01
14,2024-11-18,-0.3576126310565674,2024-12-02
14,2024-11-19,0.16686876782685328,2024-12-03
14,2024-11-20,0.7180634255927301,2024-12-04
14,2024-11-21,-0.006438392863148375,2024-12-05
14,2024-11-22,-0.6115853223548579,2024-12-06
14,2024-11-23,1.0619288393211628,2024-12-07
14,2024-11-24,0.6732200538305718,2024-12-08
14,2024-11-25,0.10027878497130925,2024-12-09
14,2024-11-26,0.3763833721140963,2024-12-10
14,2024-11-27,0.3311315530620617,2024-12-11
14,2024-11-28,-0.14300959237861627,2024-12-12
14,2024-11-29,0.9708979166476094,2024-12-13
14,2024-11-30,0.6456767900035792,2024-12-14
14,2024-12-01,-0.5330118307876669,2024-12-15
14,2024-12-02,-1.0270862930870255,2024-12-16
14,2024-12-03,-0.16646473565865588,2024-12-17
14,2024-12-04,-0.21131389038374937,2024-12-18
14,2024-12-05,0.06859020383385316,2024-12-19
14,2024-12-06,1.0285781946556305,2024-12-20
14,2024-12-07,1.3439166253535266,2024-12-21
14,2024-12-08,0.9199851799696926,2024-12-22
14,2024-12-09,0.1120339178837186,2024-12-23
14,2024-12-10,0.7511980173280312,2024-12-24
14,2024-12-11,0.8161124146173994,2024-12-25
14,2024-12-12,0.6807788812607697,2024-12-26
14,2024-12-13,0.9866534090243534,2024-12-27
14,2024-12-14,0.24279344352515617,2024-12-28
14,2024-12-15,0.1219621597201414,2024-12-29
14,2024-12-16,1.1430319833723162,2024-12-30
14,2024-12-17,-0.10040644525387174,2024-12-31
14,2024-12-18,0.29913575678772775,2025-01-01
14,2024-12-19,0.5877690774867309,2025-01-02
14,2024-12-20,-1.2441539716252799,2025-01-03
14,2024-12-21,-1.082535356692325,2025-01-04
14,2024-12-22,0.070737932821142,2025-01-05
14,2024-12-23,-0.6816476053733724,2025-01-06
14,2024-12-24,0.11194716129789858,2025-01-07
14,2024-12-25,1.2348455973985637,2025-01-08
14,2024-12-26,0.06459046854010549,2025-01-09
14,2024-12-27,1.0269398082202363,2025-01-10
14,2024-12-28,1.1567064830567562,2025-01-11
14,2024-12-29,0.9194491379229621,2025-01-12
14,2024-12-30,0.446551993234203,2025-01-13
14,2024-12-31,0.758037872749455,2025-01-14
14,2025-01-01,0.6142615400321934,2025-01-15
14,2025-01-02,0.7024212657676093,2025-01-16
14,2025-01-03,0.06046992387415132,2025-01-17
14,2025-01-04,-0.9789835913274556,2025-01-18
14,2025-01-05,-0.07094213210563505,2025-01-19
14,2025-01-06,-0.7247562772093308,2025-01-20
14,2025-01-07,1.0255273605705089,2025-01-21
14,2025-01-08,-0.1947438595568745,2025-01-22
14,2025-01-09,0.22767176600645944,2025-01-23
14,2025-01-10,0.6472800049700191,2025-01-24
14,2025-01-11,-0.39733474177302597,2025-01-25
14,2025-01-12,0.1412354096661289,2025-01-26
14,2025-01-13,-0.06181024692630723,2025-01-27
14,2025-01-14,0.7708842997433506,2025-01-28
14,2025-01-15,0.2184859028713361,2025-01-29
14,2025-01-16,-0.00025550367184182476,2025-01-30
14,2025-01-17,0.15716326019734386,2025-01-31
14,2025-01-18,0.4818405927253761,2025-02-01
14,2025-01-19,0.4744393384026152,2025-02-02
14,2025-01-20,0.11986653362180769,2025-02-03
14,2025-01-21,0.11020968206192196,2025-02-04
14,2025-01-22,0.4091429748860504,2025-02-05
14,2025-01-23,-0.8539888131298703,2025-02-06
14,2025-01-24,-1.2681327964349256,2025-02-07
14,2025-01-25,0.01894671249642669,2025-02-08
14,2025-01-26,-0.3457763174787655,2025-02-09
14,2025-01-27,-0.047277224534221375,2025-02-10
14,2025-01-28,-0.049875383686916464,2025-02-11
14,2025-01-29,0.08285574443085285,2025-02-12
14,2025-01-30,-0.2805553100103831,2025-02-13
14,2025-01-31,-0.9860319128634064,2025-02-14
14,2025-02-01,-0.7007852560624245,2025-02-15
14,2025-02-02,0.3567221748673764,2025-02-16
14,2025-02-03,0.3953844769803365,2025-02-17
14,2025-02-04,0.006670064745196765,2025-02-18
14,2025-02-05,0.40950354963689145,2025-02-19
14,2025-02-06,0.4930578330823258,2025-02-20
14,2025-02-07,0.42916965961361303,2025-02-21
14,2025-02-08,0.8037796771532723,2025-02-22
14,2025-02-09,0.3784027989430871,2025-02-23
14,2025-02-10,1.3481597281761457,2025-02-24
14,2025-02-11,0.7795648188238496,2025-02-25
14,2025-02-12,1.2959539042336892,2025-02-26
14,2025-02-13,2.0122940199440587,2025-02-27
14,2025-02-14,1.3716363995122953,2025-02-28
14,2025-02-15,0.09746232217101412,2025-03-01
14,2025-02-16,-0.06519953958019957,2025-03-02
14,2025-02-17,-1.4720365045841541,2025-03-03
14,2025-02-18,-1.150657425748296,2025-03-04
14,2025-02-19,-0.6244322266650338,2025-03-05
14,2025-02-20,-0.8045536666526756,2025-03-06
14,2025-02-21,-0.5195019866832548,2025-03-07
14,2025-02-22,-0.8240271224168108,2025-03-08
14,2025-02-23,-0.8638135716403015,2025-03-09
14,2025-02-24,-0.48966159488092886,2025-03-10
14,2025-02-25,-0.3953421439028027,2025-03-11
14,2025-02-26,-0.05330952798242823,2025-03-12
14,2025-02-27,0.1488819496011445,2025-03-13
14,2025-02-28,-0.3656822249024156,2025-03-14
14,2025-03-01,-0.42748808971747176,2025-03-15
14,2025-03-02,-0.7130051263191751,2025-03-16
14,2025-03-03,-0.3752048735362193,2025-03-17
14,2025-03-04,-0.06523890751393668,2025-03-18
14,2025-03-05,-0.09505308950659996,2025-03-19
14,2025-03-06,-0.8951745751400683,2025-03-20
14,2025-03-07,0.13378678170110916,2025-03-21
15,2024-11-08,0.40679312465785167,2024-11-23
15,2024-11-09,0.886118869731586,2024-11-24
15,2024-11-10,-0.4619041099613284,2024-11-25
15,2024-11-11,-0.6505158816367561,2024-11-26
15,2024-11-12,0.06093139482816195,2024-11-27
15,2024-11-13,-0.29574446051671144,2024-11-28
15,2024-11-14,-0.32768177446345464,2024-11-29
15,2024-11-15,-0.19363232019244891,2024-11-30
15,2024-11-16,0.007782929468399259,2024-12-01
15,2024-11-17,0.9561095008249927,2024-12-02
15,2024-11-18,0.397323794348037,2024-12-03
15,2024-11-19,0.6368283917103953,2024-12-04
15,2024-11-20,0.5992588083125094,2024-12-05
15,2024-11-21,-0.015063784161059031,2024-12-06
15,2024-11-22,-0.698757440126,2024-12-07
15,2024-11-23,0.9712110603493078,2024-12-08
15,2024-11-24,0.72483847890557,2024-12-09
15,2024-11-25,0.13980879141210156,2024-12-10
15,2024-11-26,0.5990314046901223,2024-12-11
15,2024-11-27,-0.0450924535875072,2024-12-12
15,2024-11-28,-0.31091493077779303,2024-12-13
15,2024-11-29,0.4339821789925804,2024-12-14
15,2024-11-30,0.34743993648034155,2024-12-15
15,2024-12-01,-0.32275610162894924,2024-12-16
15,2024-12-02,-1.1991866848483501,2024-12-17
15,2024-12-03,-0.3832833509206265,2024-12-18
15,2024-12-04,0.1816562329677041,2024-12-19
15,2024-12-05,-0.092696577052427,2024-12-20
15,2024-12-06,1.14066585712282,2024-12-21
15,2024-12-07,1.1733104125928129,2024-12-22
15,2024-12-08,0.970569509265888,2024-12-23
15,2024-12-09,0.30913113653984814,2024-12-24
15,2024-12-10,0.7732882697708159,2024-12-25
15,2024-12-11,0.8727703320023878,2024-12-26
15,2024-12-12,0.1659174910296695,2024-12-27
15,2024-12-13,0.9340090732039599,2024-12-28
15,2024-12-14,0.7891827748060821,2024-12-29
15,2024-12-15,0.22800546390575105,2024-12-30
15,2024-12-16,1.1388291091730316,2024-12-31
15,2024-12-17,-0.0884354876854386,2025-01-01
15,2024-12-18,0.00011834475644521153,2025-01-02
15,2024-12-19,0.525498920810928,2025-01-03
15,2024-12-20,-1.3866427429102135,2025-01-04
15,2024-12-21,-0.8752836770033837,2025-01-05
15,2024-12-22,-0.4765158602057307,2025-01-06
15,2024-12-23,-0.5496445056056523,2025-01-07
15,2024-12-24,0.15834051352464576,2025-01-08
15,2024-12-25,1.1958015666857016,2025-01-09
15,2024-12-26,0.2042492329028265,2025-01-10
15,2024-12-27,0.7177681308263193,2025-01-11
15,2024-12-28,1.1482628872367113,2025-01-12
15,2024-12-29,0.5763461659822232,2025-01-13
15,2024-12-30,0.5614523544093551,2025-01-14
15,2024-12-31,0.7718953431002524,2025-01-15
15,2025-01-01,0.3630347729906241,2025-01-16
15,2025-01-02,0.6275839003787068,2025-01-17
15,2025-01-03,-0.05350639057909366,2025-01-18
15,2025-01-04,-1.2288733409635226,2025-01-19
15,2025-01-05,0.2967910381831893,2025-01-20
15,2025-01-06,-0.5180098563045412,2025-01-21
15,2025-01-07,0.937584011422654,2025-01-22
15,2025-01-08,-0.7088437590152062,2025-01-23
15,2025-01-09,0.38027175291916493,2025-01-24
15,2025-01-10,0.65942882846054,2025-01-25
15,2025-01-11,-0.5475343765556248,2025-01-26
15,2025-01-12,-0.13985500233875167,2025-01-27
15,2025-01-13,0.02960025444437335,2025-01-28
15,2025-01-14,0.5733626437914798,2025-01-29
15,2025-01-15,0.4332947562024918,2025-01-30
15,2025-01-16,-0.1864834714260033,2025-01-31
15,2025-01-17,0.27566110576485287,2025-02-01
15,2025-01-18,0.3516327534248934,2025-02-02
15,2025-01-19,-0.3091523429142597,2025-02-03
15,2025-01-20,-0.10494610924748497,2025-02-04
15,2025-01-21,0.04980927077092004,2025-02-05
15,2025-01-22,0.5779313835473533,2025-02-06
15,2025-01-23,-0.3422347231710129,2025-02-07
15,2025-01-24,-1.3352083384786813,2025-02-08
15,2025-01-25,-0.24811792612895198,2025-02-09
15,2025-01-26,-0.23272311851085997,2025-02-10
15,2025-01-27,-0.11385339533690701,2025-02-11
15,2025-01-28,-0.2564318024716753,2025-02-12
15,2025-01-29,0.007688923062549148,2025-02-13
15,2025-01-30,-0.7930457467014116,2025-02-14
15,2025-01-31,-1.0011138782633644,2025-02-15
15,2025-02-01,-1.0713703500909484,2025-02-16
15,2025-02-02,0.21321364882933752,2025-02-17
15,2025-02-03,0.6224393580169746,2025-02-18
15,2025-02-04,-0.10009986858732396,2025-02-19
15,2025-02-05,0.613636817350737,2025-02-20
15,2025-02-06,0.510882010822383,2025-02-21
15,2025-02-07,0.5687801241925713,2025-02-22
15,2025-02-08,0.9195095912046487,2025-02-23
15,2025-02-09,0.3479019452202067,2025-02-24
15,2025-02-10,1.1215412508070222,2025-02-25
15,2025-02-11,0.8632019605807898,2025-02-26
15,2025-02-12,1.1653467402596442,2025-02-27
15,2025-02-13,1.948270504590597,2025-02-28
15,2025-02-14,1.1030408678758536,2025-03-01
15,2025-02-15,-0.01629265840720444,2025-03-02
15,2025-02-16,-0.36757235016910955,2025-03-03
15,2025-02-17,-1.5946969269446636,2025-03-04
15,2025-02-18,-1.1893765242539243,2025-03-05
15,2025-02-19,-0.7822403818727108,2025-03-06
15,2025-02-20,-0.695907311792504,2025-03-07
15,2025-02-21,-0.7798325846695839,2025-03-08
15,2025-02-22,-1.0451931470358649,2025-03-09
15,2025-02-23,-0.5831024716967532,2025-03-10
15,2025-02-24,-0.7129435386106023,2025-03-11
15,2025-02-25,-0.43095770629990676,2025-03-12
15,2025-02-26,-0.06560979807782609,2025-03-13
15,2025-02-27,0.27274271835770514,2025-03-14
15,2025-02-28,-0.4728333040680732,2025-03-15
15,2025-03-01,-0.7367758402006829,2025-03-16
15,2025-03-02,-0.2263965608694995,2025-03-17
15,2025-03-03,-0.526020908197869,2025-03-18
15,2025-03-04,-0.07739168670009659,2025-03-19
15,2025-03-05,-0.21925498970258112,2025-03-20
15,2025-03-06,-1.2791070251708754,2025-03-21
15,2025-03-07,-0.08539732186725371,2025-03-22
