lead,time,aao_index,valid_time
0,2024-11-08,1.1000118350516588,2024-11-08
0,2024-11-09,1.0289961359549538,2024-11-09
0,2024-11-10,0.907925422267496,2024-11-10
0,2024-11-11,1.0164007383761535,2024-11-11
0,2024-11-12,0.8870490510739821,2024-11-12
0,2024-11-13,0.7088698050415869,2024-11-13
0,2024-11-14,0.603213616489045,2024-11-14
0,2024-11-15,0.9529613249352861,2024-11-15
0,2024-11-16,1.6464684344289835,2024-11-16
0,2024-11-17,1.9657479711636334,2024-11-17
0,2024-11-18,2.4361529170717433,2024-11-18
0,2024-11-19,2.7086800268150357,2024-11-19
0,2024-11-20,2.0008700705978133,2024-11-20
0,2024-11-21,1.4743320410341576,2024-11-21
0,2024-11-22,1.143216829443833,2024-11-22
0,2024-11-23,0.6870996776998146,2024-11-23
0,2024-11-24,0.705617091320512,2024-11-24
0,2024-11-25,1.3394837419597758,2024-11-25
0,2024-11-26,1.5003677404232616,2024-11-26
0,2024-11-27,1.2844145608971846,2024-11-27
0,2024-11-28,1.484031623520817,2024-11-28
0,2024-11-29,1.1578721255797237,2024-11-29
0,2024-11-30,0.4445921555502397,2024-11-30
0,2024-12-01,-0.5507670108698247,2024-12-01
0,2024-12-02,-1.2688094802758145,2024-12-02
0,2024-12-03,-1.7666529826265511,2024-12-03
0,2024-12-04,-1.7878733023380542,2024-12-04
0,2024-12-05,-1.5400790892364358,2024-12-05
0,2024-12-06,-1.1352575627023502,2024-12-06
0,2024-12-07,-1.1593687178915824,2024-12-07
0,2024-12-08,-1.3919813022917134,2024-12-08
0,2024-12-09,-1.5537577959922995,2024-12-09
0,2024-12-10,-0.9646684683854151,2024-12-10
0,2024-12-11,-0.7598210494514541,2024-12-11
0,2024-12-12,-1.1128989661620199,2024-12-12
0,2024-12-13,-1.4951563699226258,2024-12-13
0,2024-12-14,-1.5386477769454832,2024-12-14
0,2024-12-15,-1.553896253483315,2024-12-15
0,2024-12-16,-1.6306739423622807,2024-12-16
0,2024-12-17,-1.3690067443237246,2024-12-17
0,2024-12-18,-0.8240400188570265,2024-12-18
0,2024-12-19,-0.35253600392951334,2024-12-19
0,2024-12-20,-0.5269274410390297,2024-12-20
0,2024-12-21,-0.7820178322249645,2024-12-21
0,2024-12-22,-0.9551504327050911,2024-12-22
0,2024-12-23,-0.41079669124860313,2024-12-23
0,2024-12-24,0.12294489278157944,2024-12-24
0,2024-12-25,0.6554775730468273,2024-12-25
0,2024-12-26,0.8850047564027316,2024-12-26
0,2024-12-27,0.5954899074321242,2024-12-27
0,2024-12-28,0.4631935874849588,2024-12-28
0,2024-12-29,0.7201623926422597,2024-12-29
0,2024-12-30,0.9385319214547426,2024-12-30
0,2024-12-31,0.9456393678244763,2024-12-31
0,2025-01-01,0.710139031362099,2025-01-01
0,2025-01-02,0.8312313354599438,2025-01-02
0,2025-01-03,0.7099250216306449,2025-01-03
0,2025-01-04,0.7934988187315547,2025-01-04
0,2025-01-05,0.7343551850375409,2025-01-05
0,2025-01-06,0.41622376694557556,2025-01-06
0,2025-01-07,0.24084834228080815,2025-01-07
0,2025-01-08,-0.43571131427073967,2025-01-08
0,2025-01-09,-1.1165978393567522,2025-01-09
0,2025-01-10,-1.1783833955186094,2025-01-10
0,2025-01-11,-0.8385551857482303,2025-01-11
0,2025-01-12,-0.7027203276867917,2025-01-12
0,2025-01-13,-0.7045672793729978,2025-01-13
0,2025-01-14,-0.6351416289208005,2025-01-14
0,2025-01-15,-0.70391706503336,2025-01-15
0,2025-01-16,-0.6590832867078552,2025-01-16
0,2025-01-17,-0.6334507367506519,2025-01-17
0,2025-01-18,-0.6569262505177654,2025-01-18
0,2025-01-19,-0.429301429025644,2025-01-19
0,2025-01-20,-0.2518121379691921,2025-01-20
0,2025-01-21,0.0991378658099516,2025-01-21
0,2025-01-22,0.4527677925377614,2025-01-22
0,2025-01-23,0.6655851727158639,2025-01-23
0,2025-01-24,0.6431861892282281,2025-01-24
0,2025-01-25,0.6585286976719517,2025-01-25
0,2025-01-26,0.4587347780577365,2025-01-26
0,2025-01-27,-0.2616830294410176,2025-01-27
0,2025-01-28,-0.1987645539405071,2025-01-28
0,2025-01-29,0.2756547070951327,2025-01-29
0,2025-01-30,0.3944335863496147,2025-01-30
0,2025-01-31,0.04341690726863442,2025-01-31
0,2025-02-01,-0.5438004889820967,2025-02-01
0,2025-02-02,-1.1250339908926432,2025-02-02
0,2025-02-03,-1.6794832734322613,2025-02-03
0,2025-02-04,-1.8169350681585381,2025-02-04
0,2025-02-05,-1.5848989315434074,2025-02-05
0,2025-02-06,-1.267025638833592,2025-02-06
0,2025-02-07,-0.5426718335499029,2025-02-07
0,2025-02-08,0.06486002940576574,2025-02-08
0,2025-02-09,0.03936785193054344,2025-02-09
0,2025-02-10,-0.03626399580360886,2025-02-10
0,2025-02-11,-0.4231691497148935,2025-02-11
0,2025-02-12,-0.17913101705125234,2025-02-12
0,2025-02-13,-0.40922383419339653,2025-02-13
0,2025-02-14,-0.6628394056855478,2025-02-14
0,2025-02-15,-0.4935631368393854,2025-02-15
0,2025-02-16,0.01616771700574021,2025-02-16
0,2025-02-17,1.1696254065990666,2025-02-17
0,2025-02-18,1.7815781976395257,2025-02-18
0,2025-02-19,1.1658633465873434,2025-02-19
0,2025-02-20,0.6972242501281231,2025-02-20
0,2025-02-21,0.37197734711640834,2025-02-21
0,2025-02-22,0.23310699463193651,2025-02-22
0,2025-02-23,-0.40751717259612036,2025-02-23
0,2025-02-24,-0.5537542115734497,2025-02-24
0,2025-02-25,-0.1789387096798755,2025-02-25
0,2025-02-26,-0.008530893350070885,2025-02-26
0,2025-02-27,0.2839651091139431,2025-02-27
0,2025-02-28,0.22241451841182963,2025-02-28
0,2025-03-01,-0.41867474430349744,2025-03-01
0,2025-03-02,-0.7129948042328059,2025-03-02
0,2025-03-03,-0.8305550119077585,2025-03-03
0,2025-03-04,-0.6934712822183775,2025-03-04
0,2025-03-05,0.11073102501068958,2025-03-05
0,2025-03-06,0.9053571241769484,2025-03-06
0,2025-03-07,0.683291137315216,2025-03-07
1,2024-11-08,0.9643973683085961,2024-11-09
1,2024-11-09,0.849877182713127,2024-11-10
1,2024-11-10,0.9742913744763863,2024-11-11
1,2024-11-11,0.7959654690501258,2024-11-12
1,2024-11-12,0.62662340141003,2024-11-13
1,2024-11-13,0.5422398876061516,2024-11-14
1,2024-11-14,0.8248018325854324,2024-11-15
1,2024-11-15,1.5442334134662445,2024-11-16
1,2024-11-16,1.904380501626158,2024-11-17
1,2024-11-17,2.339625219631663,2024-11-18
1,2024-11-18,2.626389723972815,2024-11-19
1,2024-11-19,1.9691955985271083,2024-11-20
1,2024-11-20,1.3747029575054577,2024-11-21
1,2024-11-21,1.0505471148314487,2024-11-22
1,2024-11-22,0.6318502676994228,2024-11-23
1,2024-11-23,0.6184564702835876,2024-11-24
1,2024-11-24,1.2305097127431086,2024-11-25
1,2024-11-25,1.4911370843301983,2024-11-26
1,2024-11-26,1.2351637160994757,2024-11-27
1,2024-11-27,1.3798738839732332,2024-11-28
1,2024-11-28,1.0954303436896016,2024-11-29
1,2024-11-29,0.38076126465556664,2024-11-30
1,2024-11-30,-0.6067087241414977,2024-12-01
1,2024-12-01,-1.3454511047008777,2024-12-02
1,2024-12-02,-1.8382034844847035,2024-12-03
1,2024-12-03,-1.8859827844040504,2024-12-04
1,2024-12-04,-1.5966950680907113,2024-12-05
1,2024-12-05,-1.1767735646194053,2024-12-06
1,2024-12-06,-1.1568338270222294,2024-12-07
1,2024-12-07,-1.4809881048967197,2024-12-08
1,2024-12-08,-1.615873673967717,2024-12-09
1,2024-12-09,-0.9933147802029326,2024-12-10
1,2024-12-10,-0.7606980595106566,2024-12-11
1,2024-12-11,-1.1372825348805726,2024-12-12
1,2024-12-12,-1.5131121211226028,2024-12-13
1,2024-12-13,-1.6004681612263438,2024-12-14
1,2024-12-14,-1.5781386799040977,2024-12-15
1,2024-12-15,-1.6787771869903636,2024-12-16
1,2024-12-16,-1.3949645742225323,2024-12-17
1,2024-12-17,-0.8828538766974855,2024-12-18
1,2024-12-18,-0.3745032886932841,2024-12-19
1,2024-12-19,-0.584484132548505,2024-12-20
1,2024-12-20,-0.8300804702654832,2024-12-21
1,2024-12-21,-1.0066506547352356,2024-12-22
1,2024-12-22,-0.43766012546697874,2024-12-23
1,2024-12-23,0.06736542210625265,2024-12-24
1,2024-12-24,0.6254611898875354,2024-12-25
1,2024-12-25,0.8774472332979583,2024-12-26
1,2024-12-26,0.5793708003352825,2024-12-27
1,2024-12-27,0.44622638103724716,2024-12-28
1,2024-12-28,0.6664680018075314,2024-12-29
1,2024-12-29,0.8841752713118166,2024-12-30
1,2024-12-30,0.8982170180617063,2024-12-31
1,2024-12-31,0.6707530103454271,2025-01-01
1,2025-01-01,0.8126562834928929,2025-01-02
1,2025-01-02,0.7211822254414278,2025-01-03
1,2025-01-03,0.7844522158530249,2025-01-04
1,2025-01-04,0.6950967271571541,2025-01-05
1,2025-01-05,0.41945531277300907,2025-01-06
1,2025-01-06,0.23833199080081002,2025-01-07
1,2025-01-07,-0.4456307749639024,2025-01-08
1,2025-01-08,-1.1448916313754032,2025-01-09
1,2025-01-09,-1.2020678821804343,2025-01-10
1,2025-01-10,-0.8922682011307098,2025-01-11
1,2025-01-11,-0.7332598200290619,2025-01-12
1,2025-01-12,-0.783706431530955,2025-01-13
1,2025-01-13,-0.6813534823463224,2025-01-14
1,2025-01-14,-0.7556297883928915,2025-01-15
1,2025-01-15,-0.6705012953474532,2025-01-16
1,2025-01-16,-0.6205018498093343,2025-01-17
1,2025-01-17,-0.6516060050943109,2025-01-18
1,2025-01-18,-0.4470027494945842,2025-01-19
1,2025-01-19,-0.23705819384539925,2025-01-20
1,2025-01-20,0.08203703643419342,2025-01-21
1,2025-01-21,0.3936150232282276,2025-01-22
1,2025-01-22,0.6487981418391151,2025-01-23
1,2025-01-23,0.6444265470381256,2025-01-24
1,2025-01-24,0.6368097784801064,2025-01-25
1,2025-01-25,0.45615853336521556,2025-01-26
1,2025-01-26,-0.27196335340012456,2025-01-27
1,2025-01-27,-0.23775327884291905,2025-01-28
1,2025-01-28,0.23447294950335257,2025-01-29
1,2025-01-29,0.3593657309836747,2025-01-30
1,2025-01-30,0.02978263996157365,2025-01-31
1,2025-01-31,-0.5692964163557613,2025-02-01
1,2025-02-01,-1.1665223794250077,2025-02-02
1,2025-02-02,-1.694768530754452,2025-02-03
1,2025-02-03,-1.8432088257430583,2025-02-04
1,2025-02-04,-1.6020043522089116,2025-02-05
1,2025-02-05,-1.2526454575267763,2025-02-06
1,2025-02-06,-0.5952408076394002,2025-02-07
1,2025-02-07,0.012874681709947182,2025-02-08
1,2025-02-08,0.052313108019955694,2025-02-09
1,2025-02-09,-0.07059425878596343,2025-02-10
1,2025-02-10,-0.445740202443152,2025-02-11
1,2025-02-11,-0.16900877489562044,2025-02-12
1,2025-02-12,-0.4692961403898697,2025-02-13
1,2025-02-13,-0.725138786483976,2025-02-14
1,2025-02-14,-0.5266333263723512,2025-02-15
1,2025-02-15,-0.05592470335543745,2025-02-16
1,2025-02-16,1.0954281774182089,2025-02-17
1,2025-02-17,1.7490355894696428,2025-02-18
1,2025-02-18,1.1218933909447026,2025-02-19
1,2025-02-19,0.6413244981121493,2025-02-20
1,2025-02-20,0.36755157021902196,2025-02-21
1,2025-02-21,0.21230332070166058,2025-02-22
1,2025-02-22,-0.44058162905430376,2025-02-23
1,2025-02-23,-0.5989990999299648,2025-02-24
1,2025-02-24,-0.19949829664775884,2025-02-25
1,2025-02-25,-0.05031226667202133,2025-02-26
1,2025-02-26,0.2725125012674291,2025-02-27
1,2025-02-27,0.22228846544426642,2025-02-28
1,2025-02-28,-0.5138266096309163,2025-03-01
1,2025-03-01,-0.7260421442009417,2025-03-02
1,2025-03-02,-0.881762466570975,2025-03-03
1,2025-03-03,-0.7223835460542745,2025-03-04
1,2025-03-04,0.08069881505901319,2025-03-05
1,2025-03-05,0.8669959324125199,2025-03-06
1,2025-03-06,0.6325707423239096,2025-03-07
1,2025-03-07,-0.14892703587373554,2025-03-08
2,2024-11-08,0.8046338683363468,2024-11-10
2,2024-11-09,0.9529151807966768,2024-11-11
2,2024-11-10,0.7999587427986752,2024-11-12
2,2024-11-11,0.5155325546212329,2024-11-13
2,2024-11-12,0.45695955476243777,2024-11-14
2,2024-11-13,0.80301043162285,2024-11-15
2,2024-11-14,1.399921220643339,2024-11-16
2,2024-11-15,1.8149341994775385,2024-11-17
2,2024-11-16,2.231647491425721,2024-11-18
2,2024-11-17,2.618583864478401,2024-11-19
2,2024-11-18,1.8768307924393501,2024-11-20
2,2024-11-19,1.299630558826936,2024-11-21
2,2024-11-20,0.8936860595403215,2024-11-22
2,2024-11-21,0.5863063119276293,2024-11-23
2,2024-11-22,0.5829754108145961,2024-11-24
2,2024-11-23,1.0702098180263713,2024-11-25
2,2024-11-24,1.3732588523940759,2024-11-26
2,2024-11-25,1.219064160739144,2024-11-27
2,2024-11-26,1.3621067042705879,2024-11-28
2,2024-11-27,1.0061482409371123,2024-11-29
2,2024-11-28,0.33566315058718416,2024-11-30
2,2024-11-29,-0.6381138087245852,2024-12-01
2,2024-11-30,-1.436205372723471,2024-12-02
2,2024-12-01,-1.9069184358096447,2024-12-03
2,2024-12-02,-1.8940179478890267,2024-12-04
2,2024-12-03,-1.695375063135492,2024-12-05
2,2024-12-04,-1.2166416730138907,2024-12-06
2,2024-12-05,-1.203043820340512,2024-12-07
2,2024-12-06,-1.453770646994517,2024-12-08
2,2024-12-07,-1.7255760877849549,2024-12-09
2,2024-12-08,-1.0747643036787728,2024-12-10
2,2024-12-09,-0.7680832155483166,2024-12-11
2,2024-12-10,-1.1231184904911937,2024-12-12
2,2024-12-11,-1.5315570857197216,2024-12-13
2,2024-12-12,-1.6273227597749533,2024-12-14
2,2024-12-13,-1.6639124422683556,2024-12-15
2,2024-12-14,-1.763371950758257,2024-12-16
2,2024-12-15,-1.438156622629482,2024-12-17
2,2024-12-16,-0.8342811907616298,2024-12-18
2,2024-12-17,-0.4412020939712342,2024-12-19
2,2024-12-18,-0.6339464482759424,2024-12-20
2,2024-12-19,-0.8706969817130907,2024-12-21
2,2024-12-20,-1.1333136515033142,2024-12-22
2,2024-12-21,-0.504009680148843,2024-12-23
2,2024-12-22,0.0994781066387664,2024-12-24
2,2024-12-23,0.5803146242773168,2024-12-25
2,2024-12-24,0.8405914639922925,2024-12-26
2,2024-12-25,0.6413587061131608,2024-12-27
2,2024-12-26,0.43078320721349284,2024-12-28
2,2024-12-27,0.6745656558496882,2024-12-29
2,2024-12-28,0.7687004876505781,2024-12-30
2,2024-12-29,0.8519644774683511,2024-12-31
2,2024-12-30,0.5803734153418515,2025-01-01
2,2024-12-31,0.7745294675974644,2025-01-02
2,2025-01-01,0.6818324877461043,2025-01-03
2,2025-01-02,0.771669919427235,2025-01-04
2,2025-01-03,0.652769787211732,2025-01-05
2,2025-01-04,0.3342773527320464,2025-01-06
2,2025-01-05,0.22271457968914063,2025-01-07
2,2025-01-06,-0.4198954223003207,2025-01-08
2,2025-01-07,-1.1271136623905105,2025-01-09
2,2025-01-08,-1.2037717810488102,2025-01-10
2,2025-01-09,-0.945900934904164,2025-01-11
2,2025-01-10,-0.7712838162804481,2025-01-12
2,2025-01-11,-0.8515690808126736,2025-01-13
2,2025-01-12,-0.7628618284703101,2025-01-14
2,2025-01-13,-0.8626449523480663,2025-01-15
2,2025-01-14,-0.7613696495664445,2025-01-16
2,2025-01-15,-0.6014940343293232,2025-01-17
2,2025-01-16,-0.6812596509508294,2025-01-18
2,2025-01-17,-0.397740138156388,2025-01-19
2,2025-01-18,-0.2594117210476813,2025-01-20
2,2025-01-19,-0.02717183509332392,2025-01-21
2,2025-01-20,0.3699663151942742,2025-01-22
2,2025-01-21,0.5936761324781228,2025-01-23
2,2025-01-22,0.581793690337575,2025-01-24
2,2025-01-23,0.6458730965371415,2025-01-25
2,2025-01-24,0.407571294056775,2025-01-26
2,2025-01-25,-0.28585383669319414,2025-01-27
2,2025-01-26,-0.2977331930065954,2025-01-28
2,2025-01-27,0.17370613707138752,2025-01-29
2,2025-01-28,0.37200866009999484,2025-01-30
2,2025-01-29,0.022945415195076046,2025-01-31
2,2025-01-30,-0.6060048156643774,2025-02-01
2,2025-01-31,-1.1435899901257376,2025-02-02
2,2025-02-01,-1.7527758320869977,2025-02-03
2,2025-02-02,-1.8578032408836322,2025-02-04
2,2025-02-03,-1.652544061750501,2025-02-05
2,2025-02-04,-1.259515970798895,2025-02-06
2,2025-02-05,-0.5787336422427731,2025-02-07
2,2025-02-06,-0.07113885161146137,2025-02-08
2,2025-02-07,-0.008201515132011311,2025-02-09
2,2025-02-08,-0.08354546142065393,2025-02-10
2,2025-02-09,-0.4071417922248105,2025-02-11
2,2025-02-10,-0.21049695253528677,2025-02-12
2,2025-02-11,-0.5242673331276599,2025-02-13
2,2025-02-12,-0.8686518474201973,2025-02-14
2,2025-02-13,-0.5754539305099434,2025-02-15
2,2025-02-14,-0.11067684810785611,2025-02-16
2,2025-02-15,0.986765299430605,2025-02-17
2,2025-02-16,1.6118103968460584,2025-02-18
2,2025-02-17,1.0324922110002877,2025-02-19
2,2025-02-18,0.570246450395802,2025-02-20
2,2025-02-19,0.2598658651651811,2025-02-21
2,2025-02-20,0.18794292225523207,2025-02-22
2,2025-02-21,-0.4744293297664799,2025-02-23
2,2025-02-22,-0.6433390615355413,2025-02-24
2,2025-02-23,-0.2474370004838081,2025-02-25
2,2025-02-24,-0.09638210609852403,2025-02-26
2,2025-02-25,0.20765026431043626,2025-02-27
2,2025-02-26,0.146405873172757,2025-02-28
2,2025-02-27,-0.6161021403058977,2025-03-01
2,2025-02-28,-0.8025663865317529,2025-03-02
2,2025-03-01,-0.874324535507988,2025-03-03
2,2025-03-02,-0.7855960140304893,2025-03-04
2,2025-03-03,0.027852763530727544,2025-03-05
2,2025-03-04,0.7766067926658102,2025-03-06
2,2025-03-05,0.6111566453409811,2025-03-07
2,2025-03-06,-0.16153036744967506,2025-03-08
2,2025-03-07,-0.26998430783819244,2025-03-09
3,2024-11-08,0.9203460480107608,2024-11-11
3,2024-11-09,0.8517062619985862,2024-11-12
3,2024-11-10,0.5627462231402206,2024-11-13
3,2024-11-11,0.36275319394357347,2024-11-14
3,2024-11-12,0.7377630549035756,2024-11-15
3,2024-11-13,1.3802333127411244,2024-11-16
3,2024-11-14,1.8252562763227491,2024-11-17
3,2024-11-15,2.22445848027605,2024-11-18
3,2024-11-16,2.575636066133977,2024-11-19
3,2024-11-17,1.9759678089485562,2024-11-20
3,2024-11-18,1.2730948277794425,2024-11-21
3,2024-11-19,0.872584517534857,2024-11-22
3,2024-11-20,0.4740580922238666,2024-11-23
3,2024-11-21,0.5352458162175532,2024-11-24
3,2024-11-22,1.1452738185401823,2024-11-25
3,2024-11-23,1.2935534575256968,2024-11-26
3,2024-11-24,1.1029307113739628,2024-11-27
3,2024-11-25,1.3549138853517853,2024-11-28
3,2024-11-26,1.0062190445524362,2024-11-29
3,2024-11-27,0.25602419458929354,2024-11-30
3,2024-11-28,-0.6134985212265316,2024-12-01
3,2024-11-29,-1.4144389399249822,2024-12-02
3,2024-11-30,-1.907286348137707,2024-12-03
3,2024-12-01,-2.0688236538490603,2024-12-04
3,2024-12-02,-1.622575270778855,2024-12-05
3,2024-12-03,-1.3962084924547904,2024-12-06
3,2024-12-04,-1.3658017352479495,2024-12-07
3,2024-12-05,-1.369202741595747,2024-12-08
3,2024-12-06,-1.675020042178095,2024-12-09
3,2024-12-07,-1.2784186518222493,2024-12-10
3,2024-12-08,-0.7620006129692408,2024-12-11
3,2024-12-09,-1.13303911306993,2024-12-12
3,2024-12-10,-1.449239287567984,2024-12-13
3,2024-12-11,-1.58941421506715,2024-12-14
3,2024-12-12,-1.6668402822518948,2024-12-15
3,2024-12-13,-1.8585353521754744,2024-12-16
3,2024-12-14,-1.523506028713907,2024-12-17
3,2024-12-15,-1.0046159934670393,2024-12-18
3,2024-12-16,-0.43502802989022515,2024-12-19
3,2024-12-17,-0.7569168082623231,2024-12-20
3,2024-12-18,-0.9132273517253793,2024-12-21
3,2024-12-19,-1.096854175480512,2024-12-22
3,2024-12-20,-0.6257701214299674,2024-12-23
3,2024-12-21,0.04558564199890467,2024-12-24
3,2024-12-22,0.5732173132910725,2024-12-25
3,2024-12-23,0.827569306668482,2024-12-26
3,2024-12-24,0.6585414520636796,2024-12-27
3,2024-12-25,0.5518830962731672,2024-12-28
3,2024-12-26,0.7249272878083842,2024-12-29
3,2024-12-27,0.850134448247586,2024-12-30
3,2024-12-28,0.754378866769196,2024-12-31
3,2024-12-29,0.5010158438510259,2025-01-01
3,2024-12-30,0.6998806986883286,2025-01-02
3,2024-12-31,0.7019585999938571,2025-01-03
3,2025-01-01,0.7164812041860122,2025-01-04
3,2025-01-02,0.6159288887245938,2025-01-05
3,2025-01-03,0.3146432481345307,2025-01-06
3,2025-01-04,0.17293520555324418,2025-01-07
3,2025-01-05,-0.3963810184741759,2025-01-08
3,2025-01-06,-1.0431905757111704,2025-01-09
3,2025-01-07,-1.1776076287910795,2025-01-10
3,2025-01-08,-0.9488063103144846,2025-01-11
3,2025-01-09,-0.7580262211475692,2025-01-12
3,2025-01-10,-0.7921062554199154,2025-01-13
3,2025-01-11,-0.8401739803637632,2025-01-14
3,2025-01-12,-0.866292114095239,2025-01-15
3,2025-01-13,-0.9219723804342844,2025-01-16
3,2025-01-14,-0.6369563846010289,2025-01-17
3,2025-01-15,-0.5292606240225294,2025-01-18
3,2025-01-16,-0.34146736052538434,2025-01-19
3,2025-01-17,-0.2249613266032826,2025-01-20
3,2025-01-18,-0.10383701679201922,2025-01-21
3,2025-01-19,0.12597767373628327,2025-01-22
3,2025-01-20,0.7128008212189089,2025-01-23
3,2025-01-21,0.5122110912504947,2025-01-24
3,2025-01-22,0.6584753860509929,2025-01-25
3,2025-01-23,0.5041901627522327,2025-01-26
3,2025-01-24,-0.2719002829994909,2025-01-27
3,2025-01-25,-0.3818846784218203,2025-01-28
3,2025-01-26,0.08297496737345839,2025-01-29
3,2025-01-27,0.40541123600842516,2025-01-30
3,2025-01-28,0.08838302509080159,2025-01-31
3,2025-01-29,-0.49930561306015975,2025-02-01
3,2025-01-30,-1.1865678341444656,2025-02-02
3,2025-01-31,-1.627623232226041,2025-02-03
3,2025-02-01,-1.8709937884978054,2025-02-04
3,2025-02-02,-1.6622052597189654,2025-02-05
3,2025-02-03,-1.4279996942312287,2025-02-06
3,2025-02-04,-0.6334310109289905,2025-02-07
3,2025-02-05,-0.06558438218149755,2025-02-08
3,2025-02-06,-0.0342996493776585,2025-02-09
3,2025-02-07,-0.13050385725170827,2025-02-10
3,2025-02-08,-0.46557265490874356,2025-02-11
3,2025-02-09,-0.12988247130969408,2025-02-12
3,2025-02-10,-0.6166684015213447,2025-02-13
3,2025-02-11,-0.9840700778374613,2025-02-14
3,2025-02-12,-0.8390232704476843,2025-02-15
3,2025-02-13,-0.058324429006213194,2025-02-16
3,2025-02-14,0.9116865258646887,2025-02-17
3,2025-02-15,1.4123277015141897,2025-02-18
3,2025-02-16,0.8850647947024283,2025-02-19
3,2025-02-17,0.5130032556307496,2025-02-20
3,2025-02-18,0.231800255794757,2025-02-21
3,2025-02-19,0.18430483744695578,2025-02-22
3,2025-02-20,-0.43398017505558695,2025-02-23
3,2025-02-21,-0.6863962600928293,2025-02-24
3,2025-02-22,-0.2879719751398125,2025-02-25
3,2025-02-23,-0.12198500315420234,2025-02-26
3,2025-02-24,0.27005043518708366,2025-02-27
3,2025-02-25,0.19670067421746762,2025-02-28
3,2025-02-26,-0.64704619013238,2025-03-01
3,2025-02-27,-0.9309658666175,2025-03-02
3,2025-02-28,-0.8769911711761413,2025-03-03
3,2025-03-01,-0.6027816107001518,2025-03-04
3,2025-03-02,-0.04498793902783569,2025-03-05
3,2025-03-03,0.6602632197291958,2025-03-06
3,2025-03-04,0.4058710075197129,2025-03-07
3,2025-03-05,-0.09931576061595304,2025-03-08
3,2025-03-06,-0.2595656823107015,2025-03-09
3,2025-03-07,0.40481258375158613,2025-03-10
4,2024-11-08,0.9153714222306062,2024-11-12
4,2024-11-09,0.6654085213379738,2024-11-13
4,2024-11-10,0.34330753198284975,2024-11-14
4,2024-11-11,0.7395776549303635,2024-11-15
4,2024-11-12,1.4456473044659752,2024-11-16
4,2024-11-13,1.7281058092057233,2024-11-17
4,2024-11-14,2.1546001396298498,2024-11-18
4,2024-11-15,2.555194785520566,2024-11-19
4,2024-11-16,1.8936981623639362,2024-11-20
4,2024-11-17,1.6103171372153864,2024-11-21
4,2024-11-18,0.8913671454619037,2024-11-22
4,2024-11-19,0.5299154453524959,2024-11-23
4,2024-11-20,0.37941407949568506,2024-11-24
4,2024-11-21,0.9825300338591159,2024-11-25
4,2024-11-22,1.388620803261013,2024-11-26
4,2024-11-23,1.1188822825065392,2024-11-27
4,2024-11-24,1.1247145583787774,2024-11-28
4,2024-11-25,0.9648179893042352,2024-11-29
4,2024-11-26,0.36164677322007005,2024-11-30
4,2024-11-27,-0.6932706998899582,2024-12-01
4,2024-11-28,-1.483728516934111,2024-12-02
4,2024-11-29,-1.771314553272116,2024-12-03
4,2024-11-30,-2.170921964080616,2024-12-04
4,2024-12-01,-1.810042751235319,2024-12-05
4,2024-12-02,-1.5932737658046792,2024-12-06
4,2024-12-03,-1.455287376769006,2024-12-07
4,2024-12-04,-1.760893969234425,2024-12-08
4,2024-12-05,-1.583243456943153,2024-12-09
4,2024-12-06,-1.1634285542864373,2024-12-10
4,2024-12-07,-1.1204043228913207,2024-12-11
4,2024-12-08,-0.9583407132974813,2024-12-12
4,2024-12-09,-1.5366530977658268,2024-12-13
4,2024-12-10,-1.5141341963224817,2024-12-14
4,2024-12-11,-1.6743305958381827,2024-12-15
4,2024-12-12,-1.8919250297371222,2024-12-16
4,2024-12-13,-1.4750217677375679,2024-12-17
4,2024-12-14,-0.8326541406347444,2024-12-18
4,2024-12-15,-0.7715330488114475,2024-12-19
4,2024-12-16,-0.6119176034681431,2024-12-20
4,2024-12-17,-1.0655080868576101,2024-12-21
4,2024-12-18,-1.0145745330265044,2024-12-22
4,2024-12-19,-0.5840183746365711,2024-12-23
4,2024-12-20,-0.18850945125318838,2024-12-24
4,2024-12-21,0.5991964035565698,2024-12-25
4,2024-12-22,0.7233820145880097,2024-12-26
4,2024-12-23,0.6804104105849881,2024-12-27
4,2024-12-24,0.45168649600541727,2024-12-28
4,2024-12-25,0.6877093974815329,2024-12-29
4,2024-12-26,0.9691005600919587,2024-12-30
4,2024-12-27,0.7805652585642396,2024-12-31
4,2024-12-28,0.44277482660584916,2025-01-01
4,2024-12-29,0.4062398279911781,2025-01-02
4,2024-12-30,0.6298287977651834,2025-01-03
4,2024-12-31,0.7236583407409098,2025-01-04
4,2025-01-01,0.5127570327596861,2025-01-05
4,2025-01-02,0.26979529909263683,2025-01-06
4,2025-01-03,0.15877819657407047,2025-01-07
4,2025-01-04,-0.3878494616201938,2025-01-08
4,2025-01-05,-0.9908135654185234,2025-01-09
4,2025-01-06,-1.1643749919708126,2025-01-10
4,2025-01-07,-1.0824233808843478,2025-01-11
4,2025-01-08,-0.6101320114840575,2025-01-12
4,2025-01-09,-0.6583367914865808,2025-01-13
4,2025-01-10,-0.6965834808557522,2025-01-14
4,2025-01-11,-1.1720784785939609,2025-01-15
4,2025-01-12,-0.8688182430434962,2025-01-16
4,2025-01-13,-0.7734149577947544,2025-01-17
4,2025-01-14,-0.5749868042705459,2025-01-18
4,2025-01-15,-0.2996930671065084,2025-01-19
4,2025-01-16,-0.02050474037579645,2025-01-20
4,2025-01-17,-0.10840687070367983,2025-01-21
4,2025-01-18,-0.12198704487676679,2025-01-22
4,2025-01-19,0.308753563319893,2025-01-23
4,2025-01-20,0.7177155815934636,2025-01-24
4,2025-01-21,0.5260601176809534,2025-01-25
4,2025-01-22,0.4212742472436878,2025-01-26
4,2025-01-23,0.04022459398798706,2025-01-27
4,2025-01-24,-0.233871355659544,2025-01-28
4,2025-01-25,-0.10394441268076596,2025-01-29
4,2025-01-26,0.10045296993326133,2025-01-30
4,2025-01-27,0.2692596518513629,2025-01-31
4,2025-01-28,-0.33347774325994795,2025-02-01
4,2025-01-29,-0.9451837217645996,2025-02-02
4,2025-01-30,-1.7428697663991752,2025-02-03
4,2025-01-31,-1.771315973347535,2025-02-04
4,2025-02-01,-1.662560284462637,2025-02-05
4,2025-02-02,-1.4590604993622622,2025-02-06
4,2025-02-03,-0.9750901755913683,2025-02-07
4,2025-02-04,-0.23859027173053413,2025-02-08
4,2025-02-05,0.1746741641017876,2025-02-09
4,2025-02-06,-0.10430751886463134,2025-02-10
4,2025-02-07,-0.45640249934171334,2025-02-11
4,2025-02-08,-0.36794281361459,2025-02-12
4,2025-02-09,-0.4357136047679851,2025-02-13
4,2025-02-10,-1.130940017820504,2025-02-14
4,2025-02-11,-1.0420279361603209,2025-02-15
4,2025-02-12,-0.27815516884004254,2025-02-16
4,2025-02-13,0.767631459581337,2025-02-17
4,2025-02-14,1.251363217281016,2025-02-18
4,2025-02-15,0.6604288790519417,2025-02-19
4,2025-02-16,0.37172523623762777,2025-02-20
4,2025-02-17,0.3563343380755545,2025-02-21
4,2025-02-18,0.05570738640142348,2025-02-22
4,2025-02-19,-0.4860868459354117,2025-02-23
4,2025-02-20,-0.7281096250934324,2025-02-24
4,2025-02-21,-0.4553530598503296,2025-02-25
4,2025-02-22,-0.28525696887722535,2025-02-26
4,2025-02-23,0.2949930431211619,2025-02-27
4,2025-02-24,0.4032893095450479,2025-02-28
4,2025-02-25,-0.3015680693529213,2025-03-01
4,2025-02-26,-0.7889399309062046,2025-03-02
4,2025-02-27,-1.1550647396948646,2025-03-03
4,2025-02-28,-0.580627754697401,2025-03-04
4,2025-03-01,0.1570183346381266,2025-03-05
4,2025-03-02,0.7209715298279706,2025-03-06
4,2025-03-03,0.2479424652798513,2025-03-07
4,2025-03-04,-0.4882230076976322,2025-03-08
4,2025-03-05,-0.3261704810076837,2025-03-09
4,2025-03-06,0.32584545403414394,2025-03-10
4,2025-03-07,0.4589909281758144,2025-03-11
5,2024-11-08,0.7876636341807758,2024-11-13
5,2024-11-09,0.7278144459064247,2024-11-14
5,2024-11-10,0.5173331833149428,2024-11-15
5,2024-11-11,1.5485715729727405,2024-11-16
5,2024-11-12,2.0037328694724743,2024-11-17
5,2024-11-13,1.9966669065599019,2024-11-18
5,2024-11-14,2.57234257500867,2024-11-19
5,2024-11-15,1.9855392115026382,2024-11-20
5,2024-11-16,1.3631780983248827,2024-11-21
5,2024-11-17,1.2415113764308123,2024-11-22
5,2024-11-18,0.6160988020509462,2024-11-23
5,2024-11-19,0.6252572492762132,2024-11-24
5,2024-11-20,0.7045928797123531,2024-11-25
5,2024-11-21,1.4691550782537912,2024-11-26
5,2024-11-22,1.360516150559598,2024-11-27
5,2024-11-23,1.0785831431606105,2024-11-28
5,2024-11-24,0.45443851677432145,2024-11-29
5,2024-11-25,0.24837362661719492,2024-11-30
5,2024-11-26,-0.41149147028573824,2024-12-01
5,2024-11-27,-1.4783098998338375,2024-12-02
5,2024-11-28,-2.08922341026169,2024-12-03
5,2024-11-29,-1.9719299619755752,2024-12-04
5,2024-11-30,-1.92851863822252,2024-12-05
5,2024-12-01,-1.6046608984921715,2024-12-06
5,2024-12-02,-1.8763140349087184,2024-12-07
5,2024-12-03,-1.990391787208823,2024-12-08
5,2024-12-04,-1.9972330117790704,2024-12-09
5,2024-12-05,-1.1659003537318338,2024-12-10
5,2024-12-06,-0.7939970378261588,2024-12-11
5,2024-12-07,-1.2795781085542706,2024-12-12
5,2024-12-08,-1.1652719912721738,2024-12-13
5,2024-12-09,-1.6507990554366054,2024-12-14
5,2024-12-10,-1.5859947759776978,2024-12-15
5,2024-12-11,-1.9326831136161087,2024-12-16
5,2024-12-12,-1.7181190747596926,2024-12-17
5,2024-12-13,-0.6694467171000474,2024-12-18
5,2024-12-14,-0.3361937843519817,2024-12-19
5,2024-12-15,-0.8780724156208097,2024-12-20
5,2024-12-16,-0.9501077612229932,2024-12-21
5,2024-12-17,-1.1397838660527588,2024-12-22
5,2024-12-18,-0.5179785266281572,2024-12-23
5,2024-12-19,-0.1441082121987977,2024-12-24
5,2024-12-20,0.14579688739073282,2024-12-25
5,2024-12-21,0.8141609467254448,2024-12-26
5,2024-12-22,0.669227735977178,2024-12-27
5,2024-12-23,0.4728613658456591,2024-12-28
5,2024-12-24,0.4113333933932827,2024-12-29
5,2024-12-25,0.43949928944127303,2024-12-30
5,2024-12-26,0.96558449803533,2024-12-31
5,2024-12-27,0.47974078521625724,2025-01-01
5,2024-12-28,0.30919169046100137,2025-01-02
5,2024-12-29,0.14677109759211207,2025-01-03
5,2024-12-30,0.6143931821108486,2025-01-04
5,2024-12-31,0.6411051547357207,2025-01-05
5,2025-01-01,0.20723814651492323,2025-01-06
5,2025-01-02,0.0832939418458246,2025-01-07
5,2025-01-03,-0.4433669994710351,2025-01-08
5,2025-01-04,-0.9225323435064204,2025-01-09
5,2025-01-05,-1.0491105036215453,2025-01-10
5,2025-01-06,-1.1072859130879673,2025-01-11
5,2025-01-07,-0.8733601985471978,2025-01-12
5,2025-01-08,-0.7922713947930452,2025-01-13
5,2025-01-09,-0.5606352404096739,2025-01-14
5,2025-01-10,-0.9665150251857089,2025-01-15
5,2025-01-11,-1.342225756712672,2025-01-16
5,2025-01-12,-0.5252805799869135,2025-01-17
5,2025-01-13,-0.6599242405972848,2025-01-18
5,2025-01-14,-0.5214402841761243,2025-01-19
5,2025-01-15,-0.2471597543229026,2025-01-20
5,2025-01-16,0.24645869449180968,2025-01-21
5,2025-01-17,-0.11421908868936399,2025-01-22
5,2025-01-18,0.09964915093278641,2025-01-23
5,2025-01-19,0.14827652860417545,2025-01-24
5,2025-01-20,0.6336835446557044,2025-01-25
5,2025-01-21,0.3167073494376821,2025-01-26
5,2025-01-22,-0.2526846883268629,2025-01-27
5,2025-01-23,0.206203154407538,2025-01-28
5,2025-01-24,-0.3163217835100709,2025-01-29
5,2025-01-25,-0.0823675541245218,2025-01-30
5,2025-01-26,-0.11283836235609558,2025-01-31
5,2025-01-27,-0.15899866260659484,2025-02-01
5,2025-01-28,-0.8793893334727737,2025-02-02
5,2025-01-29,-1.2687682576888928,2025-02-03
5,2025-01-30,-1.8314655204863195,2025-02-04
5,2025-01-31,-1.443666280577791,2025-02-05
5,2025-02-01,-1.557703404278021,2025-02-06
5,2025-02-02,-1.0310316689085859,2025-02-07
5,2025-02-03,-0.6246561218631921,2025-02-08
5,2025-02-04,-0.0991839067077218,2025-02-09
5,2025-02-05,0.12262150299599692,2025-02-10
5,2025-02-06,-0.3797613341454494,2025-02-11
5,2025-02-07,-0.4819039704341919,2025-02-12
5,2025-02-08,-0.9642077313139246,2025-02-13
5,2025-02-09,-0.971524826109745,2025-02-14
5,2025-02-10,-1.2760014711059182,2025-02-15
5,2025-02-11,-0.737498107910923,2025-02-16
5,2025-02-12,0.7031496847548208,2025-02-17
5,2025-02-13,0.8983212179749508,2025-02-18
5,2025-02-14,0.4018010495400434,2025-02-19
5,2025-02-15,0.22476090260972972,2025-02-20
5,2025-02-16,0.27734392142742337,2025-02-21
5,2025-02-17,0.2714453682546555,2025-02-22
5,2025-02-18,-0.3983314945628053,2025-02-23
5,2025-02-19,-0.9058962948601006,2025-02-24
5,2025-02-20,-0.6327053230888574,2025-02-25
5,2025-02-21,-0.5086203601403274,2025-02-26
5,2025-02-22,-0.13326785746224967,2025-02-27
5,2025-02-23,0.52100155174859,2025-02-28
5,2025-02-24,0.05671150345997497,2025-03-01
5,2025-02-25,-0.200204348308495,2025-03-02
5,2025-02-26,-0.8999657398097088,2025-03-03
5,2025-02-27,-1.2573349408854755,2025-03-04
5,2025-02-28,0.3767842678074738,2025-03-05
5,2025-03-01,0.5812699424276124,2025-03-06
5,2025-03-02,0.4524741755546218,2025-03-07
5,2025-03-03,-0.5849111872735936,2025-03-08
5,2025-03-04,-0.847630831838326,2025-03-09
5,2025-03-05,-0.03969631677775689,2025-03-10
5,2025-03-06,0.49404475847615037,2025-03-11
5,2025-03-07,0.16813875529286929,2025-03-12
6,2024-11-08,0.4433212947752774,2024-11-14
6,2024-11-09,1.242201782151003,2024-11-15
6,2024-11-10,1.280347582849608,2024-11-16
6,2024-11-11,2.212814022752899,2024-11-17
6,2024-11-12,2.446238145748522,2024-11-18
6,2024-11-13,2.3163815394290364,2024-11-19
6,2024-11-14,2.2755723234595235,2024-11-20
6,2024-11-15,1.4141185671630871,2024-11-21
6,2024-11-16,0.9518028748543242,2024-11-22
6,2024-11-17,1.056588110668126,2024-11-23
6,2024-11-18,0.7666279878112477,2024-11-24
6,2024-11-19,1.259825295047687,2024-11-25
6,2024-11-20,0.9504309173756252,2024-11-26
6,2024-11-21,1.649231564764471,2024-11-27
6,2024-11-22,1.6144911550689365,2024-11-28
6,2024-11-23,0.38088804336201776,2024-11-29
6,2024-11-24,-0.5165633762685736,2024-11-30
6,2024-11-25,-0.6769162047631635,2024-12-01
6,2024-11-26,-1.1092208373518049,2024-12-02
6,2024-11-27,-1.9912366350946242,2024-12-03
6,2024-11-28,-2.242751076509921,2024-12-04
6,2024-11-29,-1.930321170147835,2024-12-05
6,2024-11-30,-1.4462406514576083,2024-12-06
6,2024-12-01,-1.7010383492554184,2024-12-07
6,2024-12-02,-2.0833174620737926,2024-12-08
6,2024-12-03,-2.3437882944924775,2024-12-09
6,2024-12-04,-1.4875061583579063,2024-12-10
6,2024-12-05,-0.6941153773170631,2024-12-11
6,2024-12-06,-0.8767295854781485,2024-12-12
6,2024-12-07,-1.2637590266623346,2024-12-13
6,2024-12-08,-1.1583784432352495,2024-12-14
6,2024-12-09,-1.7704653183710148,2024-12-15
6,2024-12-10,-1.650829095775287,2024-12-16
6,2024-12-11,-1.8896280760069568,2024-12-17
6,2024-12-12,-1.126403300300078,2024-12-18
6,2024-12-13,-0.2663884290119094,2024-12-19
6,2024-12-14,-0.14949581987517296,2024-12-20
6,2024-12-15,-1.1830035369796321,2024-12-21
6,2024-12-16,-1.0858642317301637,2024-12-22
6,2024-12-17,-0.8425373886032113,2024-12-23
6,2024-12-18,-0.0379561529753638,2024-12-24
6,2024-12-19,0.38128681919767343,2024-12-25
6,2024-12-20,0.49805883898038905,2024-12-26
6,2024-12-21,0.8475541075203202,2024-12-27
6,2024-12-22,0.7415730518725562,2024-12-28
6,2024-12-23,0.33020864943597655,2024-12-29
6,2024-12-24,0.2968818046496969,2024-12-30
6,2024-12-25,0.09607042114969574,2024-12-31
6,2024-12-26,0.5132130511007449,2025-01-01
6,2024-12-27,0.5650251895032877,2025-01-02
6,2024-12-28,-0.05429433636365895,2025-01-03
6,2024-12-29,-0.21365190222970998,2025-01-04
6,2024-12-30,0.4477795143892975,2025-01-05
6,2024-12-31,0.5499879058208627,2025-01-06
6,2025-01-01,0.014110155268671109,2025-01-07
6,2025-01-02,-0.49870520154425324,2025-01-08
6,2025-01-03,-0.9279362674235212,2025-01-09
6,2025-01-04,-0.9827535217192127,2025-01-10
6,2025-01-05,-1.1035371238664378,2025-01-11
6,2025-01-06,-0.7862420278996326,2025-01-12
6,2025-01-07,-1.1802870380000634,2025-01-13
6,2025-01-08,-0.90997019587735,2025-01-14
6,2025-01-09,-1.1387494171583037,2025-01-15
6,2025-01-10,-0.9458258254180518,2025-01-16
6,2025-01-11,-0.8643214769358912,2025-01-17
6,2025-01-12,-0.5495024032093315,2025-01-18
6,2025-01-13,-0.8728819951393948,2025-01-19
6,2025-01-14,-0.3697856559285636,2025-01-20
6,2025-01-15,-0.3844600366126901,2025-01-21
6,2025-01-16,0.2617071966119866,2025-01-22
6,2025-01-17,-0.043767902587326164,2025-01-23
6,2025-01-18,-0.029303135562360277,2025-01-24
6,2025-01-19,-0.05194044413328559,2025-01-25
6,2025-01-20,0.4277182594834489,2025-01-26
6,2025-01-21,-0.23654768558264563,2025-01-27
6,2025-01-22,-0.21859814426884847,2025-01-28
6,2025-01-23,0.5642606367601626,2025-01-29
6,2025-01-24,-0.9811841882965885,2025-01-30
6,2025-01-25,-0.4998675535644094,2025-01-31
6,2025-01-26,-0.5799581294116398,2025-02-01
6,2025-01-27,-0.561731989699222,2025-02-02
6,2025-01-28,-1.409738934022415,2025-02-03
6,2025-01-29,-1.1324199496357366,2025-02-04
6,2025-01-30,-1.62637288576656,2025-02-05
6,2025-01-31,-1.22227648529835,2025-02-06
6,2025-02-01,-1.2920622248074032,2025-02-07
6,2025-02-02,-0.8472315435005542,2025-02-08
6,2025-02-03,-0.7924680700766183,2025-02-09
6,2025-02-04,-0.21814974535679393,2025-02-10
6,2025-02-05,-0.1171206494060154,2025-02-11
6,2025-02-06,-0.19851995301670033,2025-02-12
6,2025-02-07,-1.2572510334915246,2025-02-13
6,2025-02-08,-1.8902133799009355,2025-02-14
6,2025-02-09,-0.6826839872671688,2025-02-15
6,2025-02-10,-0.9769086780272149,2025-02-16
6,2025-02-11,-0.10029112204103535,2025-02-17
6,2025-02-12,0.6017951342949523,2025-02-18
6,2025-02-13,0.41156890655246914,2025-02-19
6,2025-02-14,-0.25242867218984943,2025-02-20
6,2025-02-15,0.25232752200938374,2025-02-21
6,2025-02-16,0.3203691962543084,2025-02-22
6,2025-02-17,-0.04573744287345896,2025-02-23
6,2025-02-18,-0.6320219189725733,2025-02-24
6,2025-02-19,-0.6642946633260334,2025-02-25
6,2025-02-20,-0.7831986721816586,2025-02-26
6,2025-02-21,-0.28185649505623595,2025-02-27
6,2025-02-22,0.0763037743920234,2025-02-28
6,2025-02-23,0.14311124927084443,2025-03-01
6,2025-02-24,0.0351950496994576,2025-03-02
6,2025-02-25,0.20173562741914247,2025-03-03
6,2025-02-26,-0.8557267283054438,2025-03-04
6,2025-02-27,-0.31731491667844347,2025-03-05
6,2025-02-28,0.8129188705047732,2025-03-06
6,2025-03-01,0.3570995059246678,2025-03-07
6,2025-03-02,-0.06439187532138223,2025-03-08
6,2025-03-03,-0.4259031656332696,2025-03-09
6,2025-03-04,-0.6953214151996278,2025-03-10
6,2025-03-05,0.04288060808040842,2025-03-11
6,2025-03-06,0.31356929472578615,2025-03-12
6,2025-03-07,0.40130060962046515,2025-03-13
7,2024-11-08,0.2841170026491049,2024-11-15
7,2024-11-09,1.9994012430603763,2024-11-16
7,2024-11-10,1.8802771030232124,2024-11-17
7,2024-11-11,2.663238368272677,2024-11-18
7,2024-11-12,2.656729650274415,2024-11-19
7,2024-11-13,2.009151742972255,2024-11-20
7,2024-11-14,2.043202976470221,2024-11-21
7,2024-11-15,1.0920337928306785,2024-11-22
7,2024-11-16,0.6940387429513707,2024-11-23
7,2024-11-17,1.5369727543788725,2024-11-24
7,2024-11-18,0.9988461626057705,2024-11-25
7,2024-11-19,1.524075636244101,2024-11-26
7,2024-11-20,0.9856757226780746,2024-11-27
7,2024-11-21,1.6517109613174217,2024-11-28
7,2024-11-22,1.1042559705807362,2024-11-29
7,2024-11-23,-1.2475810396989873,2024-11-30
7,2024-11-24,-1.178006377742503,2024-12-01
7,2024-11-25,-0.9598874051983429,2024-12-02
7,2024-11-26,-1.446986136728235,2024-12-03
7,2024-11-27,-2.008755001954793,2024-12-04
7,2024-11-28,-1.7504132786020985,2024-12-05
7,2024-11-29,-1.348882487428707,2024-12-06
7,2024-11-30,-1.4160255704568527,2024-12-07
7,2024-12-01,-1.8194558086997468,2024-12-08
7,2024-12-02,-2.2582943703113294,2024-12-09
7,2024-12-03,-1.9432801630362142,2024-12-10
7,2024-12-04,-0.6328803391876268,2024-12-11
7,2024-12-05,-0.4259949043276048,2024-12-12
7,2024-12-06,-1.1210913071396544,2024-12-13
7,2024-12-07,-1.1348458468655704,2024-12-14
7,2024-12-08,-1.2895191983094716,2024-12-15
7,2024-12-09,-1.7050815198866454,2024-12-16
7,2024-12-10,-1.472802696719892,2024-12-17
7,2024-12-11,-1.5440760590815783,2024-12-18
7,2024-12-12,-0.1873256631278739,2024-12-19
7,2024-12-13,-0.0823027576370975,2024-12-20
7,2024-12-14,0.13638239532510787,2024-12-21
7,2024-12-15,-0.8152075489143634,2024-12-22
7,2024-12-16,-0.40280776267529694,2024-12-23
7,2024-12-17,-0.5501625925659399,2024-12-24
7,2024-12-18,0.5503695382504088,2024-12-25
7,2024-12-19,0.598364521940782,2024-12-26
7,2024-12-20,0.27489276109533484,2024-12-27
7,2024-12-21,0.8250273071985336,2024-12-28
7,2024-12-22,0.9331971771276323,2024-12-29
7,2024-12-23,0.11567460869014548,2024-12-30
7,2024-12-24,0.20804581430076144,2024-12-31
7,2024-12-25,-0.4622167331270091,2025-01-01
7,2024-12-26,0.46784394747648633,2025-01-02
7,2024-12-27,0.4112568422701301,2025-01-03
7,2024-12-28,-0.4453310634481055,2025-01-04
7,2024-12-29,-0.3772527164967237,2025-01-05
7,2024-12-30,0.009793008062789434,2025-01-06
7,2024-12-31,0.559591039926203,2025-01-07
7,2025-01-01,-0.4205269268435036,2025-01-08
7,2025-01-02,-0.753039535950628,2025-01-09
7,2025-01-03,-0.8173461938620029,2025-01-10
7,2025-01-04,-0.9907382471378291,2025-01-11
7,2025-01-05,-1.081881881669514,2025-01-12
7,2025-01-06,-0.8458749749081278,2025-01-13
7,2025-01-07,-1.5099941625150026,2025-01-14
7,2025-01-08,-1.6751467043902255,2025-01-15
7,2025-01-09,-1.491165061317249,2025-01-16
7,2025-01-10,-0.6050123364070484,2025-01-17
7,2025-01-11,-0.7716953380130188,2025-01-18
7,2025-01-12,-0.49610992335227677,2025-01-19
7,2025-01-13,-0.6645941507211472,2025-01-20
7,2025-01-14,-0.533982440438448,2025-01-21
7,2025-01-15,-0.5748091626640629,2025-01-22
7,2025-01-16,0.6965497885653137,2025-01-23
7,2025-01-17,-0.3432752296205109,2025-01-24
7,2025-01-18,-0.305709437061771,2025-01-25
7,2025-01-19,-0.1194612273809973,2025-01-26
7,2025-01-20,0.10496348849163116,2025-01-27
7,2025-01-21,-0.36483348912219915,2025-01-28
7,2025-01-22,0.2658665642683625,2025-01-29
7,2025-01-23,0.14396725449650946,2025-01-30
7,2025-01-24,-0.6788742657537804,2025-01-31
7,2025-01-25,-1.3182239596199914,2025-02-01
7,2025-01-26,-0.8367346740779954,2025-02-02
7,2025-01-27,-0.6934154351252617,2025-02-03
7,2025-01-28,-1.0944605435015415,2025-02-04
7,2025-01-29,-0.7081954899179628,2025-02-05
7,2025-01-30,-1.2804812818408615,2025-02-06
7,2025-01-31,-0.8417298462455968,2025-02-07
7,2025-02-01,-0.9045771013934666,2025-02-08
7,2025-02-02,-0.6478132287970451,2025-02-09
7,2025-02-03,-1.4046827094035674,2025-02-10
7,2025-02-04,-0.31600886539385575,2025-02-11
7,2025-02-05,0.21188867248773335,2025-02-12
7,2025-02-06,-0.21872452927090907,2025-02-13
7,2025-02-07,-1.9576045181353996,2025-02-14
7,2025-02-08,-2.0214240880087413,2025-02-15
7,2025-02-09,-0.29210279888252116,2025-02-16
7,2025-02-10,-0.4882851403450549,2025-02-17
7,2025-02-11,-0.11737077187067131,2025-02-18
7,2025-02-12,-0.10368394867779113,2025-02-19
7,2025-02-13,0.2140239307599201,2025-02-20
7,2025-02-14,-0.7038848491571235,2025-02-21
7,2025-02-15,0.04295110323168154,2025-02-22
7,2025-02-16,0.13302837200751974,2025-02-23
7,2025-02-17,-0.3855480523808592,2025-02-24
7,2025-02-18,-0.32672969897349124,2025-02-25
7,2025-02-19,-0.6790116369302448,2025-02-26
7,2025-02-20,-0.4411044978604373,2025-02-27
7,2025-02-21,0.3068240083664514,2025-02-28
7,2025-02-22,-0.40820024954199147,2025-03-01
7,2025-02-23,-0.1395799854636444,2025-03-02
7,2025-02-24,0.5527719555752855,2025-03-03
7,2025-02-25,0.762965096607326,2025-03-04
7,2025-02-26,-0.08239552081497427,2025-03-05
7,2025-02-27,0.5897773469461588,2025-03-06
7,2025-02-28,0.5394678030058377,2025-03-07
7,2025-03-01,-0.11273980072257435,2025-03-08
7,2025-03-02,-0.02363998292942726,2025-03-09
7,2025-03-03,0.4660244625983422,2025-03-10
7,2025-03-04,-0.49487501247029925,2025-03-11
7,2025-03-05,-0.23994001052433092,2025-03-12
7,2025-03-06,0.08550674724517544,2025-03-13
7,2025-03-07,0.8091503708801645,2025-03-14
8,2024-11-08,0.9226974295216952,2024-11-16
8,2024-11-09,1.6710214354454773,2024-11-17
8,2024-11-10,2.0300114981909556,2024-11-18
8,2024-11-11,2.4485892910365235,2024-11-19
8,2024-11-12,2.2530301767913916,2024-11-20
8,2024-11-13,1.7722573012545448,2024-11-21
8,2024-11-14,1.3615882225492486,2024-11-22
8,2024-11-15,0.9141562081707918,2024-11-23
8,2024-11-16,0.7388937551087614,2024-11-24
8,2024-11-17,2.009176895753789,2024-11-25
8,2024-11-18,1.107671817205801,2024-11-26
8,2024-11-19,1.4460485479547638,2024-11-27
8,2024-11-20,1.1037093020637756,2024-11-28
8,2024-11-21,1.5058633373781782,2024-11-29
8,2024-11-22,-0.012684309509822104,2024-11-30
8,2024-11-23,-1.8100158595574287,2024-12-01
8,2024-11-24,-1.3090708755504918,2024-12-02
8,2024-11-25,-1.1463697213099988,2024-12-03
8,2024-11-26,-1.4112119590698846,2024-12-04
8,2024-11-27,-1.7046262906138083,2024-12-05
8,2024-11-28,-1.70988619282821,2024-12-06
8,2024-11-29,-0.9946218672450435,2024-12-07
8,2024-11-30,-1.5598891812061686,2024-12-08
8,2024-12-01,-1.818448318404475,2024-12-09
8,2024-12-02,-1.6574213785621181,2024-12-10
8,2024-12-03,-1.4852228580395777,2024-12-11
8,2024-12-04,-0.5023847305922237,2024-12-12
8,2024-12-05,-0.45550988360801176,2024-12-13
8,2024-12-06,-1.1590021131607429,2024-12-14
8,2024-12-07,-1.1556656941635337,2024-12-15
8,2024-12-08,-1.4033733661558496,2024-12-16
8,2024-12-09,-1.1015624517631033,2024-12-17
8,2024-12-10,-1.6460491422839203,2024-12-18
8,2024-12-11,-0.7569135587711424,2024-12-19
8,2024-12-12,0.4331903162075353,2024-12-20
8,2024-12-13,0.3158379678429283,2024-12-21
8,2024-12-14,0.1372428572163253,2024-12-22
8,2024-12-15,-0.514733819908521,2024-12-23
8,2024-12-16,0.6244640056958631,2024-12-24
8,2024-12-17,-0.43820672356494245,2024-12-25
8,2024-12-18,1.2992827446694546,2024-12-26
8,2024-12-19,0.3262025750869513,2024-12-27
8,2024-12-20,-0.21916451820832553,2024-12-28
8,2024-12-21,0.5341346186236356,2024-12-29
8,2024-12-22,0.7673146184086351,2024-12-30
8,2024-12-23,0.3016645396064743,2024-12-31
8,2024-12-24,-0.08737473074655717,2025-01-01
8,2024-12-25,-0.5478666608549698,2025-01-02
8,2024-12-26,0.5277997600822674,2025-01-03
8,2024-12-27,0.10884668091862718,2025-01-04
8,2024-12-28,-0.4058157372255317,2025-01-05
8,2024-12-29,-0.4589149058319016,2025-01-06
8,2024-12-30,-0.36854456171635136,2025-01-07
8,2024-12-31,-0.030674741631767553,2025-01-08
8,2025-01-01,-0.4576610552424997,2025-01-09
8,2025-01-02,-0.5032080919390045,2025-01-10
8,2025-01-03,-0.6919380480202142,2025-01-11
8,2025-01-04,-0.803655272770163,2025-01-12
8,2025-01-05,-0.7550707159791972,2025-01-13
8,2025-01-06,-1.1835121009240104,2025-01-14
8,2025-01-07,-1.8203233641611154,2025-01-15
8,2025-01-08,-2.4857427432705514,2025-01-16
8,2025-01-09,-1.1652801128741839,2025-01-17
8,2025-01-10,-0.82168285390974,2025-01-18
8,2025-01-11,-0.8048020908043996,2025-01-19
8,2025-01-12,-0.35221033830523707,2025-01-20
8,2025-01-13,-0.8238453725698683,2025-01-21
8,2025-01-14,-0.5915979099053433,2025-01-22
8,2025-01-15,-0.6837954332167295,2025-01-23
8,2025-01-16,0.8646408922526784,2025-01-24
8,2025-01-17,-0.6787193449839216,2025-01-25
8,2025-01-18,-0.48995361325319703,2025-01-26
8,2025-01-19,-0.17867324780039628,2025-01-27
8,2025-01-20,-0.002153155565526349,2025-01-28
8,2025-01-21,0.08099344241112032,2025-01-29
8,2025-01-22,0.061922539426876665,2025-01-30
8,2025-01-23,0.013785594842151248,2025-01-31
8,2025-01-24,-0.37643043005095506,2025-02-01
8,2025-01-25,-1.6562936898731127,2025-02-02
8,2025-01-26,-0.9468926388660414,2025-02-03
8,2025-01-27,-0.12596905866841934,2025-02-04
8,2025-01-28,-0.2377303599594499,2025-02-05
8,2025-01-29,-0.39848225422401373,2025-02-06
8,2025-01-30,-0.9577353730877551,2025-02-07
8,2025-01-31,-0.7441497291587745,2025-02-08
8,2025-02-01,-0.9123308109738103,2025-02-09
8,2025-02-02,-0.8336266044318555,2025-02-10
8,2025-02-03,-1.2673379975313965,2025-02-11
8,2025-02-04,-0.2240500253244727,2025-02-12
8,2025-02-05,0.4147063318979344,2025-02-13
8,2025-02-06,-0.26959951961284856,2025-02-14
8,2025-02-07,-1.5719330027660268,2025-02-15
8,2025-02-08,-1.6218074195979348,2025-02-16
8,2025-02-09,0.5431509706954885,2025-02-17
8,2025-02-10,-0.6709060745732595,2025-02-18
8,2025-02-11,-0.709059699895944,2025-02-19
8,2025-02-12,-0.6860855407855554,2025-02-20
8,2025-02-13,0.257090109803099,2025-02-21
8,2025-02-14,-0.5351634659345245,2025-02-22
8,2025-02-15,0.09019247584963826,2025-02-23
8,2025-02-16,0.0653744118957243,2025-02-24
8,2025-02-17,-0.25404919109714563,2025-02-25
8,2025-02-18,-0.24043089898767978,2025-02-26
8,2025-02-19,-0.7214629373733213,2025-02-27
8,2025-02-20,0.29301709835724576,2025-02-28
8,2025-02-21,0.08789968158873579,2025-03-01
8,2025-02-22,-0.8559840872552446,2025-03-02
8,2025-02-23,-0.14818059934460243,2025-03-03
8,2025-02-24,1.3526460935322964,2025-03-04
8,2025-02-25,1.5663524798561823,2025-03-05
8,2025-02-26,0.039737484661167256,2025-03-06
8,2025-02-27,0.7633751001632008,2025-03-07
8,2025-02-28,0.049989173922114716,2025-03-08
8,2025-03-01,0.15137095559024585,2025-03-09
8,2025-03-02,-0.057394133596688435,2025-03-10
8,2025-03-03,0.8353983526941197,2025-03-11
8,2025-03-04,-0.24908677780974803,2025-03-12
8,2025-03-05,-0.5363674381675023,2025-03-13
8,2025-03-06,0.3455375464947634,2025-03-14
8,2025-03-07,0.5068715594984711,2025-03-15
9,2024-11-08,1.5481064829037785,2024-11-17
9,2024-11-09,1.3389844337283539,2024-11-18
9,2024-11-10,1.543921120104537,2024-11-19
9,2024-11-11,1.9318828452774572,2024-11-20
9,2024-11-12,1.7956546532382653,2024-11-21
9,2024-11-13,1.8857544968515956,2024-11-22
9,2024-11-14,0.6769146267157699,2024-11-23
9,2024-11-15,1.072183325528044,2024-11-24
9,2024-11-16,1.067986438010879,2024-11-25
9,2024-11-17,2.072968700822195,2024-11-26
9,2024-11-18,0.9238259038579358,2024-11-27
9,2024-11-19,1.4440865590352416,2024-11-28
9,2024-11-20,0.9822589219484207,2024-11-29
9,2024-11-21,0.5616437399826889,2024-11-30
9,2024-11-22,-1.3134237779476248,2024-12-01
9,2024-11-23,-0.6662868892865775,2024-12-02
9,2024-11-24,-0.9677651643269571,2024-12-03
9,2024-11-25,-0.8848217648983063,2024-12-04
9,2024-11-26,-0.9846943599434059,2024-12-05
9,2024-11-27,-1.615251451192611,2024-12-06
9,2024-11-28,-1.4801982797457673,2024-12-07
9,2024-11-29,-1.3897880572646317,2024-12-08
9,2024-11-30,-1.032983864312416,2024-12-09
9,2024-12-01,-1.422106251733909,2024-12-10
9,2024-12-02,-0.847948997778661,2024-12-11
9,2024-12-03,-0.9581886643910684,2024-12-12
9,2024-12-04,-0.8763473325969027,2024-12-13
9,2024-12-05,-0.5948752733587402,2024-12-14
9,2024-12-06,-1.186379681520947,2024-12-15
9,2024-12-07,-1.0140449950558565,2024-12-16
9,2024-12-08,-1.1987691065515147,2024-12-17
9,2024-12-09,-0.3175779529066082,2024-12-18
9,2024-12-10,-1.6892973042096817,2024-12-19
9,2024-12-11,0.10262458033875109,2024-12-20
9,2024-12-12,0.5800579894036574,2024-12-21
9,2024-12-13,0.4985190049927811,2024-12-22
9,2024-12-14,-0.08287475162557337,2024-12-23
9,2024-12-15,-0.42208534957672045,2024-12-24
9,2024-12-16,1.3790790976825789,2024-12-25
9,2024-12-17,-0.39900687114051875,2024-12-26
9,2024-12-18,1.4354845949150803,2024-12-27
9,2024-12-19,0.41293319918401794,2024-12-28
9,2024-12-20,-0.4966886157008139,2024-12-29
9,2024-12-21,0.14263294265144205,2024-12-30
9,2024-12-22,0.4940542901902302,2024-12-31
9,2024-12-23,0.5443573788047776,2025-01-01
9,2024-12-24,-0.32782646468975435,2025-01-02
9,2024-12-25,-0.10570396910069825,2025-01-03
9,2024-12-26,0.5451129242764232,2025-01-04
9,2024-12-27,-0.13028824183377988,2025-01-05
9,2024-12-28,-0.0895363331056019,2025-01-06
9,2024-12-29,-0.4900807583993837,2025-01-07
9,2024-12-30,-0.43522768882133156,2025-01-08
9,2024-12-31,-0.39415741872025145,2025-01-09
9,2025-01-01,-0.237999247326356,2025-01-10
9,2025-01-02,-0.1467586297162504,2025-01-11
9,2025-01-03,-0.49708686059080553,2025-01-12
9,2025-01-04,-0.6076006080787785,2025-01-13
9,2025-01-05,-0.6025992686634803,2025-01-14
9,2025-01-06,-1.5299484525483764,2025-01-15
9,2025-01-07,-1.9535702365665202,2025-01-16
9,2025-01-08,-3.0541417171314746,2025-01-17
9,2025-01-09,-1.2359972410452993,2025-01-18
9,2025-01-10,-1.5529948344089923,2025-01-19
9,2025-01-11,-0.3322241132635492,2025-01-20
9,2025-01-12,-0.6034177323842554,2025-01-21
9,2025-01-13,-1.262288345997382,2025-01-22
9,2025-01-14,-0.5220939420524436,2025-01-23
9,2025-01-15,-1.061887176930951,2025-01-24
9,2025-01-16,0.637574580288934,2025-01-25
9,2025-01-17,-0.8619509101289072,2025-01-26
9,2025-01-18,-0.69272291654322,2025-01-27
9,2025-01-19,-0.27450256157701586,2025-01-28
9,2025-01-20,-0.06249527378451012,2025-01-29
9,2025-01-21,0.5019827958674399,2025-01-30
9,2025-01-22,0.2805726904244975,2025-01-31
9,2025-01-23,0.6037470900832208,2025-02-01
9,2025-01-24,-0.3820097921532927,2025-02-02
9,2025-01-25,-1.690184449248917,2025-02-03
9,2025-01-26,-0.5712257790902454,2025-02-04
9,2025-01-27,0.41660852000416637,2025-02-05
9,2025-01-28,0.21184175605220198,2025-02-06
9,2025-01-29,0.0658831020558413,2025-02-07
9,2025-01-30,-0.6894770938020028,2025-02-08
9,2025-01-31,-1.0670983393603894,2025-02-09
9,2025-02-01,-1.301713276132406,2025-02-10
9,2025-02-02,-1.1157029653011452,2025-02-11
9,2025-02-03,-0.7245470101169716,2025-02-12
9,2025-02-04,-0.7229702540288948,2025-02-13
9,2025-02-05,0.40645441989674536,2025-02-14
9,2025-02-06,-0.4023244625202635,2025-02-15
9,2025-02-07,-1.2091014536343219,2025-02-16
9,2025-02-08,-1.0291006294843812,2025-02-17
9,2025-02-09,0.7239909688655939,2025-02-18
9,2025-02-10,-0.9802481734573144,2025-02-19
9,2025-02-11,-1.0859577294064844,2025-02-20
9,2025-02-12,-1.0274303998676984,2025-02-21
9,2025-02-13,-0.09261021688490087,2025-02-22
9,2025-02-14,0.1433705330884341,2025-02-23
9,2025-02-15,0.030035741758484166,2025-02-24
9,2025-02-16,0.4828438636110778,2025-02-25
9,2025-02-17,-0.12988756558197032,2025-02-26
9,2025-02-18,-0.10710292582644185,2025-02-27
9,2025-02-19,-0.5687898346263668,2025-02-28
9,2025-02-20,0.3590554302429154,2025-03-01
9,2025-02-21,0.039106278247571874,2025-03-02
9,2025-02-22,-0.7379466276477443,2025-03-03
9,2025-02-23,-0.5144753527682348,2025-03-04
9,2025-02-24,1.5680077395733412,2025-03-05
9,2025-02-25,1.7043173615801526,2025-03-06
9,2025-02-26,-0.16648424539225484,2025-03-07
9,2025-02-27,0.706764097570663,2025-03-08
9,2025-02-28,0.5300331510846744,2025-03-09
9,2025-03-01,0.2887986539631023,2025-03-10
9,2025-03-02,-0.3548776912789623,2025-03-11
9,2025-03-03,1.1088896289416212,2025-03-12
9,2025-03-04,-0.170695058408804,2025-03-13
9,2025-03-05,-0.44070949228020756,2025-03-14
9,2025-03-06,0.736769548231497,2025-03-15
9,2025-03-07,0.5010197528053678,2025-03-16
10,2024-11-08,1.7548075305350979,2024-11-18
10,2024-11-09,1.116217009687719,2024-11-19
10,2024-11-10,1.2891914287212873,2024-11-20
10,2024-11-11,2.067908326268834,2024-11-21
10,2024-11-12,1.4758715282272985,2024-11-22
10,2024-11-13,2.005028647011445,2024-11-23
10,2024-11-14,0.9312425986472909,2024-11-24
10,2024-11-15,1.3597499804790085,2024-11-25
10,2024-11-16,1.0557271881456938,2024-11-26
10,2024-11-17,1.7642580654303603,2024-11-27
10,2024-11-18,0.7025407350370684,2024-11-28
10,2024-11-19,1.4265085540033784,2024-11-29
10,2024-11-20,-0.0036725448990103347,2024-11-30
10,2024-11-21,-0.6310143307865081,2024-12-01
10,2024-11-22,-1.8131561199602588,2024-12-02
10,2024-11-23,0.5230628673534325,2024-12-03
10,2024-11-24,-0.48923060628422105,2024-12-04
10,2024-11-25,-0.39490783297675164,2024-12-05
10,2024-11-26,-0.6036938429855349,2024-12-06
10,2024-11-27,-1.593231852847417,2024-12-07
10,2024-11-28,-1.0745227939335267,2024-12-08
10,2024-11-29,-1.5196499650193724,2024-12-09
10,2024-11-30,-0.23575934173183996,2024-12-10
10,2024-12-01,-1.1331670944732575,2024-12-11
10,2024-12-02,-0.4373471282559152,2024-12-12
10,2024-12-03,-1.017144837845,2024-12-13
10,2024-12-04,-0.9148628573589351,2024-12-14
10,2024-12-05,-0.45377815500992535,2024-12-15
10,2024-12-06,-1.2989737479992116,2024-12-16
10,2024-12-07,-0.6692228134262614,2024-12-17
10,2024-12-08,-0.924218767659074,2024-12-18
10,2024-12-09,-0.3301716595114844,2024-12-19
10,2024-12-10,-1.342125512845874,2024-12-20
10,2024-12-11,0.501472355347768,2024-12-21
10,2024-12-12,0.5524154283279699,2024-12-22
10,2024-12-13,0.6666773401641225,2024-12-23
10,2024-12-14,-0.054491119372492236,2024-12-24
10,2024-12-15,0.14882365807307768,2024-12-25
10,2024-12-16,1.6501999411028023,2024-12-26
10,2024-12-17,-0.6631909605193997,2024-12-27
10,2024-12-18,1.2148016773144243,2024-12-28
10,2024-12-19,0.852739467998314,2024-12-29
10,2024-12-20,-0.7186295103389164,2024-12-30
10,2024-12-21,-0.42373887145256506,2024-12-31
10,2024-12-22,0.7542777830102279,2025-01-01
10,2024-12-23,0.5668821787385291,2025-01-02
10,2024-12-24,-0.4685118671725917,2025-01-03
10,2024-12-25,0.37859587511840126,2025-01-04
10,2024-12-26,0.450689663959327,2025-01-05
10,2024-12-27,-0.2844274007242829,2025-01-06
10,2024-12-28,-0.17475187687586338,2025-01-07
10,2024-12-29,-0.7570778086386318,2025-01-08
10,2024-12-30,-0.28281341220495637,2025-01-09
10,2024-12-31,-0.10145091708276568,2025-01-10
10,2025-01-01,-0.10774956320439037,2025-01-11
10,2025-01-02,0.16951290278422154,2025-01-12
10,2025-01-03,-0.27562211287393334,2025-01-13
10,2025-01-04,-0.5446171635525284,2025-01-14
10,2025-01-05,-0.5442245540225528,2025-01-15
10,2025-01-06,-1.3765700921625867,2025-01-16
10,2025-01-07,-1.8889466846496008,2025-01-17
10,2025-01-08,-3.285944550021602,2025-01-18
10,2025-01-09,-1.4333148760471308,2025-01-19
10,2025-01-10,-2.2488955194452034,2025-01-20
10,2025-01-11,-0.015089455532192616,2025-01-21
10,2025-01-12,-0.5887185710626399,2025-01-22
10,2025-01-13,-1.4184712747442478,2025-01-23
10,2025-01-14,-0.512339377921101,2025-01-24
10,2025-01-15,-1.731962852792538,2025-01-25
10,2025-01-16,0.5650736374661817,2025-01-26
10,2025-01-17,-0.688104312129838,2025-01-27
10,2025-01-18,-0.7417458159881852,2025-01-28
10,2025-01-19,-0.1592125702124501,2025-01-29
10,2025-01-20,-0.2021826060228847,2025-01-30
10,2025-01-21,0.6418483973921145,2025-01-31
10,2025-01-22,0.9096637817672805,2025-02-01
10,2025-01-23,0.9681659709170312,2025-02-02
10,2025-01-24,-0.06423950479164933,2025-02-03
10,2025-01-25,-1.5140448169894292,2025-02-04
10,2025-01-26,-0.375062739263253,2025-02-05
10,2025-01-27,0.7257089171536333,2025-02-06
10,2025-01-28,0.198435362439992,2025-02-07
10,2025-01-29,0.28542993143991774,2025-02-08
10,2025-01-30,-0.5761664583586058,2025-02-09
10,2025-01-31,-1.1649578952180815,2025-02-10
10,2025-02-01,-1.3661763469862653,2025-02-11
10,2025-02-02,-1.345973131393978,2025-02-12
10,2025-02-03,-0.8811193608807565,2025-02-13
10,2025-02-04,-0.9829726439135703,2025-02-14
10,2025-02-05,0.05827882768728113,2025-02-15
10,2025-02-06,-0.09933093642714823,2025-02-16
10,2025-02-07,-1.3512398497192273,2025-02-17
10,2025-02-08,-0.7335092549366689,2025-02-18
10,2025-02-09,0.9036975124713774,2025-02-19
10,2025-02-10,-0.8458755308763319,2025-02-20
10,2025-02-11,-0.7693878128443954,2025-02-21
10,2025-02-12,-1.346502150801181,2025-02-22
10,2025-02-13,-0.38498679818117576,2025-02-23
10,2025-02-14,0.07467174666157694,2025-02-24
10,2025-02-15,-0.13061331748674093,2025-02-25
10,2025-02-16,0.3937166332669599,2025-02-26
10,2025-02-17,-0.0074136743834258565,2025-02-27
10,2025-02-18,0.07270741007960002,2025-02-28
10,2025-02-19,-0.31991313999203125,2025-03-01
10,2025-02-20,0.42813844776005366,2025-03-02
10,2025-02-21,0.3665244981555836,2025-03-03
10,2025-02-22,-0.4467058527753286,2025-03-04
10,2025-02-23,-0.051009083330909054,2025-03-05
10,2025-02-24,1.1679108899843371,2025-03-06
10,2025-02-25,1.1762775727930157,2025-03-07
10,2025-02-26,0.07304736856591831,2025-03-08
10,2025-02-27,0.6470580515887362,2025-03-09
10,2025-02-28,0.5628493586795376,2025-03-10
10,2025-03-01,0.2440805827768276,2025-03-11
10,2025-03-02,-0.8255091185868266,2025-03-12
10,2025-03-03,1.3631141149685524,2025-03-13
10,2025-03-04,0.0004883682946592973,2025-03-14
10,2025-03-05,-0.23178508642085452,2025-03-15
10,2025-03-06,1.0426194423383535,2025-03-16
10,2025-03-07,1.1519388374616093,2025-03-17
11,2024-11-08,1.2333068299333672,2024-11-19
11,2024-11-09,1.027295305479286,2024-11-20
11,2024-11-10,1.4129051213966155,2024-11-21
11,2024-11-11,2.099896190901662,2024-11-22
11,2024-11-12,0.44735339970985266,2024-11-23
11,2024-11-13,1.680012938274339,2024-11-24
11,2024-11-14,1.613036168174186,2024-11-25
11,2024-11-15,1.550255493000224,2024-11-26
11,2024-11-16,1.4862599760521917,2024-11-27
11,2024-11-17,1.143772871226786,2024-11-28
11,2024-11-18,0.4840280837498696,2024-11-29
11,2024-11-19,0.4372904545184435,2024-11-30
11,2024-11-20,-0.34361203590209954,2024-12-01
11,2024-11-21,-1.1693980334812983,2024-12-02
11,2024-11-22,-1.8692428589388241,2024-12-03
11,2024-11-23,0.9716796842483527,2024-12-04
11,2024-11-24,-0.2841828695445363,2024-12-05
11,2024-11-25,-0.3831858497756643,2024-12-06
11,2024-11-26,-0.6484113893987621,2024-12-07
11,2024-11-27,-0.757057400037597,2024-12-08
11,2024-11-28,-1.0559743424219046,2024-12-09
11,2024-11-29,-0.7935857472557997,2024-12-10
11,2024-11-30,0.291920664681159,2024-12-11
11,2024-12-01,-0.975866879215585,2024-12-12
11,2024-12-02,-0.4208433703452955,2024-12-13
11,2024-12-03,-1.0669209354298228,2024-12-14
11,2024-12-04,-0.7782146744702038,2024-12-15
11,2024-12-05,-0.22304911548921985,2024-12-16
11,2024-12-06,-0.9094374404000954,2024-12-17
11,2024-12-07,-0.8764955127077093,2024-12-18
11,2024-12-08,-0.6704637475440436,2024-12-19
11,2024-12-09,-0.4474284010792116,2024-12-20
11,2024-12-10,-0.9063675330555754,2024-12-21
11,2024-12-11,0.5729438534787269,2024-12-22
11,2024-12-12,1.0843082668048012,2024-12-23
11,2024-12-13,0.9802611768197129,2024-12-24
11,2024-12-14,0.31207022138258966,2024-12-25
11,2024-12-15,0.4515230511824613,2024-12-26
11,2024-12-16,1.9033531302540663,2024-12-27
11,2024-12-17,-0.6426625353296987,2024-12-28
11,2024-12-18,0.8770642246268079,2024-12-29
11,2024-12-19,0.8968308503400301,2024-12-30
11,2024-12-20,-1.262662072022484,2024-12-31
11,2024-12-21,-0.7969403417077778,2025-01-01
11,2024-12-22,1.1067000370185558,2025-01-02
11,2024-12-23,0.8179751038216071,2025-01-03
11,2024-12-24,-0.5939232360314314,2025-01-04
11,2024-12-25,0.451468094704222,2025-01-05
11,2024-12-26,0.4591309420499431,2025-01-06
11,2024-12-27,-0.468122153992033,2025-01-07
11,2024-12-28,-0.430255539116788,2025-01-08
11,2024-12-29,-1.1237903221900964,2025-01-09
11,2024-12-30,0.012236090757707312,2025-01-10
11,2024-12-31,0.3013502772739261,2025-01-11
11,2025-01-01,0.27780505090731955,2025-01-12
11,2025-01-02,0.33520102287598197,2025-01-13
11,2025-01-03,-0.3522450382414032,2025-01-14
11,2025-01-04,-0.9483733671082604,2025-01-15
11,2025-01-05,-0.5223124224383983,2025-01-16
11,2025-01-06,-1.0030271807886861,2025-01-17
11,2025-01-07,-2.1342947349191257,2025-01-18
11,2025-01-08,-3.278645529064595,2025-01-19
11,2025-01-09,-1.0946763816957688,2025-01-20
11,2025-01-10,-3.3894157121644226,2025-01-21
11,2025-01-11,0.03157305564877679,2025-01-22
11,2025-01-12,-0.5779531473703617,2025-01-23
11,2025-01-13,-1.488886746292356,2025-01-24
11,2025-01-14,-0.8899034392129991,2025-01-25
11,2025-01-15,-2.17202429011928,2025-01-26
11,2025-01-16,1.0578715518469075,2025-01-27
11,2025-01-17,-0.5063416051526365,2025-01-28
11,2025-01-18,-0.6760176993281553,2025-01-29
11,2025-01-19,-0.8871819398671826,2025-01-30
11,2025-01-20,-0.2713097588722408,2025-01-31
11,2025-01-21,0.5020771542761786,2025-02-01
11,2025-01-22,1.0017314198500422,2025-02-02
11,2025-01-23,1.0994129094296061,2025-02-03
11,2025-01-24,0.3942246364921228,2025-02-04
11,2025-01-25,-1.0118148238186107,2025-02-05
11,2025-01-26,-0.2613369552972363,2025-02-06
11,2025-01-27,0.9877417411876651,2025-02-07
11,2025-01-28,0.3466898475547333,2025-02-08
11,2025-01-29,0.779321654350508,2025-02-09
11,2025-01-30,-0.9057685715486172,2025-02-10
11,2025-01-31,-1.0222872185677867,2025-02-11
11,2025-02-01,-1.4199272669614076,2025-02-12
11,2025-02-02,-1.0293909415448843,2025-02-13
11,2025-02-03,-1.3258344078352036,2025-02-14
11,2025-02-04,-0.6753509649353788,2025-02-15
11,2025-02-05,0.07173500664671079,2025-02-16
11,2025-02-06,0.577196594245692,2025-02-17
11,2025-02-07,-1.6630483390115607,2025-02-18
11,2025-02-08,-0.6397273098569143,2025-02-19
11,2025-02-09,0.893895140354332,2025-02-20
11,2025-02-10,-0.9146446343175759,2025-02-21
11,2025-02-11,-0.4784572451137759,2025-02-22
11,2025-02-12,-1.1690902385508373,2025-02-23
11,2025-02-13,-0.3214060299493036,2025-02-24
11,2025-02-14,0.03166068958908573,2025-02-25
11,2025-02-15,-0.6616577004387882,2025-02-26
11,2025-02-16,0.47154277087183794,2025-02-27
11,2025-02-17,-0.054156567422561544,2025-02-28
11,2025-02-18,0.6579690479955831,2025-03-01
11,2025-02-19,-0.6191763755189204,2025-03-02
11,2025-02-20,0.6290101442903538,2025-03-03
11,2025-02-21,0.6676601202907438,2025-03-04
11,2025-02-22,0.3191524101417501,2025-03-05
11,2025-02-23,0.3649417173695012,2025-03-06
11,2025-02-24,1.163163415236309,2025-03-07
11,2025-02-25,0.8757595830974239,2025-03-08
11,2025-02-26,-0.010999935310539598,2025-03-09
11,2025-02-27,0.45467409352119514,2025-03-10
11,2025-02-28,-0.12643843935270793,2025-03-11
11,2025-03-01,-0.018529064554607295,2025-03-12
11,2025-03-02,-0.7529536104651189,2025-03-13
11,2025-03-03,1.8416199728017937,2025-03-14
11,2025-03-04,-0.22512103749398088,2025-03-15
11,2025-03-05,-0.12205917945643831,2025-03-16
11,2025-03-06,1.1169332661617646,2025-03-17
11,2025-03-07,1.756072593469377,2025-03-18
12,2024-11-08,1.4785168029357572,2024-11-20
12,2024-11-09,1.3886353428900353,2024-11-21
12,2024-11-10,1.8989241797173835,2024-11-22
12,2024-11-11,1.630720185477758,2024-11-23
12,2024-11-12,-0.11840557286642218,2024-11-24
12,2024-11-13,1.2634381455921748,2024-11-25
12,2024-11-14,2.277483179039589,2024-11-26
12,2024-11-15,1.5905842250059894,2024-11-27
12,2024-11-16,2.0766147492369704,2024-11-28
12,2024-11-17,0.5040286362492454,2024-11-29
12,2024-11-18,0.14244450522104493,2024-11-30
12,2024-11-19,-0.22556185591808744,2024-12-01
12,2024-11-20,0.470739480986259,2024-12-02
12,2024-11-21,-1.156462981309509,2024-12-03
12,2024-11-22,-1.8958160246723874,2024-12-04
12,2024-11-23,1.1721390939309075,2024-12-05
12,2024-11-24,-0.29525132437280405,2024-12-06
12,2024-11-25,-0.6330509287217299,2024-12-07
12,2024-11-26,-0.9385681233195271,2024-12-08
12,2024-11-27,0.3961563256293727,2024-12-09
12,2024-11-28,-1.338314260448461,2024-12-10
12,2024-11-29,-0.51608510593496,2024-12-11
12,2024-11-30,0.4272619202859204,2024-12-12
12,2024-12-01,-0.8157690021617238,2024-12-13
12,2024-12-02,-0.3765203780207332,2024-12-14
12,2024-12-03,-1.1925876228330736,2024-12-15
12,2024-12-04,-0.9497274327295224,2024-12-16
12,2024-12-05,-0.1414122742028404,2024-12-17
12,2024-12-06,-0.5899166492953911,2024-12-18
12,2024-12-07,-1.362657634952841,2024-12-19
12,2024-12-08,-0.31034576710769013,2024-12-20
12,2024-12-09,-0.10795381369160048,2024-12-21
12,2024-12-10,-0.37605478965732586,2024-12-22
12,2024-12-11,0.6169605588798064,2024-12-23
12,2024-12-12,1.7869992368791952,2024-12-24
12,2024-12-13,0.9675761257096248,2024-12-25
12,2024-12-14,0.8897729407840467,2024-12-26
12,2024-12-15,0.11862586681874807,2024-12-27
12,2024-12-16,1.5057139638815513,2024-12-28
12,2024-12-17,-0.5073459215833899,2024-12-29
12,2024-12-18,0.4168630333370524,2024-12-30
12,2024-12-19,0.37109825353287224,2024-12-31
12,2024-12-20,-1.384423573378694,2025-01-01
12,2024-12-21,-1.1230159849164834,2025-01-02
12,2024-12-22,1.1491050167785641,2025-01-03
12,2024-12-23,1.1735284808612096,2025-01-04
12,2024-12-24,-0.6407588057145551,2025-01-05
12,2024-12-25,0.1653272115590867,2025-01-06
12,2024-12-26,0.08884662845519305,2025-01-07
12,2024-12-27,-0.539939120706677,2025-01-08
12,2024-12-28,-0.09007511398519663,2025-01-09
12,2024-12-29,-1.0327590488698775,2025-01-10
12,2024-12-30,0.6161986958119604,2025-01-11
12,2024-12-31,0.18503193206342097,2025-01-12
12,2025-01-01,0.604880687854512,2025-01-13
12,2025-01-02,0.3075164333264633,2025-01-14
12,2025-01-03,-1.0115547292150675,2025-01-15
12,2025-01-04,-1.2016824813760045,2025-01-16
12,2025-01-05,-1.1007663687190983,2025-01-17
12,2025-01-06,-1.2697633214745254,2025-01-18
12,2025-01-07,-2.8276322886293155,2025-01-19
12,2025-01-08,-3.4386043503129318,2025-01-20
12,2025-01-09,-0.9591300876899085,2025-01-21
12,2025-01-10,-4.125877803775112,2025-01-22
12,2025-01-11,-0.38518963928919375,2025-01-23
12,2025-01-12,-0.7619728614512472,2025-01-24
12,2025-01-13,-1.3787947063749502,2025-01-25
12,2025-01-14,-1.4546543087437918,2025-01-26
12,2025-01-15,-2.2321881052636985,2025-01-27
12,2025-01-16,1.438553411121838,2025-01-28
12,2025-01-17,-0.4158411010788233,2025-01-29
12,2025-01-18,-0.5764455689715737,2025-01-30
12,2025-01-19,-2.164831337191565,2025-01-31
12,2025-01-20,-0.08711378679526513,2025-02-01
12,2025-01-21,0.04778893856216066,2025-02-02
12,2025-01-22,0.7922434109525225,2025-02-03
12,2025-01-23,1.1450166363800047,2025-02-04
12,2025-01-24,0.39345440012140204,2025-02-05
12,2025-01-25,-0.3706026273881128,2025-02-06
12,2025-01-26,-0.2999266916748973,2025-02-07
12,2025-01-27,0.995051069824481,2025-02-08
12,2025-01-28,0.5521944540124846,2025-02-09
12,2025-01-29,0.7848838770836244,2025-02-10
12,2025-01-30,-1.433268907974478,2025-02-11
12,2025-01-31,-1.3696899984989113,2025-02-12
12,2025-02-01,-1.7094285894562782,2025-02-13
12,2025-02-02,-0.6472237671011035,2025-02-14
12,2025-02-03,-1.5923345865068104,2025-02-15
12,2025-02-04,-0.1692109661280823,2025-02-16
12,2025-02-05,0.17018161328492842,2025-02-17
12,2025-02-06,1.1878089611068121,2025-02-18
12,2025-02-07,-2.0800588591295983,2025-02-19
12,2025-02-08,-1.1374994067042627,2025-02-20
12,2025-02-09,0.9981770234271442,2025-02-21
12,2025-02-10,-1.2189503908066555,2025-02-22
12,2025-02-11,-0.40987139399912775,2025-02-23
12,2025-02-12,-0.8009061612064099,2025-02-24
12,2025-02-13,0.15443618363409983,2025-02-25
12,2025-02-14,-0.5772898573713627,2025-02-26
12,2025-02-15,-0.36320475286244364,2025-02-27
12,2025-02-16,0.671466856405393,2025-02-28
12,2025-02-17,-0.1850259179901892,2025-03-01
12,2025-02-18,0.7292630344942063,2025-03-02
12,2025-02-19,-1.0308464697315838,2025-03-03
12,2025-02-20,0.06487294940009428,2025-03-04
12,2025-02-21,1.444997583934289,2025-03-05
12,2025-02-22,0.23390759357448962,2025-03-06
12,2025-02-23,0.5780344818576674,2025-03-07
12,2025-02-24,1.1117768095526666,2025-03-08
12,2025-02-25,1.0029333921450159,2025-03-09
12,2025-02-26,-0.35483456776259426,2025-03-10
12,2025-02-27,0.46902625379693497,2025-03-11
12,2025-02-28,-1.0227661461507036,2025-03-12
12,2025-03-01,0.40020909695679274,2025-03-13
12,2025-03-02,-1.1026021302877491,2025-03-14
12,2025-03-03,1.5186408170662087,2025-03-15
12,2025-03-04,-0.5795989703705453,2025-03-16
12,2025-03-05,0.12940868867141223,2025-03-17
12,2025-03-06,0.9700785138448159,2025-03-18
12,2025-03-07,1.4010486371416648,2025-03-19
13,2024-11-08,1.200102378464787,2024-11-21
13,2024-11-09,1.853908291156916,2024-11-22
13,2024-11-10,1.739894865506261,2024-11-23
13,2024-11-11,0.8561828397274217,2024-11-24
13,2024-11-12,-0.32002628451817194,2024-11-25
13,2024-11-13,1.2925966321144657,2024-11-26
13,2024-11-14,2.564653875724729,2024-11-27
13,2024-11-15,1.3856250428466486,2024-11-28
13,2024-11-16,1.4530256013857819,2024-11-29
13,2024-11-17,0.03732308012833243,2024-11-30
13,2024-11-18,-0.08790465847839525,2024-12-01
13,2024-11-19,-0.19370985037193075,2024-12-02
13,2024-11-20,0.6972898360267279,2024-12-03
13,2024-11-21,-0.8164441909587465,2024-12-04
13,2024-11-22,-2.0009152431563826,2024-12-05
13,2024-11-23,1.2390503828041315,2024-12-06
13,2024-11-24,-0.3048984547748437,2024-12-07
13,2024-11-25,-0.000661759261033612,2024-12-08
13,2024-11-26,-0.5931827705270526,2024-12-09
13,2024-11-27,0.6282828670491974,2024-12-10
13,2024-11-28,-1.3793904199229081,2024-12-11
13,2024-11-29,-0.7191571207024349,2024-12-12
13,2024-11-30,0.42269755626843364,2024-12-13
13,2024-12-01,-0.5732613805750639,2024-12-14
13,2024-12-02,-0.2604375274006069,2024-12-15
13,2024-12-03,-1.016958436859751,2024-12-16
13,2024-12-04,-1.2557920775140834,2024-12-17
13,2024-12-05,-0.09059929290498948,2024-12-18
13,2024-12-06,-0.7190120870678364,2024-12-19
13,2024-12-07,-1.5895570652062747,2024-12-20
13,2024-12-08,0.36256020444755105,2024-12-21
13,2024-12-09,0.6138420708349717,2024-12-22
13,2024-12-10,-0.2788186946708654,2024-12-23
13,2024-12-11,0.3875642025425501,2024-12-24
13,2024-12-12,2.2359429531344266,2024-12-25
13,2024-12-13,0.7651723006421324,2024-12-26
13,2024-12-14,1.2295097428145143,2024-12-27
13,2024-12-15,0.061189982584390276,2024-12-28
13,2024-12-16,0.7870106033378677,2024-12-29
13,2024-12-17,-0.6808386027534525,2024-12-30
13,2024-12-18,0.04553862687624669,2024-12-31
13,2024-12-19,0.24858608881355412,2025-01-01
13,2024-12-20,-0.9670970009023275,2025-01-02
13,2024-12-21,-1.482981524287672,2025-01-03
13,2024-12-22,0.8074401463928894,2025-01-04
13,2024-12-23,1.3139076503260219,2025-01-05
13,2024-12-24,-0.53409621361378,2025-01-06
13,2024-12-25,-0.17583103211618617,2025-01-07
13,2024-12-26,-0.4121846030957951,2025-01-08
13,2024-12-27,-0.8206499501018745,2025-01-09
13,2024-12-28,0.9204311354829393,2025-01-10
13,2024-12-29,-0.6968119405917632,2025-01-11
13,2024-12-30,1.1692737344021396,2025-01-12
13,2024-12-31,-0.4332236189155749,2025-01-13
13,2025-01-01,0.8841475994221719,2025-01-14
13,2025-01-02,0.3865369276875677,2025-01-15
13,2025-01-03,-1.3811769143943327,2025-01-16
13,2025-01-04,-1.1647000673333892,2025-01-17
13,2025-01-05,-1.6254764585187944,2025-01-18
13,2025-01-06,-1.7442142981086866,2025-01-19
13,2025-01-07,-3.3364281164340164,2025-01-20
13,2025-01-08,-3.6854210445047215,2025-01-21
13,2025-01-09,-1.1361237301658742,2025-01-22
13,2025-01-10,-4.026833801180806,2025-01-23
13,2025-01-11,-0.337589108870482,2025-01-24
13,2025-01-12,-0.7409449115072086,2025-01-25
13,2025-01-13,-1.36468121001508,2025-01-26
13,2025-01-14,-1.7762203628470583,2025-01-27
13,2025-01-15,-2.5560478957603885,2025-01-28
13,2025-01-16,1.1532453484675014,2025-01-29
13,2025-01-17,-0.4383972433472471,2025-01-30
13,2025-01-18,-0.3426518704230205,2025-01-31
13,2025-01-19,-1.9097971869333534,2025-02-01
13,2025-01-20,0.21695583414399647,2025-02-02
13,2025-01-21,0.04598730775520711,2025-02-03
13,2025-01-22,0.9295256317899662,2025-02-04
13,2025-01-23,0.95611678022473,2025-02-05
13,2025-01-24,-0.16414411435461115,2025-02-06
13,2025-01-25,0.2693390659533691,2025-02-07
13,2025-01-26,-0.4198590976002645,2025-02-08
13,2025-01-27,0.607586654210393,2025-02-09
13,2025-01-28,0.37102543092564516,2025-02-10
13,2025-01-29,0.22590794304921877,2025-02-11
13,2025-01-30,-1.7193589862013237,2025-02-12
13,2025-01-31,-1.620729905818905,2025-02-13
13,2025-02-01,-2.1622426463417996,2025-02-14
13,2025-02-02,-0.4635980541068866,2025-02-15
13,2025-02-03,-1.1476283190836705,2025-02-16
13,2025-02-04,-0.5244041636921106,2025-02-17
13,2025-02-05,0.40011689015977014,2025-02-18
13,2025-02-06,1.5282877876764887,2025-02-19
13,2025-02-07,-2.305472866510324,2025-02-20
13,2025-02-08,-1.443118964798594,2025-02-21
13,2025-02-09,0.8028362000890922,2025-02-22
13,2025-02-10,-1.1261847185842997,2025-02-23
13,2025-02-11,-0.19568096797225634,2025-02-24
13,2025-02-12,-0.48616861193731464,2025-02-25
13,2025-02-13,0.30707449116617913,2025-02-26
13,2025-02-14,-1.2682066565637893,2025-02-27
13,2025-02-15,0.20586436840460487,2025-02-28
13,2025-02-16,0.7634434709624516,2025-03-01
13,2025-02-17,-0.485390968555611,2025-03-02
13,2025-02-18,0.907351844662606,2025-03-03
13,2025-02-19,-1.2800427735985724,2025-03-04
13,2025-02-20,-0.2440268145108535,2025-03-05
13,2025-02-21,1.6790829627815385,2025-03-06
13,2025-02-22,-0.3011273914864641,2025-03-07
13,2025-02-23,0.8812986129532728,2025-03-08
13,2025-02-24,0.93806997944369,2025-03-09
13,2025-02-25,1.330222801411253,2025-03-10
13,2025-02-26,0.5222140865255148,2025-03-11
13,2025-02-27,0.5163303802909294,2025-03-12
13,2025-02-28,-1.544453109549871,2025-03-13
13,2025-03-01,0.3379112290815971,2025-03-14
13,2025-03-02,-0.9004733405563492,2025-03-15
13,2025-03-03,1.1360393745324566,2025-03-16
13,2025-03-04,-0.455870320560716,2025-03-17
13,2025-03-05,0.7615956523816858,2025-03-18
13,2025-03-06,1.3493370828582174,2025-03-19
13,2025-03-07,0.6016533574624715,2025-03-20
14,2024-11-08,1.0498533231533658,2024-11-22
14,2024-11-09,2.309473827940462,2024-11-23
14,2024-11-10,1.3920894344762687,2024-11-24
14,2024-11-11,0.5367707666565674,2024-11-25
14,2024-11-12,-0.2365587172846127,2024-11-26
14,2024-11-13,1.3214606242820746,2024-11-27
14,2024-11-14,2.0451147685240025,2024-11-28
14,2024-11-15,0.7492511150422424,2024-11-29
14,2024-11-16,0.4451491523544739,2024-11-30
14,2024-11-17,-0.4123942974693234,2024-12-01
14,2024-11-18,0.0961665079714002,2024-12-02
14,2024-11-19,-0.1541391668406019,2024-12-03
14,2024-11-20,0.2589885617099689,2024-12-04
14,2024-11-21,-0.13670832774135552,2024-12-05
14,2024-11-22,-1.7074242575004615,2024-12-06
14,2024-11-23,1.0672506674770492,2024-12-07
14,2024-11-24,-0.3943760196354372,2024-12-08
14,2024-11-25,0.6630192827389566,2024-12-09
14,2024-11-26,-0.18291778166319472,2024-12-10
14,2024-11-27,0.35563234449005077,2024-12-11
14,2024-11-28,-1.5742929236893979,2024-12-12
14,2024-11-29,-0.6860465810800491,2024-12-13
14,2024-11-30,0.2506910626930131,2024-12-14
14,2024-12-01,-0.4238240303667086,2024-12-15
14,2024-12-02,-0.09562915483763895,2024-12-16
14,2024-12-03,-0.9605628721662335,2024-12-17
14,2024-12-04,-1.4600217688021502,2024-12-18
14,2024-12-05,0.06324793208236947,2024-12-19
14,2024-12-06,-1.048506433254444,2024-12-20
14,2024-12-07,-1.495891996134101,2024-12-21
14,2024-12-08,1.2318543735475993,2024-12-22
14,2024-12-09,1.092376153880144,2024-12-23
14,2024-12-10,-0.5738474292876313,2024-12-24
14,2024-12-11,0.2885345192754356,2024-12-25
14,2024-12-12,1.8235282150189214,2024-12-26
14,2024-12-13,0.621010316186722,2024-12-27
14,2024-12-14,1.3441532473000808,2024-12-28
14,2024-12-15,0.36713660440927476,2024-12-29
14,2024-12-16,0.4529461805282031,2024-12-30
14,2024-12-17,-1.174612830849481,2024-12-31
14,2024-12-18,0.07453877143036208,2025-01-01
14,2024-12-19,0.7647311154012961,2025-01-02
14,2024-12-20,-0.32647463180759406,2025-01-03
14,2024-12-21,-1.7678618945803442,2025-01-04
14,2024-12-22,0.38012965698469775,2025-01-05
14,2024-12-23,1.2576937475525845,2025-01-06
14,2024-12-24,-0.1699122963281259,2025-01-07
14,2024-12-25,0.010695327874817515,2025-01-08
14,2024-12-26,-0.4581865538294783,2025-01-09
14,2024-12-27,-1.0943998197313876,2025-01-10
14,2024-12-28,1.5792533262481174,2025-01-11
14,2024-12-29,-0.6692819531826318,2025-01-12
14,2024-12-30,1.1900183669900077,2025-01-13
14,2024-12-31,-0.621617495421679,2025-01-14
14,2025-01-01,0.6290396366999174,2025-01-15
14,2025-01-02,0.48969982974005155,2025-01-16
14,2025-01-03,-1.7141152114638456,2025-01-17
14,2025-01-04,-1.5388056756960984,2025-01-18
14,2025-01-05,-2.101782586604005,2025-01-19
14,2025-01-06,-2.052300674830395,2025-01-20
14,2025-01-07,-3.738114187778733,2025-01-21
14,2025-01-08,-3.632125740507264,2025-01-22
14,2025-01-09,-1.0216269637741715,2025-01-23
14,2025-01-10,-3.652258747187851,2025-01-24
14,2025-01-11,-0.5047481626125561,2025-01-25
14,2025-01-12,-0.6270862981514927,2025-01-26
14,2025-01-13,-1.624074478207499,2025-01-27
14,2025-01-14,-2.020909080322217,2025-01-28
14,2025-01-15,-2.4843757414943006,2025-01-29
14,2025-01-16,0.6506434255593264,2025-01-30
14,2025-01-17,-0.807903911666604,2025-01-31
14,2025-01-18,-0.132986085976696,2025-02-01
14,2025-01-19,-1.110728881041725,2025-02-02
14,2025-01-20,0.24318714798346494,2025-02-03
14,2025-01-21,0.5747696576624828,2025-02-04
14,2025-01-22,1.3250453034410536,2025-02-05
14,2025-01-23,0.24125069641942762,2025-02-06
14,2025-01-24,-0.6595301572118772,2025-02-07
14,2025-01-25,0.8997906454178195,2025-02-08
14,2025-01-26,-0.7553064308216211,2025-02-09
14,2025-01-27,0.5988639930889499,2025-02-10
14,2025-01-28,0.4049291050128059,2025-02-11
14,2025-01-29,0.4630608628089734,2025-02-12
14,2025-01-30,-1.534748271808783,2025-02-13
14,2025-01-31,-0.9259764540164095,2025-02-14
14,2025-02-01,-2.237333631797248,2025-02-15
14,2025-02-02,-0.20432483814210972,2025-02-16
14,2025-02-03,-1.4335501312726138,2025-02-17
14,2025-02-04,-0.19797403209731185,2025-02-18
14,2025-02-05,0.8109586919133497,2025-02-19
14,2025-02-06,1.7446260828752198,2025-02-20
14,2025-02-07,-2.446020893732734,2025-02-21
14,2025-02-08,-1.2226417580883153,2025-02-22
14,2025-02-09,0.10008233442454766,2025-02-23
14,2025-02-10,-1.1557243169695521,2025-02-24
14,2025-02-11,-0.33256019821364524,2025-02-25
14,2025-02-12,-0.4022927241703051,2025-02-26
14,2025-02-13,-0.08657556504524594,2025-02-27
14,2025-02-14,-1.430414941103609,2025-02-28
14,2025-02-15,0.611900026437824,2025-03-01
14,2025-02-16,0.8282022824282826,2025-03-02
14,2025-02-17,-0.042681811346810664,2025-03-03
14,2025-02-18,1.0354734578147802,2025-03-04
14,2025-02-19,-1.0911804057485774,2025-03-05
14,2025-02-20,-0.16173617681068686,2025-03-06
14,2025-02-21,1.2553798549089867,2025-03-07
14,2025-02-22,0.3229067299377136,2025-03-08
14,2025-02-23,0.5151888428098176,2025-03-09
14,2025-02-24,1.0028565878154434,2025-03-10
14,2025-02-25,1.5726960534253944,2025-03-11
14,2025-02-26,1.3806034607233422,2025-03-12
14,2025-02-27,0.6488390252905336,2025-03-13
14,2025-02-28,-2.0637514765427274,2025-03-14
14,2025-03-01,0.12282401371160778,2025-03-15
14,2025-03-02,-0.65534904248771,2025-03-16
14,2025-03-03,1.2182085665072677,2025-03-17
14,2025-03-04,0.005676173013634671,2025-03-18
14,2025-03-05,1.1365181893538128,2025-03-19
14,2025-03-06,1.3619693032696596,2025-03-20
14,2025-03-07,-0.06669374202969973,2025-03-21
15,2024-11-08,1.2813549242830378,2024-11-23
15,2024-11-09,1.9494431171267506,2024-11-24
15,2024-11-10,1.3557923525379192,2024-11-25
15,2024-11-11,0.7367937437972404,2024-11-26
15,2024-11-12,-0.19923650485444008,2024-11-27
15,2024-11-13,1.2009052237109248,2024-11-28
15,2024-11-14,1.7299002088431528,2024-11-29
15,2024-11-15,0.4023096126139302,2024-11-30
15,2024-11-16,-0.5179550778506169,2024-12-01
15,2024-11-17,-0.29640766914843736,2024-12-02
15,2024-11-18,0.2189799342948181,2024-12-03
15,2024-11-19,0.051526134885092445,2024-12-04
15,2024-11-20,-0.5678878061457895,2024-12-05
15,2024-11-21,0.3131234744626179,2024-12-06
15,2024-11-22,-1.4716289144516246,2024-12-07
15,2024-11-23,0.9148402860898323,2024-12-08
15,2024-11-24,-0.4644044479634641,2024-12-09
15,2024-11-25,0.7238388799163857,2024-12-10
15,2024-11-26,0.23034009328909996,2024-12-11
15,2024-11-27,0.3943088433899369,2024-12-12
15,2024-11-28,-1.7203626970848427,2024-12-13
15,2024-11-29,-0.46898273054077055,2024-12-14
15,2024-11-30,-0.12770638326600378,2024-12-15
15,2024-12-01,-0.4400469003458251,2024-12-16
15,2024-12-02,0.0185857165780094,2024-12-17
15,2024-12-03,-0.9848081752786769,2024-12-18
15,2024-12-04,-1.4184463765781898,2024-12-19
15,2024-12-05,-0.20571110701308848,2024-12-20
15,2024-12-06,-0.5545560421006642,2024-12-21
15,2024-12-07,-1.4168542664244634,2024-12-22
15,2024-12-08,2.00341518651714,2024-12-23
15,2024-12-09,1.2042608872413052,2024-12-24
15,2024-12-10,-0.6243975097978147,2024-12-25
15,2024-12-11,0.27913432664688864,2024-12-26
15,2024-12-12,1.2244814978267564,2024-12-27
15,2024-12-13,-0.08906702302062562,2024-12-28
15,2024-12-14,1.462935263737089,2024-12-29
15,2024-12-15,0.29658305545092456,2024-12-30
15,2024-12-16,0.5605346423548353,2024-12-31
15,2024-12-17,-1.5193869666085644,2025-01-01
15,2024-12-18,0.05796936463130727,2025-01-02
15,2024-12-19,0.8671470861336327,2025-01-03
15,2024-12-20,0.2859418348161259,2025-01-04
15,2024-12-21,-1.6789424957284733,2025-01-05
15,2024-12-22,-0.08861855759303079,2025-01-06
15,2024-12-23,1.4129820572034388,2025-01-07
15,2024-12-24,0.525546952897243,2025-01-08
15,2024-12-25,0.39802359914116114,2025-01-09
15,2024-12-26,-0.5341284684637525,2025-01-10
15,2024-12-27,-1.284113141681262,2025-01-11
15,2024-12-28,1.231130121900526,2025-01-12
15,2024-12-29,-0.6765137277347834,2025-01-13
15,2024-12-30,0.7932591582179038,2025-01-14
15,2024-12-31,-0.24983546415333724,2025-01-15
15,2025-01-01,-0.08592386193598667,2025-01-16
15,2025-01-02,0.5578114168157666,2025-01-17
15,2025-01-03,-2.3979067291014178,2025-01-18
15,2025-01-04,-2.3185543954168475,2025-01-19
15,2025-01-05,-1.9989204488985217,2025-01-20
15,2025-01-06,-2.345215489471959,2025-01-21
15,2025-01-07,-3.6628857945494624,2025-01-22
15,2025-01-08,-3.5002478492655897,2025-01-23
15,2025-01-09,-0.9033241339765452,2025-01-24
15,2025-01-10,-3.3410977749026993,2025-01-25
15,2025-01-11,-0.3831328494068164,2025-01-26
15,2025-01-12,-0.9175423758872974,2025-01-27
15,2025-01-13,-1.970852280458444,2025-01-28
15,2025-01-14,-2.0246786873123903,2025-01-29
15,2025-01-15,-2.177974926537714,2025-01-30
15,2025-01-16,0.6125371645956778,2025-01-31
15,2025-01-17,-1.3551077499437638,2025-02-01
15,2025-01-18,0.08820516185341278,2025-02-02
15,2025-01-19,-0.5805614841571669,2025-02-03
15,2025-01-20,0.08605620752249658,2025-02-04
15,2025-01-21,0.9389653267906468,2025-02-05
15,2025-01-22,1.484966220754586,2025-02-06
15,2025-01-23,0.10192913476402049,2025-02-07
15,2025-01-24,-0.35271238249996834,2025-02-08
15,2025-01-25,0.8653196301415149,2025-02-09
15,2025-01-26,-0.977219762785251,2025-02-10
15,2025-01-27,0.4626772390731397,2025-02-11
15,2025-01-28,0.3545945370766446,2025-02-12
15,2025-01-29,0.4867097170297564,2025-02-13
15,2025-01-30,-0.6852619313641366,2025-02-14
15,2025-01-31,-0.9676341314098421,2025-02-15
15,2025-02-01,-2.5127092739600125,2025-02-16
15,2025-02-02,-0.021111310885882546,2025-02-17
15,2025-02-03,-1.4453961625950014,2025-02-18
15,2025-02-04,0.25153421742831167,2025-02-19
15,2025-02-05,0.9173026424011201,2025-02-20
15,2025-02-06,1.6806580743995045,2025-02-21
15,2025-02-07,-2.763058618669924,2025-02-22
15,2025-02-08,-0.8262695402566722,2025-02-23
15,2025-02-09,-0.7265940644361546,2025-02-24
15,2025-02-10,-1.203058095713777,2025-02-25
15,2025-02-11,-0.2852460192599312,2025-02-26
15,2025-02-12,-0.3289840799224052,2025-02-27
15,2025-02-13,-0.371356527193618,2025-02-28
15,2025-02-14,-1.1663283112096152,2025-03-01
15,2025-02-15,0.669310599092506,2025-03-02
15,2025-02-16,1.1559560283912256,2025-03-03
15,2025-02-17,0.8232546756408076,2025-03-04
15,2025-02-18,0.4460178127778209,2025-03-05
15,2025-02-19,-0.5885253422973914,2025-03-06
15,2025-02-20,-0.6181631520683843,2025-03-07
15,2025-02-21,0.6312504567202554,2025-03-08
15,2025-02-22,0.7249227706246881,2025-03-09
15,2025-02-23,-0.2770760682087539,2025-03-10
15,2025-02-24,1.4173454183369623,2025-03-11
15,2025-02-25,1.7708243738639229,2025-03-12
15,2025-02-26,1.2096422909329583,2025-03-13
15,2025-02-27,1.0169121861846782,2025-03-14
15,2025-02-28,-2.1639882967903974,2025-03-15
15,2025-03-01,0.14939202165472096,2025-03-16
15,2025-03-02,-0.9643721231722793,2025-03-17
15,2025-03-03,1.3424476018243388,2025-03-18
15,2025-03-04,0.646131633429435,2025-03-19
15,2025-03-05,0.8710644305554217,2025-03-20
15,2025-03-06,0.5467297067934173,2025-03-21
15,2025-03-07,-0.08531195876848759,2025-03-22
