lead,time,ao_index,valid_time
0,2024-11-08,0.9862268513913633,2024-11-08
0,2024-11-09,0.6905658947367374,2024-11-09
0,2024-11-10,0.3548625787232158,2024-11-10
0,2024-11-11,-0.10359650535603812,2024-11-11
0,2024-11-12,0.27823799464202065,2024-11-12
0,2024-11-13,0.4761808719764922,2024-11-13
0,2024-11-14,0.5573899776616168,2024-11-14
0,2024-11-15,0.13868975973075268,2024-11-15
0,2024-11-16,-0.1312213479989353,2024-11-16
0,2024-11-17,0.2409986964074274,2024-11-17
0,2024-11-18,0.011678164523982425,2024-11-18
0,2024-11-19,-1.178149921782959,2024-11-19
0,2024-11-20,-1.7063385465005092,2024-11-20
0,2024-11-21,-1.0971746549781929,2024-11-21
0,2024-11-22,-0.9764052357578715,2024-11-22
0,2024-11-23,-0.6582218118482795,2024-11-23
0,2024-11-24,0.12957717960117748,2024-11-24
0,2024-11-25,1.1202641603504018,2024-11-25
0,2024-11-26,1.5549857232256659,2024-11-26
0,2024-11-27,0.18658244996554316,2024-11-27
0,2024-11-28,-1.1954561513651085,2024-11-28
0,2024-11-29,-1.5443463264849673,2024-11-29
0,2024-11-30,-1.623680539950316,2024-11-30
0,2024-12-01,-1.478414925454308,2024-12-01
0,2024-12-02,-0.6674077270676128,2024-12-02
0,2024-12-03,0.03314144993606652,2024-12-03
0,2024-12-04,-0.10029771436972516,2024-12-04
0,2024-12-05,0.1428846871648419,2024-12-05
0,2024-12-06,-0.16735281010742245,2024-12-06
0,2024-12-07,-0.7610888477691942,2024-12-07
0,2024-12-08,-1.2856408566878494,2024-12-08
0,2024-12-09,-1.8455920577800256,2024-12-09
0,2024-12-10,-2.259725455924735,2024-12-10
0,2024-12-11,-2.0693914579327046,2024-12-11
0,2024-12-12,-1.5883392659109077,2024-12-12
0,2024-12-13,-1.0501464488993304,2024-12-13
0,2024-12-14,0.8166400902952917,2024-12-14
0,2024-12-15,1.573382240848328,2024-12-15
0,2024-12-16,1.003207148101511,2024-12-16
0,2024-12-17,0.1085984260847969,2024-12-17
0,2024-12-18,-0.018608018013361795,2024-12-18
0,2024-12-19,0.685458084696329,2024-12-19
0,2024-12-20,0.6712390273204101,2024-12-20
0,2024-12-21,0.3249141259878158,2024-12-21
0,2024-12-22,-0.45124789229983975,2024-12-22
0,2024-12-23,-0.5900733554451232,2024-12-23
0,2024-12-24,-0.3553751259431064,2024-12-24
0,2024-12-25,0.2841299583107195,2024-12-25
0,2024-12-26,0.683895251246069,2024-12-26
0,2024-12-27,0.6449027176115425,2024-12-27
0,2024-12-28,0.37318495896761894,2024-12-28
0,2024-12-29,0.22569976166105257,2024-12-29
0,2024-12-30,-0.17240270857691886,2024-12-30
0,2024-12-31,-0.8548070509839499,2024-12-31
0,2025-01-01,-1.282270759312025,2025-01-01
0,2025-01-02,-1.4607686609691828,2025-01-02
0,2025-01-03,-2.0844711602044157,2025-01-03
0,2025-01-04,-3.074606262127331,2025-01-04
0,2025-01-05,-3.577310614431481,2025-01-05
0,2025-01-06,-3.7523637684594036,2025-01-06
0,2025-01-07,-3.4403006102160534,2025-01-07
0,2025-01-08,-2.331712869878655,2025-01-08
0,2025-01-09,-1.783717168909721,2025-01-09
0,2025-01-10,-1.6824154803074611,2025-01-10
0,2025-01-11,-1.5709118363838857,2025-01-11
0,2025-01-12,-1.3669447388819518,2025-01-12
0,2025-01-13,0.30316564577389676,2025-01-13
0,2025-01-14,1.4827916822994693,2025-01-14
0,2025-01-15,1.7417137052644531,2025-01-15
0,2025-01-16,1.324645376212872,2025-01-16
0,2025-01-17,0.5055648508204772,2025-01-17
0,2025-01-18,-0.20258310173921462,2025-01-18
0,2025-01-19,-0.5704172461118346,2025-01-19
0,2025-01-20,-0.5450183191410441,2025-01-20
0,2025-01-21,0.42267086845152985,2025-01-21
0,2025-01-22,2.0345019200670227,2025-01-22
0,2025-01-23,2.962945305525978,2025-01-23
0,2025-01-24,3.41071156518466,2025-01-24
0,2025-01-25,3.1861967089615804,2025-01-25
0,2025-01-26,3.0450795486156985,2025-01-26
0,2025-01-27,2.4671813757144103,2025-01-27
0,2025-01-28,1.8465960556475005,2025-01-28
0,2025-01-29,0.549105814357591,2025-01-29
0,2025-01-30,0.4248547019425459,2025-01-30
0,2025-01-31,0.44800409992725826,2025-01-31
0,2025-02-01,0.9648487358872334,2025-02-01
0,2025-02-02,0.913235700132188,2025-02-02
0,2025-02-03,1.329261909593954,2025-02-03
0,2025-02-04,1.7005926405747085,2025-02-04
0,2025-02-05,1.4391300146642134,2025-02-05
0,2025-02-06,1.2585917160025144,2025-02-06
0,2025-02-07,0.3493994987682193,2025-02-07
0,2025-02-08,-1.1254651345241666,2025-02-08
0,2025-02-09,-1.597930649219746,2025-02-09
0,2025-02-10,-1.909578280410926,2025-02-10
0,2025-02-11,-2.781985497104614,2025-02-11
0,2025-02-12,-3.0091383096917794,2025-02-12
0,2025-02-13,-3.663148456086119,2025-02-13
0,2025-02-14,-4.76008564720506,2025-02-14
0,2025-02-15,-5.256983041404907,2025-02-15
0,2025-02-16,-4.895963510419924,2025-02-16
0,2025-02-17,-4.436505268194436,2025-02-17
0,2025-02-18,-3.9171341979477163,2025-02-18
0,2025-02-19,-2.306216159327707,2025-02-19
0,2025-02-20,-0.41400815543493064,2025-02-20
0,2025-02-21,0.7999789351318364,2025-02-21
0,2025-02-22,1.5017329586251713,2025-02-22
0,2025-02-23,2.194312092213259,2025-02-23
0,2025-02-24,2.9363857905388975,2025-02-24
0,2025-02-25,2.292234166502612,2025-02-25
0,2025-02-26,1.0275757441865399,2025-02-26
0,2025-02-27,-0.5028792649277453,2025-02-27
0,2025-02-28,0.31515238084967634,2025-02-28
0,2025-03-01,0.09623699364576782,2025-03-01
0,2025-03-02,1.3108082579961646,2025-03-02
0,2025-03-03,1.3417063164153857,2025-03-03
0,2025-03-04,1.7237348878301086,2025-03-04
0,2025-03-05,2.021552821396231,2025-03-05
0,2025-03-06,1.6999464831433493,2025-03-06
0,2025-03-07,0.4867758945498662,2025-03-07
1,2024-11-08,0.6608287516569099,2024-11-09
1,2024-11-09,0.3691875004387818,2024-11-10
1,2024-11-10,-0.12757339033082327,2024-11-11
1,2024-11-11,0.26767449859959447,2024-11-12
1,2024-11-12,0.39334598595924847,2024-11-13
1,2024-11-13,0.5263738255670554,2024-11-14
1,2024-11-14,0.083597404626612,2024-11-15
1,2024-11-15,-0.15464875193062913,2024-11-16
1,2024-11-16,0.1818015528698633,2024-11-17
1,2024-11-17,-0.0912177624479239,2024-11-18
1,2024-11-18,-1.2479262867321976,2024-11-19
1,2024-11-19,-1.7831900763870414,2024-11-20
1,2024-11-20,-1.1909163558615392,2024-11-21
1,2024-11-21,-1.064580605506862,2024-11-22
1,2024-11-22,-0.7330671967520339,2024-11-23
1,2024-11-23,0.027991195138215408,2024-11-24
1,2024-11-24,1.0323729283366363,2024-11-25
1,2024-11-25,1.487593337700598,2024-11-26
1,2024-11-26,0.07236032920091168,2024-11-27
1,2024-11-27,-1.2483198177893327,2024-11-28
1,2024-11-28,-1.6272174991723927,2024-11-29
1,2024-11-29,-1.7095249018391596,2024-11-30
1,2024-11-30,-1.5089791576418887,2024-12-01
1,2024-12-01,-0.6404363319866573,2024-12-02
1,2024-12-02,0.00024755086416598885,2024-12-03
1,2024-12-03,-0.14340300656802102,2024-12-04
1,2024-12-04,0.17449577232175564,2024-12-05
1,2024-12-05,-0.16487311760731008,2024-12-06
1,2024-12-06,-0.7651266887601145,2024-12-07
1,2024-12-07,-1.287867175092201,2024-12-08
1,2024-12-08,-1.871593155010984,2024-12-09
1,2024-12-09,-2.3551113865061346,2024-12-10
1,2024-12-10,-2.134036628633053,2024-12-11
1,2024-12-11,-1.5859421098055964,2024-12-12
1,2024-12-12,-1.0254175531779015,2024-12-13
1,2024-12-13,0.8316295232054561,2024-12-14
1,2024-12-14,1.536952128514415,2024-12-15
1,2024-12-15,0.9970993925884165,2024-12-16
1,2024-12-16,0.0765455310133246,2024-12-17
1,2024-12-17,-0.09341800708553497,2024-12-18
1,2024-12-18,0.6872501832896346,2024-12-19
1,2024-12-19,0.6833122799478091,2024-12-20
1,2024-12-20,0.27312928079988547,2024-12-21
1,2024-12-21,-0.4797112994749001,2024-12-22
1,2024-12-22,-0.6125962506628115,2024-12-23
1,2024-12-23,-0.464015065014123,2024-12-24
1,2024-12-24,0.2363346351284505,2024-12-25
1,2024-12-25,0.6633548675536768,2024-12-26
1,2024-12-26,0.6784003512703732,2024-12-27
1,2024-12-27,0.3827090695900205,2024-12-28
1,2024-12-28,0.18012199430609455,2024-12-29
1,2024-12-29,-0.19250897862874766,2024-12-30
1,2024-12-30,-0.9051490589618766,2024-12-31
1,2024-12-31,-1.3277331712322646,2025-01-01
1,2025-01-01,-1.5167116561960823,2025-01-02
1,2025-01-02,-2.0600423345467047,2025-01-03
1,2025-01-03,-3.1045501926337318,2025-01-04
1,2025-01-04,-3.576525888606014,2025-01-05
1,2025-01-05,-3.7173313205193197,2025-01-06
1,2025-01-06,-3.473751918128486,2025-01-07
1,2025-01-07,-2.4022964901764063,2025-01-08
1,2025-01-08,-1.832648467208286,2025-01-09
1,2025-01-09,-1.7286901195562108,2025-01-10
1,2025-01-10,-1.6411651791562771,2025-01-11
1,2025-01-11,-1.4985647298826401,2025-01-12
1,2025-01-12,0.22417290428932787,2025-01-13
1,2025-01-13,1.461215080152349,2025-01-14
1,2025-01-14,1.727471640555525,2025-01-15
1,2025-01-15,1.2538796892085637,2025-01-16
1,2025-01-16,0.40775142206592757,2025-01-17
1,2025-01-17,-0.24666822787620368,2025-01-18
1,2025-01-18,-0.6144359064259111,2025-01-19
1,2025-01-19,-0.6033038354635306,2025-01-20
1,2025-01-20,0.39650004580857295,2025-01-21
1,2025-01-21,1.9319427336089983,2025-01-22
1,2025-01-22,2.8504615330203906,2025-01-23
1,2025-01-23,3.355069576818828,2025-01-24
1,2025-01-24,3.173827000069511,2025-01-25
1,2025-01-25,2.9672045192935177,2025-01-26
1,2025-01-26,2.417058086777547,2025-01-27
1,2025-01-27,1.7528349543321073,2025-01-28
1,2025-01-28,0.5668164552670528,2025-01-29
1,2025-01-29,0.36369331940309935,2025-01-30
1,2025-01-30,0.40743278160851004,2025-01-31
1,2025-01-31,0.9145884653527704,2025-02-01
1,2025-02-01,0.8924783140311259,2025-02-02
1,2025-02-02,1.3440183446909426,2025-02-03
1,2025-02-03,1.679860095339917,2025-02-04
1,2025-02-04,1.4109135923795146,2025-02-05
1,2025-02-05,1.1915823884010373,2025-02-06
1,2025-02-06,0.2209953435495307,2025-02-07
1,2025-02-07,-1.2399988240314475,2025-02-08
1,2025-02-08,-1.6451599001473522,2025-02-09
1,2025-02-09,-1.9547261779465717,2025-02-10
1,2025-02-10,-2.8067602342019473,2025-02-11
1,2025-02-11,-3.04261117125955,2025-02-12
1,2025-02-12,-3.62835798670138,2025-02-13
1,2025-02-13,-4.684941153387895,2025-02-14
1,2025-02-14,-5.192459501397296,2025-02-15
1,2025-02-15,-4.886440281707768,2025-02-16
1,2025-02-16,-4.4056603680284185,2025-02-17
1,2025-02-17,-3.934262502737585,2025-02-18
1,2025-02-18,-2.326487391048575,2025-02-19
1,2025-02-19,-0.4518327343690671,2025-02-20
1,2025-02-20,0.7272172911445043,2025-02-21
1,2025-02-21,1.433222997605673,2025-02-22
1,2025-02-22,2.181799758423582,2025-02-23
1,2025-02-23,2.885209536978275,2025-02-24
1,2025-02-24,2.2640778538552038,2025-02-25
1,2025-02-25,1.00505427843497,2025-02-26
1,2025-02-26,-0.5369344783741685,2025-02-27
1,2025-02-27,0.2083027572701226,2025-02-28
1,2025-02-28,0.09135179301468113,2025-03-01
1,2025-03-01,1.237693148974002,2025-03-02
1,2025-03-02,1.2810291486319692,2025-03-03
1,2025-03-03,1.6576136948969327,2025-03-04
1,2025-03-04,1.9305979531229172,2025-03-05
1,2025-03-05,1.6678464375233062,2025-03-06
1,2025-03-06,0.4329929399671402,2025-03-07
1,2025-03-07,-0.9824549930879464,2025-03-08
2,2024-11-08,0.34379490442867744,2024-11-10
2,2024-11-09,-0.11798362013201201,2024-11-11
2,2024-11-10,0.13100145102291683,2024-11-12
2,2024-11-11,0.3634769812698977,2024-11-13
2,2024-11-12,0.43896846414203755,2024-11-14
2,2024-11-13,0.08901223644172188,2024-11-15
2,2024-11-14,-0.2268125595176034,2024-11-16
2,2024-11-15,0.09598858483682732,2024-11-17
2,2024-11-16,-0.20225547842823322,2024-11-18
2,2024-11-17,-1.3613639256418089,2024-11-19
2,2024-11-18,-1.9005041410229118,2024-11-20
2,2024-11-19,-1.2230750130469767,2024-11-21
2,2024-11-20,-1.0749153251072006,2024-11-22
2,2024-11-21,-0.8182946709239868,2024-11-23
2,2024-11-22,-0.0604371461773577,2024-11-24
2,2024-11-23,0.8267196337776004,2024-11-25
2,2024-11-24,1.3214146273626488,2024-11-26
2,2024-11-25,0.0352650380218781,2024-11-27
2,2024-11-26,-1.2982362249660668,2024-11-28
2,2024-11-27,-1.592551953645526,2024-11-29
2,2024-11-28,-1.8252650976100022,2024-11-30
2,2024-11-29,-1.6269629666944736,2024-12-01
2,2024-11-30,-0.6240530090845431,2024-12-02
2,2024-12-01,-0.00841983764317232,2024-12-03
2,2024-12-02,-0.22040410531562243,2024-12-04
2,2024-12-03,0.16695200976185479,2024-12-05
2,2024-12-04,-0.11466313116878642,2024-12-06
2,2024-12-05,-0.8508383424365253,2024-12-07
2,2024-12-06,-1.3107120257256948,2024-12-08
2,2024-12-07,-1.766402563978878,2024-12-09
2,2024-12-08,-2.404404809774838,2024-12-10
2,2024-12-09,-2.2379745815810956,2024-12-11
2,2024-12-10,-1.5845019884433809,2024-12-12
2,2024-12-11,-1.1309599347795563,2024-12-13
2,2024-12-12,0.6692802501933279,2024-12-14
2,2024-12-13,1.5622461366350497,2024-12-15
2,2024-12-14,0.9003874912357201,2024-12-16
2,2024-12-15,0.07172357911359928,2024-12-17
2,2024-12-16,-0.1553682204127496,2024-12-18
2,2024-12-17,0.568548434020297,2024-12-19
2,2024-12-18,0.7153705945006468,2024-12-20
2,2024-12-19,0.3334078293267685,2024-12-21
2,2024-12-20,-0.5244986228370413,2024-12-22
2,2024-12-21,-0.7115757935450114,2024-12-23
2,2024-12-22,-0.5136327334495608,2024-12-24
2,2024-12-23,0.023464295763775768,2024-12-25
2,2024-12-24,0.46185911262647306,2024-12-26
2,2024-12-25,0.6040037268675389,2024-12-27
2,2024-12-26,0.3645292092681824,2024-12-28
2,2024-12-27,0.13195627208305366,2024-12-29
2,2024-12-28,-0.16666934662339492,2024-12-30
2,2024-12-29,-0.8649586418579355,2024-12-31
2,2024-12-30,-1.3554856107978717,2025-01-01
2,2024-12-31,-1.5913344565645837,2025-01-02
2,2025-01-01,-2.032801334000904,2025-01-03
2,2025-01-02,-3.0636961643234097,2025-01-04
2,2025-01-03,-3.645943870916563,2025-01-05
2,2025-01-04,-3.6910205246664995,2025-01-06
2,2025-01-05,-3.5071387459836423,2025-01-07
2,2025-01-06,-2.4872387776426197,2025-01-08
2,2025-01-07,-1.9718089543192237,2025-01-09
2,2025-01-08,-1.9231440417393564,2025-01-10
2,2025-01-09,-1.708072162322221,2025-01-11
2,2025-01-10,-1.5161620328099619,2025-01-12
2,2025-01-11,-0.02920186932849455,2025-01-13
2,2025-01-12,1.4450732906682933,2025-01-14
2,2025-01-13,1.7060509151941452,2025-01-15
2,2025-01-14,1.266630062449708,2025-01-16
2,2025-01-15,0.43727882898659204,2025-01-17
2,2025-01-16,-0.320140608099332,2025-01-18
2,2025-01-17,-0.5639234079582693,2025-01-19
2,2025-01-18,-0.7346695909778125,2025-01-20
2,2025-01-19,0.23699815187913478,2025-01-21
2,2025-01-20,1.7966342445675818,2025-01-22
2,2025-01-21,2.780226190738499,2025-01-23
2,2025-01-22,3.2063948236579742,2025-01-24
2,2025-01-23,3.114081560705057,2025-01-25
2,2025-01-24,2.9302892437938945,2025-01-26
2,2025-01-25,2.289082776808811,2025-01-27
2,2025-01-26,1.6938437904515158,2025-01-28
2,2025-01-27,0.44021072422313856,2025-01-29
2,2025-01-28,0.23242910653085172,2025-01-30
2,2025-01-29,0.2937734853641256,2025-01-31
2,2025-01-30,0.9379085975620388,2025-02-01
2,2025-01-31,0.8371309331432487,2025-02-02
2,2025-02-01,1.3618453694070944,2025-02-03
2,2025-02-02,1.633190968152381,2025-02-04
2,2025-02-03,1.3104929656828703,2025-02-05
2,2025-02-04,1.2227093513265086,2025-02-06
2,2025-02-05,0.2381944671649151,2025-02-07
2,2025-02-06,-1.3408675228897298,2025-02-08
2,2025-02-07,-1.7906917511752702,2025-02-09
2,2025-02-08,-2.0348494392161016,2025-02-10
2,2025-02-09,-2.8423116916719278,2025-02-11
2,2025-02-10,-3.0326315270695976,2025-02-12
2,2025-02-11,-3.669265332724612,2025-02-13
2,2025-02-12,-4.595988435605555,2025-02-14
2,2025-02-13,-5.16354951189356,2025-02-15
2,2025-02-14,-4.847819810016803,2025-02-16
2,2025-02-15,-4.427357674385474,2025-02-17
2,2025-02-16,-3.934496016517158,2025-02-18
2,2025-02-17,-2.318781733317978,2025-02-19
2,2025-02-18,-0.4581307643136892,2025-02-20
2,2025-02-19,0.6546868777565152,2025-02-21
2,2025-02-20,1.2966372179236836,2025-02-22
2,2025-02-21,2.1024159630043253,2025-02-23
2,2025-02-22,2.8109500960292024,2025-02-24
2,2025-02-23,2.2230386074032245,2025-02-25
2,2025-02-24,0.9527529610756466,2025-02-26
2,2025-02-25,-0.5818524710700367,2025-02-27
2,2025-02-26,0.010008361003765358,2025-02-28
2,2025-02-27,-0.03263331861114934,2025-03-01
2,2025-02-28,1.149995149243476,2025-03-02
2,2025-03-01,1.194065794335623,2025-03-03
2,2025-03-02,1.5698185383308274,2025-03-04
2,2025-03-03,1.8045675593740695,2025-03-05
2,2025-03-04,1.574542899127906,2025-03-06
2,2025-03-05,0.3888327261591894,2025-03-07
2,2025-03-06,-1.0263954693773805,2025-03-08
2,2025-03-07,-1.2673089071636159,2025-03-09
3,2024-11-08,-0.1441506645550031,2024-11-11
3,2024-11-09,0.07813866689943101,2024-11-12
3,2024-11-10,0.3107448420498437,2024-11-13
3,2024-11-11,0.4079319221348177,2024-11-14
3,2024-11-12,-0.02620198844823339,2024-11-15
3,2024-11-13,-0.3197319983095167,2024-11-16
3,2024-11-14,0.05141281736760385,2024-11-17
3,2024-11-15,-0.21772643077197448,2024-11-18
3,2024-11-16,-1.5238052550480612,2024-11-19
3,2024-11-17,-2.0229544831858712,2024-11-20
3,2024-11-18,-1.5192639528575087,2024-11-21
3,2024-11-19,-1.1654313635323603,2024-11-22
3,2024-11-20,-0.7179546591170431,2024-11-23
3,2024-11-21,-0.1529967930375558,2024-11-24
3,2024-11-22,0.6614932479726303,2024-11-25
3,2024-11-23,1.2809319934845589,2024-11-26
3,2024-11-24,-0.18211554503899505,2024-11-27
3,2024-11-25,-1.3814260354156003,2024-11-28
3,2024-11-26,-1.6249928912367448,2024-11-29
3,2024-11-27,-1.73218422416231,2024-11-30
3,2024-11-28,-1.8004103673696987,2024-12-01
3,2024-11-29,-0.7219466339349363,2024-12-02
3,2024-11-30,0.032410847205132876,2024-12-03
3,2024-12-01,-0.3638803803993196,2024-12-04
3,2024-12-02,-0.062270015094835936,2024-12-05
3,2024-12-03,-0.03103658419051216,2024-12-06
3,2024-12-04,-0.7110903042183584,2024-12-07
3,2024-12-05,-1.4700071430959103,2024-12-08
3,2024-12-06,-1.7627599399881049,2024-12-09
3,2024-12-07,-2.2572229491732023,2024-12-10
3,2024-12-08,-1.9813152280950006,2024-12-11
3,2024-12-09,-1.6180650785608386,2024-12-12
3,2024-12-10,-1.0563695345338215,2024-12-13
3,2024-12-11,0.4404770940894099,2024-12-14
3,2024-12-12,1.2619530776483818,2024-12-15
3,2024-12-13,1.0873931533692214,2024-12-16
3,2024-12-14,-0.2877107308820608,2024-12-17
3,2024-12-15,-0.1842788245846419,2024-12-18
3,2024-12-16,0.33584089892444496,2024-12-19
3,2024-12-17,0.6086981312945126,2024-12-20
3,2024-12-18,0.36043874221348804,2024-12-21
3,2024-12-19,-0.47979299740354536,2024-12-22
3,2024-12-20,-0.8919113163133058,2024-12-23
3,2024-12-21,-0.7376325458564044,2024-12-24
3,2024-12-22,-0.2536942685411192,2024-12-25
3,2024-12-23,0.40294506853060963,2024-12-26
3,2024-12-24,0.44163599586952396,2024-12-27
3,2024-12-25,0.40084373639352183,2024-12-28
3,2024-12-26,0.1034590086437346,2024-12-29
3,2024-12-27,-0.18335081160669134,2024-12-30
3,2024-12-28,-0.7242289204590674,2024-12-31
3,2024-12-29,-1.2367848918135205,2025-01-01
3,2024-12-30,-1.5372257135726206,2025-01-02
3,2024-12-31,-2.1207467366577832,2025-01-03
3,2025-01-01,-3.013855171764333,2025-01-04
3,2025-01-02,-3.531269827821565,2025-01-05
3,2025-01-03,-3.7985122800304802,2025-01-06
3,2025-01-04,-3.4885282456000453,2025-01-07
3,2025-01-05,-2.651153339514266,2025-01-08
3,2025-01-06,-1.9582298945820664,2025-01-09
3,2025-01-07,-1.995152470892739,2025-01-10
3,2025-01-08,-1.7098399886146207,2025-01-11
3,2025-01-09,-1.3958887219582194,2025-01-12
3,2025-01-10,0.1251859066988196,2025-01-13
3,2025-01-11,0.979494494820733,2025-01-14
3,2025-01-12,1.6025049747325963,2025-01-15
3,2025-01-13,1.3554751100102522,2025-01-16
3,2025-01-14,0.5289753143117741,2025-01-17
3,2025-01-15,-0.06120241936041563,2025-01-18
3,2025-01-16,-0.6013592814401164,2025-01-19
3,2025-01-17,-0.5910166778384498,2025-01-20
3,2025-01-18,0.06065051835475556,2025-01-21
3,2025-01-19,1.5642996853818694,2025-01-22
3,2025-01-20,2.7479250754953504,2025-01-23
3,2025-01-21,3.1155669322816295,2025-01-24
3,2025-01-22,3.0178565800566814,2025-01-25
3,2025-01-23,2.7718756515884597,2025-01-26
3,2025-01-24,2.3052819084636935,2025-01-27
3,2025-01-25,1.6129306859885613,2025-01-28
3,2025-01-26,0.5258685585126441,2025-01-29
3,2025-01-27,0.21122371384451913,2025-01-30
3,2025-01-28,0.1764166308787198,2025-01-31
3,2025-01-29,0.6770140845201118,2025-02-01
3,2025-01-30,0.6944052595981836,2025-02-02
3,2025-01-31,1.1656506275028942,2025-02-03
3,2025-02-01,1.6201975141224947,2025-02-04
3,2025-02-02,1.253790342889572,2025-02-05
3,2025-02-03,1.1457458167238912,2025-02-06
3,2025-02-04,0.4911563024776984,2025-02-07
3,2025-02-05,-1.1993754440497184,2025-02-08
3,2025-02-06,-1.8377236786523248,2025-02-09
3,2025-02-07,-2.157881191362951,2025-02-10
3,2025-02-08,-2.99642911324176,2025-02-11
3,2025-02-09,-3.0030469880652015,2025-02-12
3,2025-02-10,-3.6478763308571525,2025-02-13
3,2025-02-11,-4.503733751727848,2025-02-14
3,2025-02-12,-5.064625975325006,2025-02-15
3,2025-02-13,-4.878173521975203,2025-02-16
3,2025-02-14,-4.290168972897992,2025-02-17
3,2025-02-15,-3.9581625497915107,2025-02-18
3,2025-02-16,-2.3689324922174126,2025-02-19
3,2025-02-17,-0.5183892624442602,2025-02-20
3,2025-02-18,0.6196011622024292,2025-02-21
3,2025-02-19,1.3013256389072723,2025-02-22
3,2025-02-20,1.9284100272267028,2025-02-23
3,2025-02-21,2.7531045583563465,2025-02-24
3,2025-02-22,2.217841839940102,2025-02-25
3,2025-02-23,0.9767776231079152,2025-02-26
3,2025-02-24,-0.5610151866566505,2025-02-27
3,2025-02-25,-0.1329428532403227,2025-02-28
3,2025-02-26,-0.2416484699245975,2025-03-01
3,2025-02-27,0.9987352547340101,2025-03-02
3,2025-02-28,1.115639567328017,2025-03-03
3,2025-03-01,1.694006421786337,2025-03-04
3,2025-03-02,1.6591691308383394,2025-03-05
3,2025-03-03,1.5730067550005125,2025-03-06
3,2025-03-04,0.31443636417013116,2025-03-07
3,2025-03-05,-1.0362896569161901,2025-03-08
3,2025-03-06,-1.3336946873761768,2025-03-09
3,2025-03-07,-0.9227655956848544,2025-03-10
4,2024-11-08,0.16487106258444192,2024-11-12
4,2024-11-09,0.056189983469424915,2024-11-13
4,2024-11-10,0.22768267291652022,2024-11-14
4,2024-11-11,-0.13150876907635714,2024-11-15
4,2024-11-12,-0.47379511539286456,2024-11-16
4,2024-11-13,-0.19595428379577792,2024-11-17
4,2024-11-14,-0.2671554802177434,2024-11-18
4,2024-11-15,-1.3913443993692785,2024-11-19
4,2024-11-16,-1.947636344669524,2024-11-20
4,2024-11-17,-2.027649824140429,2024-11-21
4,2024-11-18,-1.4034905314445787,2024-11-22
4,2024-11-19,-0.7459006792041782,2024-11-23
4,2024-11-20,-0.09069789567015825,2024-11-24
4,2024-11-21,0.6040987167992878,2024-11-25
4,2024-11-22,0.980506021889507,2024-11-26
4,2024-11-23,-0.028970767850815878,2024-11-27
4,2024-11-24,-1.655423258775439,2024-11-28
4,2024-11-25,-1.6707375704834417,2024-11-29
4,2024-11-26,-1.744704381182344,2024-11-30
4,2024-11-27,-1.8695811679380105,2024-12-01
4,2024-11-28,-1.0605035017724729,2024-12-02
4,2024-11-29,-0.18654422023040332,2024-12-03
4,2024-11-30,-0.19981789698981883,2024-12-04
4,2024-12-01,-0.14878724630742307,2024-12-05
4,2024-12-02,-0.05711313468319714,2024-12-06
4,2024-12-03,-0.6375759792837683,2024-12-07
4,2024-12-04,-1.2726666319397277,2024-12-08
4,2024-12-05,-2.090997150803835,2024-12-09
4,2024-12-06,-2.1543245339843646,2024-12-10
4,2024-12-07,-1.8572603202524163,2024-12-11
4,2024-12-08,-1.0470376300894968,2024-12-12
4,2024-12-09,-1.27115285725634,2024-12-13
4,2024-12-10,0.596616220008976,2024-12-14
4,2024-12-11,1.167761577619992,2024-12-15
4,2024-12-12,1.0138766560970678,2024-12-16
4,2024-12-13,0.19693144933474085,2024-12-17
4,2024-12-14,-0.7406052774783478,2024-12-18
4,2024-12-15,0.2954464971081757,2024-12-19
4,2024-12-16,0.43109167319348396,2024-12-20
4,2024-12-17,0.37155946265232986,2024-12-21
4,2024-12-18,-0.4568868831422466,2024-12-22
4,2024-12-19,-0.6828048870770149,2024-12-23
4,2024-12-20,-0.8855664747341782,2024-12-24
4,2024-12-21,-0.3939076186752423,2024-12-25
4,2024-12-22,0.01426940834791701,2024-12-26
4,2024-12-23,0.12551810347138376,2024-12-27
4,2024-12-24,0.1595784889390862,2024-12-28
4,2024-12-25,0.04597163046850413,2024-12-29
4,2024-12-26,-0.23912716142078735,2024-12-30
4,2024-12-27,-0.6150679891483077,2024-12-31
4,2024-12-28,-1.2852728852939461,2025-01-01
4,2024-12-29,-1.3914614103267646,2025-01-02
4,2024-12-30,-1.7092798119351473,2025-01-03
4,2024-12-31,-3.0848948413122548,2025-01-04
4,2025-01-01,-3.4924477173473933,2025-01-05
4,2025-01-02,-3.8328085052326646,2025-01-06
4,2025-01-03,-3.847644235625031,2025-01-07
4,2025-01-04,-2.5372814437893956,2025-01-08
4,2025-01-05,-2.1920765291440523,2025-01-09
4,2025-01-06,-1.6678851932221719,2025-01-10
4,2025-01-07,-1.8564442525255092,2025-01-11
4,2025-01-08,-1.3933654716750319,2025-01-12
4,2025-01-09,0.07417823204105024,2025-01-13
4,2025-01-10,1.1035408643399924,2025-01-14
4,2025-01-11,1.0866202910139906,2025-01-15
4,2025-01-12,1.0745600316934527,2025-01-16
4,2025-01-13,0.3727377267017357,2025-01-17
4,2025-01-14,0.20156032734241866,2025-01-18
4,2025-01-15,-0.3175885660942733,2025-01-19
4,2025-01-16,-0.6569408642358344,2025-01-20
4,2025-01-17,-0.09386986092920986,2025-01-21
4,2025-01-18,1.2218473511946006,2025-01-22
4,2025-01-19,2.3998951153294255,2025-01-23
4,2025-01-20,3.1889752193345475,2025-01-24
4,2025-01-21,2.787586336051682,2025-01-25
4,2025-01-22,2.5621711554909634,2025-01-26
4,2025-01-23,1.9466559941170765,2025-01-27
4,2025-01-24,1.4548369539245014,2025-01-28
4,2025-01-25,0.46914659413069404,2025-01-29
4,2025-01-26,0.36344119123568025,2025-01-30
4,2025-01-27,0.389601388423271,2025-01-31
4,2025-01-28,0.6840786692798372,2025-02-01
4,2025-01-29,0.35384288723877605,2025-02-02
4,2025-01-30,0.8623046624257773,2025-02-03
4,2025-01-31,1.3507943469868184,2025-02-04
4,2025-02-01,1.1998958142251925,2025-02-05
4,2025-02-02,1.1842571648037918,2025-02-06
4,2025-02-03,0.39497536209444356,2025-02-07
4,2025-02-04,-1.0391376563383787,2025-02-08
4,2025-02-05,-1.5557139342868962,2025-02-09
4,2025-02-06,-1.944164770792249,2025-02-10
4,2025-02-07,-2.9873207650471643,2025-02-11
4,2025-02-08,-3.255087719883694,2025-02-12
4,2025-02-09,-3.463106321023967,2025-02-13
4,2025-02-10,-4.3375555465191855,2025-02-14
4,2025-02-11,-4.7855665391515165,2025-02-15
4,2025-02-12,-4.573100565791041,2025-02-16
4,2025-02-13,-4.3538925263361,2025-02-17
4,2025-02-14,-3.9639944558022195,2025-02-18
4,2025-02-15,-2.5002368791845924,2025-02-19
4,2025-02-16,-0.5846691034125429,2025-02-20
4,2025-02-17,0.6365869874874327,2025-02-21
4,2025-02-18,1.1909104830252712,2025-02-22
4,2025-02-19,2.171776201613325,2025-02-23
4,2025-02-20,2.476345231837937,2025-02-24
4,2025-02-21,2.286661057142048,2025-02-25
4,2025-02-22,0.87410575158002,2025-02-26
4,2025-02-23,-0.3857564203630124,2025-02-27
4,2025-02-24,-0.10049353892100121,2025-02-28
4,2025-02-25,-0.23096832810370457,2025-03-01
4,2025-02-26,0.8823855732088268,2025-03-02
4,2025-02-27,1.083421645906877,2025-03-03
4,2025-02-28,1.6724820316194096,2025-03-04
4,2025-03-01,1.681514720555334,2025-03-05
4,2025-03-02,1.3757926266640423,2025-03-06
4,2025-03-03,0.20854326510952928,2025-03-07
4,2025-03-04,-0.9596502857059379,2025-03-08
4,2025-03-05,-1.15239516626381,2025-03-09
4,2025-03-06,-1.0577070577929344,2025-03-10
4,2025-03-07,-0.8772498311873239,2025-03-11
5,2024-11-08,-0.06580533724344541,2024-11-13
5,2024-11-09,0.40496374816847985,2024-11-14
5,2024-11-10,-0.41367139772479755,2024-11-15
5,2024-11-11,-0.6543832541505454,2024-11-16
5,2024-11-12,-0.35502820169200705,2024-11-17
5,2024-11-13,-0.3522291310306096,2024-11-18
5,2024-11-14,-1.645744166606843,2024-11-19
5,2024-11-15,-1.9119094455578989,2024-11-20
5,2024-11-16,-0.5907060970691423,2024-11-21
5,2024-11-17,-2.2499017929126537,2024-11-22
5,2024-11-18,-1.296566783429308,2024-11-23
5,2024-11-19,0.09571038247861662,2024-11-24
5,2024-11-20,0.7567110427060338,2024-11-25
5,2024-11-21,1.0094572050076858,2024-11-26
5,2024-11-22,-0.15069109080524348,2024-11-27
5,2024-11-23,-1.4787900353067849,2024-11-28
5,2024-11-24,-2.2171165034942413,2024-11-29
5,2024-11-25,-1.7741253923002724,2024-11-30
5,2024-11-26,-1.8667331886111243,2024-12-01
5,2024-11-27,-1.2746658004610165,2024-12-02
5,2024-11-28,-0.5330116712407269,2024-12-03
5,2024-11-29,-0.4530877560793354,2024-12-04
5,2024-11-30,-0.2641174095037628,2024-12-05
5,2024-12-01,-0.42487634195628543,2024-12-06
5,2024-12-02,-0.5975928848103382,2024-12-07
5,2024-12-03,-1.3254358255975067,2024-12-08
5,2024-12-04,-2.0460074389141396,2024-12-09
5,2024-12-05,-1.9425382373068873,2024-12-10
5,2024-12-06,-1.6507499338567038,2024-12-11
5,2024-12-07,-1.3495569311376885,2024-12-12
5,2024-12-08,-0.42884137405801026,2024-12-13
5,2024-12-09,0.03991392829195797,2024-12-14
5,2024-12-10,1.5953012286039003,2024-12-15
5,2024-12-11,0.7582418503837157,2024-12-16
5,2024-12-12,0.24289769410455783,2024-12-17
5,2024-12-13,-0.3100723629910899,2024-12-18
5,2024-12-14,-0.12395307791226622,2024-12-19
5,2024-12-15,0.6027096753159492,2024-12-20
5,2024-12-16,0.33404804298284013,2024-12-21
5,2024-12-17,-0.19129754825594342,2024-12-22
5,2024-12-18,-0.8565288125820448,2024-12-23
5,2024-12-19,-0.5122478624802398,2024-12-24
5,2024-12-20,-0.39962498003931063,2024-12-25
5,2024-12-21,-0.21753576009665687,2024-12-26
5,2024-12-22,-0.32260589649904575,2024-12-27
5,2024-12-23,-0.3235834678761069,2024-12-28
5,2024-12-24,-0.39470558713392795,2024-12-29
5,2024-12-25,-0.2501793409042613,2024-12-30
5,2024-12-26,-0.8062637379035853,2024-12-31
5,2024-12-27,-0.9464868149411851,2025-01-01
5,2024-12-28,-1.5574176046166979,2025-01-02
5,2024-12-29,-1.9032293993983185,2025-01-03
5,2024-12-30,-2.437412997871184,2025-01-04
5,2024-12-31,-3.583752141229012,2025-01-05
5,2025-01-01,-3.813363272304846,2025-01-06
5,2025-01-02,-3.930114696357436,2025-01-07
5,2025-01-03,-3.0181359291864673,2025-01-08
5,2025-01-04,-1.848795989897034,2025-01-09
5,2025-01-05,-1.553937020668939,2025-01-10
5,2025-01-06,-1.8450828500742125,2025-01-11
5,2025-01-07,-1.2002243410279108,2025-01-12
5,2025-01-08,0.08051915227472718,2025-01-13
5,2025-01-09,1.0390679594182024,2025-01-14
5,2025-01-10,1.0541631445530928,2025-01-15
5,2025-01-11,0.7084811733027971,2025-01-16
5,2025-01-12,0.34502835531330556,2025-01-17
5,2025-01-13,-0.46550488460141626,2025-01-18
5,2025-01-14,0.04119227073794897,2025-01-19
5,2025-01-15,-0.44905490458943426,2025-01-20
5,2025-01-16,-0.03281016984769007,2025-01-21
5,2025-01-17,0.8088548061718726,2025-01-22
5,2025-01-18,1.5680725698630151,2025-01-23
5,2025-01-19,2.5235376894544586,2025-01-24
5,2025-01-20,2.918636827117197,2025-01-25
5,2025-01-21,2.1746423577032563,2025-01-26
5,2025-01-22,1.896750796668004,2025-01-27
5,2025-01-23,0.9944095808580173,2025-01-28
5,2025-01-24,0.5617737160949506,2025-01-29
5,2025-01-25,0.16436943704754953,2025-01-30
5,2025-01-26,0.2091578020464053,2025-01-31
5,2025-01-27,0.824050799241046,2025-02-01
5,2025-01-28,0.6429032495084681,2025-02-02
5,2025-01-29,0.649259038705205,2025-02-03
5,2025-01-30,1.2090800956729184,2025-02-04
5,2025-01-31,0.6943836027068866,2025-02-05
5,2025-02-01,1.2781667316101775,2025-02-06
5,2025-02-02,0.20950845039610413,2025-02-07
5,2025-02-03,-0.8490187857442866,2025-02-08
5,2025-02-04,-1.4929881384018004,2025-02-09
5,2025-02-05,-2.027503012052167,2025-02-10
5,2025-02-06,-2.19062780899756,2025-02-11
5,2025-02-07,-3.118543834996683,2025-02-12
5,2025-02-08,-3.536124920049342,2025-02-13
5,2025-02-09,-4.043251858357604,2025-02-14
5,2025-02-10,-4.325855151078559,2025-02-15
5,2025-02-11,-4.468603958444027,2025-02-16
5,2025-02-12,-3.994080570451068,2025-02-17
5,2025-02-13,-3.669748030171778,2025-02-18
5,2025-02-14,-2.523727052724683,2025-02-19
5,2025-02-15,-0.6784544896464465,2025-02-20
5,2025-02-16,0.48477009032156904,2025-02-21
5,2025-02-17,1.3745656611635821,2025-02-22
5,2025-02-18,2.2156712682894604,2025-02-23
5,2025-02-19,2.8027914675298673,2025-02-24
5,2025-02-20,2.0165276249914372,2025-02-25
5,2025-02-21,1.0628249265560874,2025-02-26
5,2025-02-22,-0.528547809218831,2025-02-27
5,2025-02-23,-0.48678152218811876,2025-02-28
5,2025-02-24,-0.32551933245102666,2025-03-01
5,2025-02-25,1.0195159604726436,2025-03-02
5,2025-02-26,1.1516840720643562,2025-03-03
5,2025-02-27,1.3954208666238574,2025-03-04
5,2025-02-28,1.7053591914018444,2025-03-05
5,2025-03-01,1.4124108009917746,2025-03-06
5,2025-03-02,0.40300245161299536,2025-03-07
5,2025-03-03,-0.9945742534094885,2025-03-08
5,2025-03-04,-0.8578970829376871,2025-03-09
5,2025-03-05,-0.6553087220721034,2025-03-10
5,2025-03-06,-0.8140960182838141,2025-03-11
5,2025-03-07,-0.9054181648823699,2025-03-12
6,2024-11-08,-0.4782826749696409,2024-11-14
6,2024-11-09,-0.04506917131586982,2024-11-15
6,2024-11-10,-0.8651191226057797,2024-11-16
6,2024-11-11,-0.029532160963267693,2024-11-17
6,2024-11-12,-0.8735875526128026,2024-11-18
6,2024-11-13,-1.1867253833199434,2024-11-19
6,2024-11-14,-2.253708078469811,2024-11-20
6,2024-11-15,-1.310401716682629,2024-11-21
6,2024-11-16,0.15315123991969093,2024-11-22
6,2024-11-17,-1.6876882349490883,2024-11-23
6,2024-11-18,-0.38419814255151685,2024-11-24
6,2024-11-19,0.8829794751205325,2024-11-25
6,2024-11-20,0.9143704169633914,2024-11-26
6,2024-11-21,-0.029337380262114052,2024-11-27
6,2024-11-22,-1.2816384352888033,2024-11-28
6,2024-11-23,-2.1868931946913097,2024-11-29
6,2024-11-24,-2.475057540351231,2024-11-30
6,2024-11-25,-2.1462473337263814,2024-12-01
6,2024-11-26,-1.3766088623451116,2024-12-02
6,2024-11-27,-0.9077851185911434,2024-12-03
6,2024-11-28,-0.651409921305303,2024-12-04
6,2024-11-29,0.03262670395124741,2024-12-05
6,2024-11-30,-0.6788411271778197,2024-12-06
6,2024-12-01,-1.0723113565653868,2024-12-07
6,2024-12-02,-1.2022678293574731,2024-12-08
6,2024-12-03,-2.0251248625906775,2024-12-09
6,2024-12-04,-1.8673012109591647,2024-12-10
6,2024-12-05,-1.5160090719420656,2024-12-11
6,2024-12-06,-1.0153852438690631,2024-12-12
6,2024-12-07,-1.5557674593157202,2024-12-13
6,2024-12-08,0.14727109434654886,2024-12-14
6,2024-12-09,1.22464920963331,2024-12-15
6,2024-12-10,1.4747666495589768,2024-12-16
6,2024-12-11,-0.22483006675652603,2024-12-17
6,2024-12-12,-0.260391561063936,2024-12-18
6,2024-12-13,0.017593261225292794,2024-12-19
6,2024-12-14,0.14344328835213427,2024-12-20
6,2024-12-15,-0.4019715992369377,2024-12-21
6,2024-12-16,-0.023193396435336803,2024-12-22
6,2024-12-17,-0.6788208456845164,2024-12-23
6,2024-12-18,-0.8653715526366177,2024-12-24
6,2024-12-19,-0.5117966787392588,2024-12-25
6,2024-12-20,-0.1421971221152042,2024-12-26
6,2024-12-21,-0.005811508543582583,2024-12-27
6,2024-12-22,-0.5832320772761697,2024-12-28
6,2024-12-23,-0.695580977086782,2024-12-29
6,2024-12-24,-0.7241750632142605,2024-12-30
6,2024-12-25,-0.7979720720539342,2024-12-31
6,2024-12-26,-1.1612427736664765,2025-01-01
6,2024-12-27,-1.0246650166403526,2025-01-02
6,2024-12-28,-1.8106184662604703,2025-01-03
6,2024-12-29,-2.5447542436984114,2025-01-04
6,2024-12-30,-3.072332192834699,2025-01-05
6,2024-12-31,-3.7851843967285177,2025-01-06
6,2025-01-01,-4.097171132285139,2025-01-07
6,2025-01-02,-3.4911931133718537,2025-01-08
6,2025-01-03,-2.245140471825984,2025-01-09
6,2025-01-04,-1.6004310329088773,2025-01-10
6,2025-01-05,-1.3418421484607657,2025-01-11
6,2025-01-06,-1.710177259549061,2025-01-12
6,2025-01-07,0.20796324325471965,2025-01-13
6,2025-01-08,0.8223045030064141,2025-01-14
6,2025-01-09,0.7870713131898767,2025-01-15
6,2025-01-10,1.275390918914549,2025-01-16
6,2025-01-11,-0.235089490172768,2025-01-17
6,2025-01-12,-0.13779777404613383,2025-01-18
6,2025-01-13,-1.1916625480541454,2025-01-19
6,2025-01-14,-0.07328586480038464,2025-01-20
6,2025-01-15,0.6897636117196483,2025-01-21
6,2025-01-16,0.7829460938147256,2025-01-22
6,2025-01-17,0.915298648285281,2025-01-23
6,2025-01-18,1.5348845625572665,2025-01-24
6,2025-01-19,2.0957240152284227,2025-01-25
6,2025-01-20,2.6806111449926955,2025-01-26
6,2025-01-21,1.7485120382949326,2025-01-27
6,2025-01-22,1.3976806157750048,2025-01-28
6,2025-01-23,0.35060951247544336,2025-01-29
6,2025-01-24,0.1706576620149558,2025-01-30
6,2025-01-25,0.8488262709053944,2025-01-31
6,2025-01-26,0.3218475181883138,2025-02-01
6,2025-01-27,1.2602977761969274,2025-02-02
6,2025-01-28,1.5135124248368246,2025-02-03
6,2025-01-29,0.7561556253178104,2025-02-04
6,2025-01-30,0.80392147296406,2025-02-05
6,2025-01-31,0.6835342851855143,2025-02-06
6,2025-02-01,0.3772591826909057,2025-02-07
6,2025-02-02,-0.9275974181011141,2025-02-08
6,2025-02-03,-0.9821004472537028,2025-02-09
6,2025-02-04,-1.784026177956757,2025-02-10
6,2025-02-05,-2.6599135466815786,2025-02-11
6,2025-02-06,-2.1073108112121504,2025-02-12
6,2025-02-07,-3.2829505126802494,2025-02-13
6,2025-02-08,-4.448265289920842,2025-02-14
6,2025-02-09,-3.5322959564962746,2025-02-15
6,2025-02-10,-3.4963758075958444,2025-02-16
6,2025-02-11,-4.656424296983115,2025-02-17
6,2025-02-12,-3.3714418995039312,2025-02-18
6,2025-02-13,-1.8043818584197329,2025-02-19
6,2025-02-14,-0.6214813653423605,2025-02-20
6,2025-02-15,0.5467768940309718,2025-02-21
6,2025-02-16,1.0970006550167986,2025-02-22
6,2025-02-17,2.5061538679870585,2025-02-23
6,2025-02-18,2.9579411267879028,2025-02-24
6,2025-02-19,2.3078157018351746,2025-02-25
6,2025-02-20,0.9812407966538951,2025-02-26
6,2025-02-21,-0.41390765460334,2025-02-27
6,2025-02-22,-0.8919411034916069,2025-02-28
6,2025-02-23,-0.26703228081609437,2025-03-01
6,2025-02-24,0.9622549790810754,2025-03-02
6,2025-02-25,1.4799033474453251,2025-03-03
6,2025-02-26,1.5996766766536366,2025-03-04
6,2025-02-27,1.699404119570507,2025-03-05
6,2025-02-28,1.495081907622461,2025-03-06
6,2025-03-01,0.7079983678354675,2025-03-07
6,2025-03-02,-0.829709601566497,2025-03-08
6,2025-03-03,-1.0435801281490384,2025-03-09
6,2025-03-04,-0.17131233302861396,2025-03-10
6,2025-03-05,-0.7554762379591902,2025-03-11
6,2025-03-06,-0.3269611639062567,2025-03-12
6,2025-03-07,-0.4703000957854817,2025-03-13
7,2024-11-08,-1.1517250388380476,2024-11-15
7,2024-11-09,-1.1665728943776452,2024-11-16
7,2024-11-10,-0.38274437730110855,2024-11-17
7,2024-11-11,-0.029757063429506563,2024-11-18
7,2024-11-12,-2.336807903381684,2024-11-19
7,2024-11-13,-1.7402488130505323,2024-11-20
7,2024-11-14,-1.6289216152630226,2024-11-21
7,2024-11-15,-1.4192589187220732,2024-11-22
7,2024-11-16,-0.377999609904143,2024-11-23
7,2024-11-17,-0.6000775843710938,2024-11-24
7,2024-11-18,-0.38430687037845596,2024-11-25
7,2024-11-19,1.3059018367959954,2024-11-26
7,2024-11-20,-0.2696237250481132,2024-11-27
7,2024-11-21,-0.7698566867979652,2024-11-28
7,2024-11-22,-1.6491021033220334,2024-11-29
7,2024-11-23,-2.5239507425594323,2024-11-30
7,2024-11-24,-2.87596169746886,2024-12-01
7,2024-11-25,-1.7987244909030597,2024-12-02
7,2024-11-26,-1.4039098502726928,2024-12-03
7,2024-11-27,-0.8701155162073878,2024-12-04
7,2024-11-28,-0.011627963434132409,2024-12-05
7,2024-11-29,0.30069259686547456,2024-12-06
7,2024-11-30,-1.0843127802778971,2024-12-07
7,2024-12-01,-0.7792925877753102,2024-12-08
7,2024-12-02,-1.4479907603357636,2024-12-09
7,2024-12-03,-1.5790896158896761,2024-12-10
7,2024-12-04,-1.1973784075397367,2024-12-11
7,2024-12-05,-1.9101571066696703,2024-12-12
7,2024-12-06,-1.3323684219865408,2024-12-13
7,2024-12-07,-0.3905952712986677,2024-12-14
7,2024-12-08,1.220113560626474,2024-12-15
7,2024-12-09,1.2520958722126874,2024-12-16
7,2024-12-10,0.37067903706397726,2024-12-17
7,2024-12-11,-1.3079741777273017,2024-12-18
7,2024-12-12,-0.04916095690165659,2024-12-19
7,2024-12-13,0.016467577177620114,2024-12-20
7,2024-12-14,-0.4551612010124123,2024-12-21
7,2024-12-15,0.04739316703969749,2024-12-22
7,2024-12-16,0.09647613281691518,2024-12-23
7,2024-12-17,-0.7569854373356473,2024-12-24
7,2024-12-18,-0.8691849205601415,2024-12-25
7,2024-12-19,-0.5869067238315508,2024-12-26
7,2024-12-20,0.16508567180800943,2024-12-27
7,2024-12-21,0.20253299374934125,2024-12-28
7,2024-12-22,-0.9868861986395049,2024-12-29
7,2024-12-23,-1.1005673082274652,2024-12-30
7,2024-12-24,-0.8819431299198042,2024-12-31
7,2024-12-25,-1.124218226915692,2025-01-01
7,2024-12-26,-1.038077091513692,2025-01-02
7,2024-12-27,-1.328912757386742,2025-01-03
7,2024-12-28,-2.0388493778651546,2025-01-04
7,2024-12-29,-3.2272237291159858,2025-01-05
7,2024-12-30,-3.8907219089406215,2025-01-06
7,2024-12-31,-3.80263094062136,2025-01-07
7,2025-01-01,-3.2420646522477368,2025-01-08
7,2025-01-02,-2.854666057371404,2025-01-09
7,2025-01-03,-1.5596195210990276,2025-01-10
7,2025-01-04,-1.69667842803075,2025-01-11
7,2025-01-05,-0.9656944616945251,2025-01-12
7,2025-01-06,-0.9286849522355074,2025-01-13
7,2025-01-07,1.6701811996065035,2025-01-14
7,2025-01-08,0.5363081144070158,2025-01-15
7,2025-01-09,0.368654968290615,2025-01-16
7,2025-01-10,0.9484229902673459,2025-01-17
7,2025-01-11,-0.9959837943640676,2025-01-18
7,2025-01-12,0.09558435200079184,2025-01-19
7,2025-01-13,-1.2716845792098164,2025-01-20
7,2025-01-14,1.2306019110440434,2025-01-21
7,2025-01-15,2.0122453336619133,2025-01-22
7,2025-01-16,1.099501362751067,2025-01-23
7,2025-01-17,0.8929993201118036,2025-01-24
7,2025-01-18,1.7485185520673785,2025-01-25
7,2025-01-19,2.5231804803889606,2025-01-26
7,2025-01-20,2.9331246087630825,2025-01-27
7,2025-01-21,1.4611761389562652,2025-01-28
7,2025-01-22,0.19580290760215305,2025-01-29
7,2025-01-23,-0.11759436390065894,2025-01-30
7,2025-01-24,0.9360817924135891,2025-01-31
7,2025-01-25,1.2888210282781258,2025-02-01
7,2025-01-26,0.8509335495100016,2025-02-02
7,2025-01-27,1.6518934904371658,2025-02-03
7,2025-01-28,1.4465468355945628,2025-02-04
7,2025-01-29,0.3792482392636505,2025-02-05
7,2025-01-30,0.8527567789889491,2025-02-06
7,2025-01-31,0.30802754472606136,2025-02-07
7,2025-02-01,-0.8667741382908181,2025-02-08
7,2025-02-02,-0.5525621984504263,2025-02-09
7,2025-02-03,-1.534033885771096,2025-02-10
7,2025-02-04,-2.2346295983791227,2025-02-11
7,2025-02-05,-2.435790522791068,2025-02-12
7,2025-02-06,-2.423088705670054,2025-02-13
7,2025-02-07,-4.050505111778251,2025-02-14
7,2025-02-08,-4.821136694571638,2025-02-15
7,2025-02-09,-2.255205697062922,2025-02-16
7,2025-02-10,-3.230577169911177,2025-02-17
7,2025-02-11,-4.876767462070702,2025-02-18
7,2025-02-12,-1.4171923216882367,2025-02-19
7,2025-02-13,-0.054515408235530506,2025-02-20
7,2025-02-14,0.2249336822734311,2025-02-21
7,2025-02-15,0.9906231529125787,2025-02-22
7,2025-02-16,2.4101512350915737,2025-02-23
7,2025-02-17,3.7325635779950823,2025-02-24
7,2025-02-18,2.806771296268214,2025-02-25
7,2025-02-19,0.9477012397630542,2025-02-26
7,2025-02-20,-0.6207640513732325,2025-02-27
7,2025-02-21,-1.1174623266527801,2025-02-28
7,2025-02-22,-1.103251488004227,2025-03-01
7,2025-02-23,1.4702478386785425,2025-03-02
7,2025-02-24,1.0733449693074448,2025-03-03
7,2025-02-25,1.3992178268331708,2025-03-04
7,2025-02-26,1.571151719810627,2025-03-05
7,2025-02-27,1.5717883195449187,2025-03-06
7,2025-02-28,1.296017297789635,2025-03-07
7,2025-03-01,0.5038425122930934,2025-03-08
7,2025-03-02,-0.9285454644263473,2025-03-09
7,2025-03-03,-0.3583114636741488,2025-03-10
7,2025-03-04,0.4372419379713285,2025-03-11
7,2025-03-05,-0.27557236498113524,2025-03-12
7,2025-03-06,0.29891245518703247,2025-03-13
7,2025-03-07,0.41895300874960717,2025-03-14
8,2024-11-08,-1.215311028478499,2024-11-16
8,2024-11-09,-1.231597482584,2024-11-17
8,2024-11-10,-0.4268400229077964,2024-11-18
8,2024-11-11,-1.397595306862359,2024-11-19
8,2024-11-12,-2.7008274088274193,2024-11-20
8,2024-11-13,-1.1601255437610125,2024-11-21
8,2024-11-14,-1.3908540183510936,2024-11-22
8,2024-11-15,-1.9173751093905163,2024-11-23
8,2024-11-16,-1.3467333800778993,2024-11-24
8,2024-11-17,-0.40508487833157514,2024-11-25
8,2024-11-18,-0.19424960785308126,2024-11-26
8,2024-11-19,0.2697149722825325,2024-11-27
8,2024-11-20,-1.3241575958272072,2024-11-28
8,2024-11-21,-1.037919998301465,2024-11-29
8,2024-11-22,-1.9477928166925866,2024-11-30
8,2024-11-23,-2.6875377746163784,2024-12-01
8,2024-11-24,-2.232703814681125,2024-12-02
8,2024-11-25,-1.2690405209703275,2024-12-03
8,2024-11-26,-1.0936595462384027,2024-12-04
8,2024-11-27,-0.4014993765602032,2024-12-05
8,2024-11-28,0.5273552808943455,2024-12-06
8,2024-11-29,-0.4439194889106728,2024-12-07
8,2024-11-30,-0.9552964209627711,2024-12-08
8,2024-12-01,-0.42582796533577144,2024-12-09
8,2024-12-02,-0.4135841419460771,2024-12-10
8,2024-12-03,-0.6380833125201355,2024-12-11
8,2024-12-04,-0.9256498510903797,2024-12-12
8,2024-12-05,-2.753546769519142,2024-12-13
8,2024-12-06,0.18279370016830207,2024-12-14
8,2024-12-07,0.9498167291062226,2024-12-15
8,2024-12-08,0.9003765289320035,2024-12-16
8,2024-12-09,0.12749639345676334,2024-12-17
8,2024-12-10,-1.214022693453524,2024-12-18
8,2024-12-11,-1.5208705760252912,2024-12-19
8,2024-12-12,1.017556121873022,2024-12-20
8,2024-12-13,-0.8316289646427997,2024-12-21
8,2024-12-14,0.10173845571972065,2024-12-22
8,2024-12-15,0.686343036585729,2024-12-23
8,2024-12-16,-0.3666054634913295,2024-12-24
8,2024-12-17,-0.3828717502476936,2024-12-25
8,2024-12-18,-0.6745752637633856,2024-12-26
8,2024-12-19,-0.7232754004819643,2024-12-27
8,2024-12-20,0.2347193652205546,2024-12-28
8,2024-12-21,0.17506196089855247,2024-12-29
8,2024-12-22,-1.6175485165722345,2024-12-30
8,2024-12-23,-1.3237755017150072,2024-12-31
8,2024-12-24,-1.0704116353337234,2025-01-01
8,2024-12-25,-0.68327330837852,2025-01-02
8,2024-12-26,-0.960099122189317,2025-01-03
8,2024-12-27,-1.32028303147829,2025-01-04
8,2024-12-28,-2.0907070313062217,2025-01-05
8,2024-12-29,-4.164353867878212,2025-01-06
8,2024-12-30,-4.524913840901259,2025-01-07
8,2024-12-31,-3.155222705752193,2025-01-08
8,2025-01-01,-3.433895864128252,2025-01-09
8,2025-01-02,-2.1611561697416395,2025-01-10
8,2025-01-03,-1.0643226329098323,2025-01-11
8,2025-01-04,-2.0776478561773595,2025-01-12
8,2025-01-05,-0.05208980387858992,2025-01-13
8,2025-01-06,0.32915784157150824,2025-01-14
8,2025-01-07,1.5656208768236497,2025-01-15
8,2025-01-08,0.2218629256211498,2025-01-16
8,2025-01-09,0.8234191362415881,2025-01-17
8,2025-01-10,0.8839052926149947,2025-01-18
8,2025-01-11,-1.2708425684499627,2025-01-19
8,2025-01-12,0.07469818077702375,2025-01-20
8,2025-01-13,-0.6167048451079227,2025-01-21
8,2025-01-14,2.0225936225869687,2025-01-22
8,2025-01-15,1.4013497461533377,2025-01-23
8,2025-01-16,1.9110896261736152,2025-01-24
8,2025-01-17,1.105986626870609,2025-01-25
8,2025-01-18,1.8736775692838703,2025-01-26
8,2025-01-19,3.5746898568824115,2025-01-27
8,2025-01-20,2.907372898431754,2025-01-28
8,2025-01-21,0.27726230298283805,2025-01-29
8,2025-01-22,-1.221548623802954,2025-01-30
8,2025-01-23,1.28569553405999,2025-01-31
8,2025-01-24,2.4724796073519637,2025-02-01
8,2025-01-25,1.909321822371558,2025-02-02
8,2025-01-26,1.6632011932104578,2025-02-03
8,2025-01-27,2.3848217374494523,2025-02-04
8,2025-01-28,0.32719664987493613,2025-02-05
8,2025-01-29,0.35569767830890336,2025-02-06
8,2025-01-30,0.36980857079393525,2025-02-07
8,2025-01-31,0.22187264224335,2025-02-08
8,2025-02-01,-0.987726917600231,2025-02-09
8,2025-02-02,-1.1640229903334602,2025-02-10
8,2025-02-03,-1.8190152987660293,2025-02-11
8,2025-02-04,-2.5443213726277234,2025-02-12
8,2025-02-05,-1.8056392600878302,2025-02-13
8,2025-02-06,-2.474965367138674,2025-02-14
8,2025-02-07,-4.163436613334028,2025-02-15
8,2025-02-08,-4.596641751709307,2025-02-16
8,2025-02-09,-1.979907528175901,2025-02-17
8,2025-02-10,-2.8392998091605746,2025-02-18
8,2025-02-11,-3.738701911969787,2025-02-19
8,2025-02-12,0.37041890534078226,2025-02-20
8,2025-02-13,0.6921812067494382,2025-02-21
8,2025-02-14,0.8415433785546963,2025-02-22
8,2025-02-15,1.331365217876311,2025-02-23
8,2025-02-16,3.548100889698662,2025-02-24
8,2025-02-17,3.6927302597339535,2025-02-25
8,2025-02-18,1.8398832679940291,2025-02-26
8,2025-02-19,-0.17207934705737712,2025-02-27
8,2025-02-20,-0.8511850609387354,2025-02-28
8,2025-02-21,-1.4308845808085686,2025-03-01
8,2025-02-22,-0.39124843884716465,2025-03-02
8,2025-02-23,2.5033635130258474,2025-03-03
8,2025-02-24,0.7200553545616204,2025-03-04
8,2025-02-25,1.14975939332296,2025-03-05
8,2025-02-26,0.7475323994975278,2025-03-06
8,2025-02-27,0.7492899074256985,2025-03-07
8,2025-02-28,1.0556757096032587,2025-03-08
8,2025-03-01,1.3442358835154462,2025-03-09
8,2025-03-02,-0.1459178901983194,2025-03-10
8,2025-03-03,0.26055939604116585,2025-03-11
8,2025-03-04,1.0990983042920788,2025-03-12
8,2025-03-05,0.006901572349880821,2025-03-13
8,2025-03-06,1.1752972312706746,2025-03-14
8,2025-03-07,1.1462545081983515,2025-03-15
9,2024-11-08,-1.32209255521356,2024-11-17
9,2024-11-09,-1.2012400321121388,2024-11-18
9,2024-11-10,-0.8253252615431722,2024-11-19
9,2024-11-11,-2.282502712818815,2024-11-20
9,2024-11-12,-1.4835531503417387,2024-11-21
9,2024-11-13,-0.8606529368181315,2024-11-22
9,2024-11-14,-1.274933629687773,2024-11-23
9,2024-11-15,-1.9032069264556537,2024-11-24
9,2024-11-16,-1.5718107517679212,2024-11-25
9,2024-11-17,-0.3682025733526678,2024-11-26
9,2024-11-18,-0.3477451234595996,2024-11-27
9,2024-11-19,-0.6087139688740666,2024-11-28
9,2024-11-20,-1.4122440441838389,2024-11-29
9,2024-11-21,-0.9939802569677826,2024-11-30
9,2024-11-22,-1.889420184117802,2024-12-01
9,2024-11-23,-2.2572030441181394,2024-12-02
9,2024-11-24,-1.0940046555257437,2024-12-03
9,2024-11-25,-1.0586902724121758,2024-12-04
9,2024-11-26,-0.5219171919047301,2024-12-05
9,2024-11-27,0.15002401121994338,2024-12-06
9,2024-11-28,-0.08068472948294148,2024-12-07
9,2024-11-29,-1.348395989596326,2024-12-08
9,2024-11-30,-0.13656238152949435,2024-12-09
9,2024-12-01,-0.253603200794187,2024-12-10
9,2024-12-02,0.38504244248358976,2024-12-11
9,2024-12-03,-0.05095445132569425,2024-12-12
9,2024-12-04,-0.6611760081268105,2024-12-13
9,2024-12-05,-1.8609862382902587,2024-12-14
9,2024-12-06,0.5974394814002882,2024-12-15
9,2024-12-07,0.9827828980720188,2024-12-16
9,2024-12-08,0.07220055800782849,2024-12-17
9,2024-12-09,-0.6901359926881148,2024-12-18
9,2024-12-10,-2.228368118522803,2024-12-19
9,2024-12-11,-0.5072588382432259,2024-12-20
9,2024-12-12,1.3313258472361458,2024-12-21
9,2024-12-13,-0.3114923634144314,2024-12-22
9,2024-12-14,-0.0391774524669521,2024-12-23
9,2024-12-15,0.8617537992329373,2024-12-24
9,2024-12-16,-0.7688908028284097,2024-12-25
9,2024-12-17,0.14725021376554898,2024-12-26
9,2024-12-18,-0.3053685825220767,2024-12-27
9,2024-12-19,-0.7467459601136033,2024-12-28
9,2024-12-20,0.001211838729358761,2024-12-29
9,2024-12-21,-0.6198024999295734,2024-12-30
9,2024-12-22,-2.0749397103159235,2024-12-31
9,2024-12-23,-1.1877835265075622,2025-01-01
9,2024-12-24,-0.8183147856790759,2025-01-02
9,2024-12-25,-0.5216383259760761,2025-01-03
9,2024-12-26,-0.7477977804650264,2025-01-04
9,2024-12-27,-0.6479011254660937,2025-01-05
9,2024-12-28,-2.413475111312134,2025-01-06
9,2024-12-29,-4.715654489912329,2025-01-07
9,2024-12-30,-4.179473211302579,2025-01-08
9,2024-12-31,-2.779919186653884,2025-01-09
9,2025-01-01,-3.013861654672796,2025-01-10
9,2025-01-02,-2.134395767319331,2025-01-11
9,2025-01-03,-0.883223192579502,2025-01-12
9,2025-01-04,-1.1986527852368614,2025-01-13
9,2025-01-05,0.3220302797808026,2025-01-14
9,2025-01-06,0.0795122651684605,2025-01-15
9,2025-01-07,1.1732737554421537,2025-01-16
9,2025-01-08,0.48441852834559773,2025-01-17
9,2025-01-09,0.7349754115330901,2025-01-18
9,2025-01-10,1.140715354455856,2025-01-19
9,2025-01-11,-0.8145843807676537,2025-01-20
9,2025-01-12,0.9298731378614273,2025-01-21
9,2025-01-13,0.9310966702453023,2025-01-22
9,2025-01-14,1.3865950179554312,2025-01-23
9,2025-01-15,0.4794560946909096,2025-01-24
9,2025-01-16,3.604191795715899,2025-01-25
9,2025-01-17,0.7746987887477932,2025-01-26
9,2025-01-18,1.4212906064660844,2025-01-27
9,2025-01-19,3.05413918048936,2025-01-28
9,2025-01-20,1.806456686576689,2025-01-29
9,2025-01-21,-0.337849577969404,2025-01-30
9,2025-01-22,-0.9858987204262214,2025-01-31
9,2025-01-23,1.91069362547168,2025-02-01
9,2025-01-24,2.858410287021365,2025-02-02
9,2025-01-25,3.1178676461953474,2025-02-03
9,2025-01-26,2.017762813843383,2025-02-04
9,2025-01-27,2.72185509278651,2025-02-05
9,2025-01-28,0.5777476572121436,2025-02-06
9,2025-01-29,0.3328877014770281,2025-02-07
9,2025-01-30,-0.37068494309854294,2025-02-08
9,2025-01-31,1.2291344978045666,2025-02-09
9,2025-02-01,-0.481253443063572,2025-02-10
9,2025-02-02,-1.941773255495386,2025-02-11
9,2025-02-03,-1.4842454086207717,2025-02-12
9,2025-02-04,-2.472152320654507,2025-02-13
9,2025-02-05,-1.9337472337753383,2025-02-14
9,2025-02-06,-2.572680756796616,2025-02-15
9,2025-02-07,-3.3326311509965274,2025-02-16
9,2025-02-08,-4.556489005958837,2025-02-17
9,2025-02-09,-2.1380703357074764,2025-02-18
9,2025-02-10,-2.0588637765399924,2025-02-19
9,2025-02-11,-2.150424082238193,2025-02-20
9,2025-02-12,0.8543987071745189,2025-02-21
9,2025-02-13,0.9645512098723196,2025-02-22
9,2025-02-14,1.7354952971915312,2025-02-23
9,2025-02-15,2.290691598330478,2025-02-24
9,2025-02-16,2.6013658909604263,2025-02-25
9,2025-02-17,2.247692716198501,2025-02-26
9,2025-02-18,0.9802076734778429,2025-02-27
9,2025-02-19,-0.46549390608187247,2025-02-28
9,2025-02-20,-0.6715136718381083,2025-03-01
9,2025-02-21,-0.3050002829850451,2025-03-02
9,2025-02-22,0.41531029216629756,2025-03-03
9,2025-02-23,1.7560047953021263,2025-03-04
9,2025-02-24,0.65060813282161,2025-03-05
9,2025-02-25,0.6125462858573666,2025-03-06
9,2025-02-26,0.9108417451262576,2025-03-07
9,2025-02-27,0.2429473739241092,2025-03-08
9,2025-02-28,1.7839242969749498,2025-03-09
9,2025-03-01,3.064687287893341,2025-03-10
9,2025-03-02,0.9514398264388124,2025-03-11
9,2025-03-03,1.2380353259721053,2025-03-12
9,2025-03-04,1.3169114227462995,2025-03-13
9,2025-03-05,0.3225055525813531,2025-03-14
9,2025-03-06,2.0696615662157085,2025-03-15
9,2025-03-07,1.0043123162126286,2025-03-16
10,2024-11-08,-1.7485098459943664,2024-11-18
10,2024-11-09,-0.6214767241807039,2024-11-19
10,2024-11-10,-1.272034423219952,2024-11-20
10,2024-11-11,-1.7962469383932125,2024-11-21
10,2024-11-12,-0.46513952945786036,2024-11-22
10,2024-11-13,-1.2955154361971877,2024-11-23
10,2024-11-14,-1.2674311694834215,2024-11-24
10,2024-11-15,-1.7894398384045125,2024-11-25
10,2024-11-16,-1.1322896956676622,2024-11-26
10,2024-11-17,-0.5788022838428786,2024-11-27
10,2024-11-18,-0.014101193485761927,2024-11-28
10,2024-11-19,-0.6472776460125883,2024-11-29
10,2024-11-20,-1.4950892661738948,2024-11-30
10,2024-11-21,-0.4639651534859585,2024-12-01
10,2024-11-22,-0.9625803600591311,2024-12-02
10,2024-11-23,-1.4254794089115723,2024-12-03
10,2024-11-24,0.1082434951062282,2024-12-04
10,2024-11-25,-1.1431660577263545,2024-12-05
10,2024-11-26,-0.8491377554657552,2024-12-06
10,2024-11-27,-0.09345262818165956,2024-12-07
10,2024-11-28,-0.30087041662586955,2024-12-08
10,2024-11-29,-1.3700979536312805,2024-12-09
10,2024-11-30,-0.15775756813914463,2024-12-10
10,2024-12-01,-0.8229083317017373,2024-12-11
10,2024-12-02,1.4278214310285984,2024-12-12
10,2024-12-03,0.669743502277635,2024-12-13
10,2024-12-04,-0.8004693081090593,2024-12-14
10,2024-12-05,-1.4326733990843674,2024-12-15
10,2024-12-06,-0.6736052077689778,2024-12-16
10,2024-12-07,0.5018799757386248,2024-12-17
10,2024-12-08,-0.1877627134972111,2024-12-18
10,2024-12-09,-1.0765818775311358,2024-12-19
10,2024-12-10,-1.8638919002648273,2024-12-20
10,2024-12-11,-0.4683962288201175,2024-12-21
10,2024-12-12,1.5089640989597213,2024-12-22
10,2024-12-13,0.2558444795025634,2024-12-23
10,2024-12-14,-0.3922054458680059,2024-12-24
10,2024-12-15,0.7576410098778733,2024-12-25
10,2024-12-16,-0.995018786656663,2024-12-26
10,2024-12-17,0.743077755545048,2024-12-27
10,2024-12-18,0.017991344997076743,2024-12-28
10,2024-12-19,-1.2891365770112755,2024-12-29
10,2024-12-20,-0.21524252406037536,2024-12-30
10,2024-12-21,-1.7552385784483793,2024-12-31
10,2024-12-22,-2.444024634125046,2025-01-01
10,2024-12-23,-1.152789576923354,2025-01-02
10,2024-12-24,-0.7912785064939529,2025-01-03
10,2024-12-25,-1.0548008345824866,2025-01-04
10,2024-12-26,-0.06978969287421985,2025-01-05
10,2024-12-27,-0.064144765512229,2025-01-06
10,2024-12-28,-2.514469864510347,2025-01-07
10,2024-12-29,-5.0352480967679405,2025-01-08
10,2024-12-30,-4.254431367182056,2025-01-09
10,2024-12-31,-2.5130477822350183,2025-01-10
10,2025-01-01,-2.926363431588937,2025-01-11
10,2025-01-02,-2.199983226229165,2025-01-12
10,2025-01-03,-0.5861628620492978,2025-01-13
10,2025-01-04,0.2871552807935412,2025-01-14
10,2025-01-05,1.0849444997285902,2025-01-15
10,2025-01-06,-0.35990985007490894,2025-01-16
10,2025-01-07,0.5195796202535381,2025-01-17
10,2025-01-08,-0.3851454050527898,2025-01-18
10,2025-01-09,0.09511694625133488,2025-01-19
10,2025-01-10,0.1798603433060494,2025-01-20
10,2025-01-11,0.2708422838510415,2025-01-21
10,2025-01-12,1.728833729377328,2025-01-22
10,2025-01-13,1.1213159925974243,2025-01-23
10,2025-01-14,0.5620426846613018,2025-01-24
10,2025-01-15,-0.32796160521525,2025-01-25
10,2025-01-16,5.173259966116756,2025-01-26
10,2025-01-17,1.3519347291233608,2025-01-27
10,2025-01-18,1.4950637555297874,2025-01-28
10,2025-01-19,2.3435540186896526,2025-01-29
10,2025-01-20,1.273352175024279,2025-01-30
10,2025-01-21,0.6072407214377892,2025-01-31
10,2025-01-22,-0.3042918093025704,2025-02-01
10,2025-01-23,2.3947602871012235,2025-02-02
10,2025-01-24,1.241222283771421,2025-02-03
10,2025-01-25,3.468589238440065,2025-02-04
10,2025-01-26,1.591184275949992,2025-02-05
10,2025-01-27,2.641327936917812,2025-02-06
10,2025-01-28,0.8763250014989787,2025-02-07
10,2025-01-29,0.8267455927088794,2025-02-08
10,2025-01-30,-0.14442690922866952,2025-02-09
10,2025-01-31,1.4152440480372193,2025-02-10
10,2025-02-01,-0.38847512399674305,2025-02-11
10,2025-02-02,-2.1751825144474553,2025-02-12
10,2025-02-03,-2.3685161232731526,2025-02-13
10,2025-02-04,-2.5170785923035024,2025-02-14
10,2025-02-05,-2.290947302024304,2025-02-15
10,2025-02-06,-2.488529510951162,2025-02-16
10,2025-02-07,-3.4306692689837677,2025-02-17
10,2025-02-08,-4.366635666697347,2025-02-18
10,2025-02-09,-1.7242765470595458,2025-02-19
10,2025-02-10,-1.1450304168751704,2025-02-20
10,2025-02-11,-1.805623461618814,2025-02-21
10,2025-02-12,0.8487538350040146,2025-02-22
10,2025-02-13,1.5532812351455632,2025-02-23
10,2025-02-14,2.2227364570569597,2025-02-24
10,2025-02-15,2.4029239117308143,2025-02-25
10,2025-02-16,1.6197383247160646,2025-02-26
10,2025-02-17,1.4471379556503234,2025-02-27
10,2025-02-18,0.774301127760926,2025-02-28
10,2025-02-19,-0.8279080429649056,2025-03-01
10,2025-02-20,-0.4389546589771356,2025-03-02
10,2025-02-21,0.9739341277969062,2025-03-03
10,2025-02-22,0.3782229380974617,2025-03-04
10,2025-02-23,1.1058302066557384,2025-03-05
10,2025-02-24,0.6770063908564845,2025-03-06
10,2025-02-25,0.8081100555816924,2025-03-07
10,2025-02-26,0.8647094463044579,2025-03-08
10,2025-02-27,1.1923242046206526,2025-03-09
10,2025-02-28,2.285028795666813,2025-03-10
10,2025-03-01,4.165289705182237,2025-03-11
10,2025-03-02,1.6924139589679559,2025-03-12
10,2025-03-03,1.404043139163523,2025-03-13
10,2025-03-04,1.1411548341382114,2025-03-14
10,2025-03-05,0.5199453343405688,2025-03-15
10,2025-03-06,2.165629343984276,2025-03-16
10,2025-03-07,1.157150976702044,2025-03-17
11,2024-11-08,-1.8402197546482622,2024-11-19
11,2024-11-09,-0.8427041452093376,2024-11-20
11,2024-11-10,-0.5665549893084393,2024-11-21
11,2024-11-11,-1.3584747805503463,2024-11-22
11,2024-11-12,0.27206746782600827,2024-11-23
11,2024-11-13,-2.24831607139489,2024-11-24
11,2024-11-14,-1.4903206102792812,2024-11-25
11,2024-11-15,-2.1026602252445286,2024-11-26
11,2024-11-16,-0.4835480506145425,2024-11-27
11,2024-11-17,-0.3428448154500779,2024-11-28
11,2024-11-18,0.7296129572522357,2024-11-29
11,2024-11-19,-0.1327038172408695,2024-11-30
11,2024-11-20,-0.8300472716921014,2024-12-01
11,2024-11-21,0.30851932215556777,2024-12-02
11,2024-11-22,-0.20742694333236658,2024-12-03
11,2024-11-23,-0.9310709429241907,2024-12-04
11,2024-11-24,0.6851826811030212,2024-12-05
11,2024-11-25,-1.025451432261539,2024-12-06
11,2024-11-26,-1.6023830957657026,2024-12-07
11,2024-11-27,-0.49739305211827234,2024-12-08
11,2024-11-28,0.5095596924949843,2024-12-09
11,2024-11-29,-0.2500562602547352,2024-12-10
11,2024-11-30,0.32427452294008763,2024-12-11
11,2024-12-01,-0.39100025317637893,2024-12-12
11,2024-12-02,2.795309568962128,2024-12-13
11,2024-12-03,0.5301170069769612,2024-12-14
11,2024-12-04,-1.2072198525089088,2024-12-15
11,2024-12-05,-1.5310749568181539,2024-12-16
11,2024-12-06,-2.0644242855415222,2024-12-17
11,2024-12-07,0.4727165097234701,2024-12-18
11,2024-12-08,-0.22511706664417477,2024-12-19
11,2024-12-09,-1.1481313486153033,2024-12-20
11,2024-12-10,-1.5522505197893468,2024-12-21
11,2024-12-11,-1.5481670121627358,2024-12-22
11,2024-12-12,1.1202537215665331,2024-12-23
11,2024-12-13,0.060400121265298826,2024-12-24
11,2024-12-14,-0.3593756637848689,2024-12-25
11,2024-12-15,0.09881018520583305,2024-12-26
11,2024-12-16,-0.882682542758284,2024-12-27
11,2024-12-17,0.2685165483937402,2024-12-28
11,2024-12-18,0.24409773044127506,2024-12-29
11,2024-12-19,-1.9724342478385295,2024-12-30
11,2024-12-20,-0.367705064596345,2024-12-31
11,2024-12-21,-2.78839523662281,2025-01-01
11,2024-12-22,-2.4966127417329127,2025-01-02
11,2024-12-23,-1.4925537059862743,2025-01-03
11,2024-12-24,-0.7806110628552853,2025-01-04
11,2024-12-25,-1.7532867274623474,2025-01-05
11,2024-12-26,0.29255496618471943,2025-01-06
11,2024-12-27,0.4933975880689931,2025-01-07
11,2024-12-28,-2.0727275565541072,2025-01-08
11,2024-12-29,-5.539166982731288,2025-01-09
11,2024-12-30,-4.1686199647819855,2025-01-10
11,2024-12-31,-2.1412860267055494,2025-01-11
11,2025-01-01,-3.6625492522319947,2025-01-12
11,2025-01-02,-1.5272541502566714,2025-01-13
11,2025-01-03,-0.784517891344863,2025-01-14
11,2025-01-04,1.2880722672288687,2025-01-15
11,2025-01-05,1.310113831001575,2025-01-16
11,2025-01-06,-0.887246172122165,2025-01-17
11,2025-01-07,0.19046699013559923,2025-01-18
11,2025-01-08,-0.42650766686502256,2025-01-19
11,2025-01-09,0.12961390298235037,2025-01-20
11,2025-01-10,-0.5625065365411386,2025-01-21
11,2025-01-11,1.5481807335092543,2025-01-22
11,2025-01-12,1.9597131730403334,2025-01-23
11,2025-01-13,0.2384813426396272,2025-01-24
11,2025-01-14,-0.7979876548091467,2025-01-25
11,2025-01-15,-0.6873447611452664,2025-01-26
11,2025-01-16,6.023676404373871,2025-01-27
11,2025-01-17,2.0420879175389475,2025-01-28
11,2025-01-18,1.3838779333034537,2025-01-29
11,2025-01-19,1.2278447714589469,2025-01-30
11,2025-01-20,1.408187838725556,2025-01-31
11,2025-01-21,1.4050059044226817,2025-02-01
11,2025-01-22,0.5247983651298933,2025-02-02
11,2025-01-23,3.1486398710259724,2025-02-03
11,2025-01-24,-0.11877794682373895,2025-02-04
11,2025-01-25,2.5655467063284463,2025-02-05
11,2025-01-26,0.06513076488460559,2025-02-06
11,2025-01-27,1.6641129635046394,2025-02-07
11,2025-01-28,1.1827160390667628,2025-02-08
11,2025-01-29,1.3213128248996273,2025-02-09
11,2025-01-30,0.7060582633979262,2025-02-10
11,2025-01-31,1.0035624720197327,2025-02-11
11,2025-02-01,0.43015875767165224,2025-02-12
11,2025-02-02,-2.5203514713759274,2025-02-13
11,2025-02-03,-3.5383792820442506,2025-02-14
11,2025-02-04,-2.37822360214524,2025-02-15
11,2025-02-05,-2.6395931249275653,2025-02-16
11,2025-02-06,-1.7815679658708707,2025-02-17
11,2025-02-07,-3.5926171239821962,2025-02-18
11,2025-02-08,-3.464257446657276,2025-02-19
11,2025-02-09,-0.5814654910553378,2025-02-20
11,2025-02-10,-1.2103395940085424,2025-02-21
11,2025-02-11,-1.7754170271059042,2025-02-22
11,2025-02-12,1.2817985678484218,2025-02-23
11,2025-02-13,1.9117477518225838,2025-02-24
11,2025-02-14,1.8627874972912488,2025-02-25
11,2025-02-15,1.793328432833885,2025-02-26
11,2025-02-16,2.4531882644497798,2025-02-27
11,2025-02-17,2.7966001751874883,2025-02-28
11,2025-02-18,0.6817132612274625,2025-03-01
11,2025-02-19,-1.2078239696429012,2025-03-02
11,2025-02-20,-0.2937226267223081,2025-03-03
11,2025-02-21,1.6689344988585675,2025-03-04
11,2025-02-22,1.0906877264837869,2025-03-05
11,2025-02-23,1.6189117653678775,2025-03-06
11,2025-02-24,0.017025978552586023,2025-03-07
11,2025-02-25,1.2821767337233418,2025-03-08
11,2025-02-26,0.9424680688599382,2025-03-09
11,2025-02-27,2.1891014364317964,2025-03-10
11,2025-02-28,1.7999539564100993,2025-03-11
11,2025-03-01,4.9015210786953665,2025-03-12
11,2025-03-02,1.6875815314715603,2025-03-13
11,2025-03-03,0.7782282482261496,2025-03-14
11,2025-03-04,0.7567970357637837,2025-03-15
11,2025-03-05,0.3413637223893982,2025-03-16
11,2025-03-06,1.9144180008568563,2025-03-17
11,2025-03-07,1.5777916104431708,2025-03-18
12,2024-11-08,-2.0330727651180296,2024-11-20
12,2024-11-09,-0.7447644782882802,2024-11-21
12,2024-11-10,-0.4349607861723106,2024-11-22
12,2024-11-11,-0.5043264091409003,2024-11-23
12,2024-11-12,0.41138602313086053,2024-11-24
12,2024-11-13,-2.1045429707637,2024-11-25
12,2024-11-14,-1.2943982675123173,2024-11-26
12,2024-11-15,-2.5981594838666275,2024-11-27
12,2024-11-16,-0.4486556280438369,2024-11-28
12,2024-11-17,-0.5839215351709894,2024-11-29
12,2024-11-18,0.5127085807375181,2024-11-30
12,2024-11-19,0.34843511609956546,2024-12-01
12,2024-11-20,-0.017244321068212623,2024-12-02
12,2024-11-21,0.5960362304018265,2024-12-03
12,2024-11-22,-0.03286344352075298,2024-12-04
12,2024-11-23,-0.7117077266460506,2024-12-05
12,2024-11-24,1.0810893949331022,2024-12-06
12,2024-11-25,-1.1428238735420435,2024-12-07
12,2024-11-26,-1.5983388939533398,2024-12-08
12,2024-11-27,-0.11229044117146776,2024-12-09
12,2024-11-28,1.3802265570756589,2024-12-10
12,2024-11-29,0.26701506178536255,2024-12-11
12,2024-11-30,0.7569660418442795,2024-12-12
12,2024-12-01,0.6354705137289155,2024-12-13
12,2024-12-02,2.6160005009780054,2024-12-14
12,2024-12-03,0.14481656954557698,2024-12-15
12,2024-12-04,-1.0633106040491265,2024-12-16
12,2024-12-05,-1.505642991864583,2024-12-17
12,2024-12-06,-2.6815784644334744,2024-12-18
12,2024-12-07,1.3089482672793789,2024-12-19
12,2024-12-08,0.19849771502035338,2024-12-20
12,2024-12-09,-0.9559801652846861,2024-12-21
12,2024-12-10,-1.7677370720220789,2024-12-22
12,2024-12-11,-2.975161052353813,2024-12-23
12,2024-12-12,-0.074452754271621,2024-12-24
12,2024-12-13,0.06106215564941553,2024-12-25
12,2024-12-14,-0.9327344800374298,2024-12-26
12,2024-12-15,-0.14311637983423575,2024-12-27
12,2024-12-16,-0.5664063447220776,2024-12-28
12,2024-12-17,-0.8802702136689871,2024-12-29
12,2024-12-18,0.4427699926002963,2024-12-30
12,2024-12-19,-1.8996063680286552,2024-12-31
12,2024-12-20,-0.48405953266166163,2025-01-01
12,2024-12-21,-2.6847000726428596,2025-01-02
12,2024-12-22,-2.618173756360436,2025-01-03
12,2024-12-23,-2.1032113630217326,2025-01-04
12,2024-12-24,-0.9035976768118266,2025-01-05
12,2024-12-25,-2.037075168380495,2025-01-06
12,2024-12-26,0.5231941466248572,2025-01-07
12,2024-12-27,0.35868712372882594,2025-01-08
12,2024-12-28,-1.4100538976490278,2025-01-09
12,2024-12-29,-6.31311395006774,2025-01-10
12,2024-12-30,-3.948613040317177,2025-01-11
12,2024-12-31,-1.966729200026141,2025-01-12
12,2025-01-01,-3.410447968285499,2025-01-13
12,2025-01-02,-0.13646476960280987,2025-01-14
12,2025-01-03,-1.0854272397763227,2025-01-15
12,2025-01-04,1.3388339176947484,2025-01-16
12,2025-01-05,-0.04546492778100205,2025-01-17
12,2025-01-06,-1.1822542424752838,2025-01-18
12,2025-01-07,-0.01614599795495573,2025-01-19
12,2025-01-08,-0.22366027135707495,2025-01-20
12,2025-01-09,0.39082122276755416,2025-01-21
12,2025-01-10,-0.4554896366101164,2025-01-22
12,2025-01-11,2.6159110052065797,2025-01-23
12,2025-01-12,1.382899296995228,2025-01-24
12,2025-01-13,-0.32375110922446726,2025-01-25
12,2025-01-14,-2.7305209476814714,2025-01-26
12,2025-01-15,-0.8551440503819648,2025-01-27
12,2025-01-16,4.669414736947621,2025-01-28
12,2025-01-17,2.0818118459666772,2025-01-29
12,2025-01-18,0.12449069750454879,2025-01-30
12,2025-01-19,1.7588101803371945,2025-01-31
12,2025-01-20,1.8078823954641614,2025-02-01
12,2025-01-21,2.257229593122087,2025-02-02
12,2025-01-22,1.529695822501074,2025-02-03
12,2025-01-23,2.43219295215927,2025-02-04
12,2025-01-24,-0.3466766979703657,2025-02-05
12,2025-01-25,1.172838734722791,2025-02-06
12,2025-01-26,-1.0870914583393942,2025-02-07
12,2025-01-27,0.693350555362414,2025-02-08
12,2025-01-28,1.6998959946382737,2025-02-09
12,2025-01-29,1.3635303432387598,2025-02-10
12,2025-01-30,2.1517216032744497,2025-02-11
12,2025-01-31,1.0949129691912394,2025-02-12
12,2025-02-01,0.6682060169899131,2025-02-13
12,2025-02-02,-3.0973965489960302,2025-02-14
12,2025-02-03,-3.309947358577221,2025-02-15
12,2025-02-04,-1.185731422058884,2025-02-16
12,2025-02-05,-1.9837380961371724,2025-02-17
12,2025-02-06,-1.2930276262398903,2025-02-18
12,2025-02-07,-2.1930267955035627,2025-02-19
12,2025-02-08,-2.485985930214448,2025-02-20
12,2025-02-09,-0.8907946322079062,2025-02-21
12,2025-02-10,-1.1286263027523313,2025-02-22
12,2025-02-11,-1.298168594012027,2025-02-23
12,2025-02-12,1.6315284550531033,2025-02-24
12,2025-02-13,1.519210688880182,2025-02-25
12,2025-02-14,0.9600534925092754,2025-02-26
12,2025-02-15,1.813740104477841,2025-02-27
12,2025-02-16,3.1515398599152786,2025-02-28
12,2025-02-17,3.285710598621104,2025-03-01
12,2025-02-18,-0.3598227588086161,2025-03-02
12,2025-02-19,-0.632038606347911,2025-03-03
12,2025-02-20,-0.20643585993087674,2025-03-04
12,2025-02-21,1.773270553275034,2025-03-05
12,2025-02-22,1.029163796394653,2025-03-06
12,2025-02-23,1.8708477489999529,2025-03-07
12,2025-02-24,0.3118875230410067,2025-03-08
12,2025-02-25,2.0747345369028984,2025-03-09
12,2025-02-26,1.4483473256776163,2025-03-10
12,2025-02-27,2.662840722224422,2025-03-11
12,2025-02-28,0.9416384612428514,2025-03-12
12,2025-03-01,4.559242491353073,2025-03-13
12,2025-03-02,1.6290807664510054,2025-03-14
12,2025-03-03,0.024573455569038147,2025-03-15
12,2025-03-04,0.3434341651245396,2025-03-16
12,2025-03-05,0.4546223553753778,2025-03-17
12,2025-03-06,0.8155405991879439,2025-03-18
12,2025-03-07,0.9267066505009508,2025-03-19
13,2024-11-08,-2.363387270001744,2024-11-21
13,2024-11-09,0.24482380363545297,2024-11-22
13,2024-11-10,0.08416144735468083,2024-11-23
13,2024-11-11,-0.11958620272708938,2024-11-24
13,2024-11-12,0.056775147853375146,2024-11-25
13,2024-11-13,-1.421088396879529,2024-11-26
13,2024-11-14,-1.4808053086733657,2024-11-27
13,2024-11-15,-2.5180330094470347,2024-11-28
13,2024-11-16,-0.05033887857612649,2024-11-29
13,2024-11-17,-0.7570236007925513,2024-11-30
13,2024-11-18,0.32745152290232576,2024-12-01
13,2024-11-19,0.5256053556232336,2024-12-02
13,2024-11-20,-0.18342505280520388,2024-12-03
13,2024-11-21,1.0587695047110761,2024-12-04
13,2024-11-22,0.7678370834384962,2024-12-05
13,2024-11-23,-1.1314935994697555,2024-12-06
13,2024-11-24,0.6411315995384297,2024-12-07
13,2024-11-25,-1.526190017601706,2024-12-08
13,2024-11-26,-1.8599314099338953,2024-12-09
13,2024-11-27,-1.1655103334269732,2024-12-10
13,2024-11-28,1.6003791175599518,2024-12-11
13,2024-11-29,0.5928966447767723,2024-12-12
13,2024-11-30,0.49236146650658996,2024-12-13
13,2024-12-01,1.9673927566606877,2024-12-14
13,2024-12-02,1.887337690982792,2024-12-15
13,2024-12-03,-1.7327595762536112,2024-12-16
13,2024-12-04,0.40377151607370976,2024-12-17
13,2024-12-05,-1.6297972328758035,2024-12-18
13,2024-12-06,-2.317452586849876,2024-12-19
13,2024-12-07,1.023450498740526,2024-12-20
13,2024-12-08,0.6937666112647717,2024-12-21
13,2024-12-09,-1.0606340145851174,2024-12-22
13,2024-12-10,-1.7410354826417433,2024-12-23
13,2024-12-11,-3.956518197802584,2024-12-24
13,2024-12-12,-0.6335804551280786,2024-12-25
13,2024-12-13,0.44794111367064543,2024-12-26
13,2024-12-14,-0.40487586363789085,2024-12-27
13,2024-12-15,-0.2325276687285697,2024-12-28
13,2024-12-16,-0.4285855706703282,2024-12-29
13,2024-12-17,-1.648030091038285,2024-12-30
13,2024-12-18,0.026504526746544896,2024-12-31
13,2024-12-19,-1.7565805207866523,2025-01-01
13,2024-12-20,-0.17390844273882033,2025-01-02
13,2024-12-21,-2.425522863086708,2025-01-03
13,2024-12-22,-2.95649319947961,2025-01-04
13,2024-12-23,-3.0299411908415768,2025-01-05
13,2024-12-24,-0.7121417684928795,2025-01-06
13,2024-12-25,-1.9116153772925024,2025-01-07
13,2024-12-26,0.12543211127789017,2025-01-08
13,2024-12-27,0.6636981038661496,2025-01-09
13,2024-12-28,-0.5250958813269034,2025-01-10
13,2024-12-29,-5.626012640764066,2025-01-11
13,2024-12-30,-4.393948485870513,2025-01-12
13,2024-12-31,-1.7142626970551547,2025-01-13
13,2025-01-01,-2.4479650826408346,2025-01-14
13,2025-01-02,0.6532360651275488,2025-01-15
13,2025-01-03,-1.6697244075271451,2025-01-16
13,2025-01-04,0.6175357984208693,2025-01-17
13,2025-01-05,-1.45310963204598,2025-01-18
13,2025-01-06,-1.1035195041700723,2025-01-19
13,2025-01-07,0.2053540221615929,2025-01-20
13,2025-01-08,0.5145600883220668,2025-01-21
13,2025-01-09,0.945246704730116,2025-01-22
13,2025-01-10,0.057170594986869626,2025-01-23
13,2025-01-11,2.4431285665725433,2025-01-24
13,2025-01-12,-0.18648827868519477,2025-01-25
13,2025-01-13,-0.6050605475661732,2025-01-26
13,2025-01-14,-3.4718184508510346,2025-01-27
13,2025-01-15,-0.9216796101994982,2025-01-28
13,2025-01-16,2.7062460470876197,2025-01-29
13,2025-01-17,1.8071351154401993,2025-01-30
13,2025-01-18,-0.4987807029445273,2025-01-31
13,2025-01-19,2.857619738528938,2025-02-01
13,2025-01-20,1.0891929745645013,2025-02-02
13,2025-01-21,2.054894200994787,2025-02-03
13,2025-01-22,2.0606677455935865,2025-02-04
13,2025-01-23,1.8868562893978513,2025-02-05
13,2025-01-24,-0.12007883416738947,2025-02-06
13,2025-01-25,1.4520664788392792,2025-02-07
13,2025-01-26,-2.0646539603195975,2025-02-08
13,2025-01-27,1.1815899668588894,2025-02-09
13,2025-01-28,2.997917659022118,2025-02-10
13,2025-01-29,2.897133753718475,2025-02-11
13,2025-01-30,2.7274958681676704,2025-02-12
13,2025-01-31,2.729711575806045,2025-02-13
13,2025-02-01,-0.9527770914789876,2025-02-14
13,2025-02-02,-3.612177073297422,2025-02-15
13,2025-02-03,-3.428725688290521,2025-02-16
13,2025-02-04,0.33291623114361485,2025-02-17
13,2025-02-05,-1.4777509401134716,2025-02-18
13,2025-02-06,-0.045921208597332425,2025-02-19
13,2025-02-07,-1.2375260134651724,2025-02-20
13,2025-02-08,-1.9920001224696835,2025-02-21
13,2025-02-09,-1.8677011050865278,2025-02-22
13,2025-02-10,-1.3954680992990591,2025-02-23
13,2025-02-11,-0.39320793250427793,2025-02-24
13,2025-02-12,1.2807504496386126,2025-02-25
13,2025-02-13,0.9829628703148859,2025-02-26
13,2025-02-14,1.1524410122538298,2025-02-27
13,2025-02-15,2.3898988021407366,2025-02-28
13,2025-02-16,3.5408198121095777,2025-03-01
13,2025-02-17,3.0978503843051235,2025-03-02
13,2025-02-18,0.13306526333358318,2025-03-03
13,2025-02-19,0.011285524011248176,2025-03-04
13,2025-02-20,0.619756927829248,2025-03-05
13,2025-02-21,1.5147824169761162,2025-03-06
13,2025-02-22,0.43793075687881244,2025-03-07
13,2025-02-23,1.3328112837822859,2025-03-08
13,2025-02-24,1.3671617470420963,2025-03-09
13,2025-02-25,2.2076519499476825,2025-03-10
13,2025-02-26,2.566757275238973,2025-03-11
13,2025-02-27,3.520666921526804,2025-03-12
13,2025-02-28,1.2798696214356629,2025-03-13
13,2025-03-01,4.487616025494756,2025-03-14
13,2025-03-02,1.9907621466625676,2025-03-15
13,2025-03-03,-0.436679968428938,2025-03-16
13,2025-03-04,0.8928779422284856,2025-03-17
13,2025-03-05,1.2387404280722156,2025-03-18
13,2025-03-06,-0.18944856542068422,2025-03-19
13,2025-03-07,0.32323980563258375,2025-03-20
14,2024-11-08,-2.2037098945323406,2024-11-22
14,2024-11-09,1.0041450743221576,2024-11-23
14,2024-11-10,0.6326185394736364,2024-11-24
14,2024-11-11,-0.5130482242620144,2024-11-25
14,2024-11-12,0.40000136856078866,2024-11-26
14,2024-11-13,-0.40457835796130165,2024-11-27
14,2024-11-14,-1.4682098980066005,2024-11-28
14,2024-11-15,-2.5296967365811307,2024-11-29
14,2024-11-16,0.6167633960642551,2024-11-30
14,2024-11-17,-0.9245446663808912,2024-12-01
14,2024-11-18,-0.008499220399117548,2024-12-02
14,2024-11-19,0.3817036312833244,2024-12-03
14,2024-11-20,-0.40287361553548584,2024-12-04
14,2024-11-21,1.2823003431284379,2024-12-05
14,2024-11-22,1.167451016173658,2024-12-06
14,2024-11-23,-2.139885690242836,2024-12-07
14,2024-11-24,-0.3848525424460009,2024-12-08
14,2024-11-25,-1.195719004237797,2024-12-09
14,2024-11-26,-2.205647644594843,2024-12-10
14,2024-11-27,-1.3067020572290189,2024-12-11
14,2024-11-28,1.4990176233740287,2024-12-12
14,2024-11-29,1.4163701129911908,2024-12-13
14,2024-11-30,0.46119423000322163,2024-12-14
14,2024-12-01,1.0504263959860325,2024-12-15
14,2024-12-02,0.9985330155437718,2024-12-16
14,2024-12-03,-2.122485145587219,2024-12-17
14,2024-12-04,1.6890119322866077,2024-12-18
14,2024-12-05,-1.3711159319174744,2024-12-19
14,2024-12-06,-1.3825311963976235,2024-12-20
14,2024-12-07,0.512473775012164,2024-12-21
14,2024-12-08,0.6143638429183385,2024-12-22
14,2024-12-09,-1.362642486543041,2024-12-23
14,2024-12-10,-1.7343772312196857,2024-12-24
14,2024-12-11,-3.166842882748639,2024-12-25
14,2024-12-12,-0.8901598235810971,2024-12-26
14,2024-12-13,0.8235318437480484,2024-12-27
14,2024-12-14,0.2636458255262916,2024-12-28
14,2024-12-15,-0.6307982010195599,2024-12-29
14,2024-12-16,-1.007578590240634,2024-12-30
14,2024-12-17,-1.5188971393649036,2024-12-31
14,2024-12-18,-0.26633949823504,2025-01-01
14,2024-12-19,-1.437877910879168,2025-01-02
14,2024-12-20,0.28587263159622583,2025-01-03
14,2024-12-21,-1.8418738935069952,2025-01-04
14,2024-12-22,-2.9313725344201687,2025-01-05
14,2024-12-23,-3.5104982361031483,2025-01-06
14,2024-12-24,-0.23125565050950844,2025-01-07
14,2024-12-25,-1.3745681866786528,2025-01-08
14,2024-12-26,-0.947535715738945,2025-01-09
14,2024-12-27,1.221170860593622,2025-01-10
14,2024-12-28,0.3245079630254436,2025-01-11
14,2024-12-29,-4.827106372118218,2025-01-12
14,2024-12-30,-4.739793251154699,2025-01-13
14,2024-12-31,-1.528429018309866,2025-01-14
14,2025-01-01,-1.8084282937836484,2025-01-15
14,2025-01-02,0.8752266068821012,2025-01-16
14,2025-01-03,-1.996437521946463,2025-01-17
14,2025-01-04,0.17832616553549782,2025-01-18
14,2025-01-05,-2.1701865068558077,2025-01-19
14,2025-01-06,-1.082774023412112,2025-01-20
14,2025-01-07,0.46555725335584525,2025-01-21
14,2025-01-08,1.5236466737570677,2025-01-22
14,2025-01-09,1.5212523837772478,2025-01-23
14,2025-01-10,-0.37479004720660153,2025-01-24
14,2025-01-11,2.8354192189561864,2025-01-25
14,2025-01-12,0.005211094612914306,2025-01-26
14,2025-01-13,-0.9888618883634163,2025-01-27
14,2025-01-14,-2.981725659328871,2025-01-28
14,2025-01-15,-1.0064955915625102,2025-01-29
14,2025-01-16,1.6004049637855022,2025-01-30
14,2025-01-17,1.5697914627856893,2025-01-31
14,2025-01-18,-0.5806465840489597,2025-02-01
14,2025-01-19,3.7021771178776115,2025-02-02
14,2025-01-20,0.2525769720211791,2025-02-03
14,2025-01-21,1.2173818443291697,2025-02-04
14,2025-01-22,1.8291634388303897,2025-02-05
14,2025-01-23,2.219299108544796,2025-02-06
14,2025-01-24,0.1810861409205968,2025-02-07
14,2025-01-25,1.214583081934732,2025-02-08
14,2025-01-26,-2.2116338275073115,2025-02-09
14,2025-01-27,2.300468543365524,2025-02-10
14,2025-01-28,3.8149494649167854,2025-02-11
14,2025-01-29,2.548780603953129,2025-02-12
14,2025-01-30,2.8554041433950097,2025-02-13
14,2025-01-31,3.7891533889568128,2025-02-14
14,2025-02-01,-1.759178758396287,2025-02-15
14,2025-02-02,-4.126964228553154,2025-02-16
14,2025-02-03,-3.643595317124269,2025-02-17
14,2025-02-04,1.092488902534993,2025-02-18
14,2025-02-05,-0.6814999882096795,2025-02-19
14,2025-02-06,1.0869779300176572,2025-02-20
14,2025-02-07,-1.2208352158450493,2025-02-21
14,2025-02-08,-2.0246654018731505,2025-02-22
14,2025-02-09,-1.8417978578329013,2025-02-23
14,2025-02-10,-1.1397265130029133,2025-02-24
14,2025-02-11,-0.36632727598949316,2025-02-25
14,2025-02-12,1.068822911327227,2025-02-26
14,2025-02-13,1.2888650058210496,2025-02-27
14,2025-02-14,0.8627011249483225,2025-02-28
14,2025-02-15,1.5107772129235317,2025-03-01
14,2025-02-16,2.4643161223155166,2025-03-02
14,2025-02-17,2.735445490572906,2025-03-03
14,2025-02-18,0.43026703350808726,2025-03-04
14,2025-02-19,0.3166480379549527,2025-03-05
14,2025-02-20,1.7163171480601591,2025-03-06
14,2025-02-21,1.3988898955531368,2025-03-07
14,2025-02-22,0.12267248440893311,2025-03-08
14,2025-02-23,1.5643330284226125,2025-03-09
14,2025-02-24,1.4957293559927405,2025-03-10
14,2025-02-25,1.2322736841249124,2025-03-11
14,2025-02-26,4.261755619320786,2025-03-12
14,2025-02-27,3.5914466087448758,2025-03-13
14,2025-02-28,1.0335571810916573,2025-03-14
14,2025-03-01,3.03164156457779,2025-03-15
14,2025-03-02,1.7551067999218675,2025-03-16
14,2025-03-03,-0.8907987734181645,2025-03-17
14,2025-03-04,1.7389615952975186,2025-03-18
14,2025-03-05,2.5618810863695423,2025-03-19
14,2025-03-06,0.6430298701435552,2025-03-20
14,2025-03-07,0.5648994846259947,2025-03-21
15,2024-11-08,-1.6058407523460667,2024-11-23
15,2024-11-09,1.0456611804288305,2024-11-24
15,2024-11-10,0.4775397428743035,2024-11-25
15,2024-11-11,-0.3704469825971201,2024-11-26
15,2024-11-12,0.905441701475597,2024-11-27
15,2024-11-13,0.33783329600046463,2024-11-28
15,2024-11-14,-1.5049537356449616,2024-11-29
15,2024-11-15,-2.8265072045212056,2024-11-30
15,2024-11-16,0.20574838959392067,2024-12-01
15,2024-11-17,-0.4446086551906453,2024-12-02
15,2024-11-18,-0.7634564752370033,2024-12-03
15,2024-11-19,0.3696070319961369,2024-12-04
15,2024-11-20,-0.7760658212135393,2024-12-05
15,2024-11-21,1.7566854907875118,2024-12-06
15,2024-11-22,1.4111909048519427,2024-12-07
15,2024-11-23,-3.3233273509221823,2024-12-08
15,2024-11-24,-0.9225022929323834,2024-12-09
15,2024-11-25,-1.0791238838285977,2024-12-10
15,2024-11-26,-1.7705830779210174,2024-12-11
15,2024-11-27,-1.055292152040804,2024-12-12
15,2024-11-28,0.40814908526145105,2024-12-13
15,2024-11-29,2.402584398023958,2024-12-14
15,2024-11-30,1.0633755666698355,2024-12-15
15,2024-12-01,1.0235837787709583,2024-12-16
15,2024-12-02,0.6875530485018282,2024-12-17
15,2024-12-03,-1.2339747274827118,2024-12-18
15,2024-12-04,1.5799669699554504,2024-12-19
15,2024-12-05,-1.1373828565818336,2024-12-20
15,2024-12-06,-0.5757893268174898,2024-12-21
15,2024-12-07,-0.19961268197987803,2024-12-22
15,2024-12-08,0.01931929732089952,2024-12-23
15,2024-12-09,-1.2342316702282363,2024-12-24
15,2024-12-10,-1.8826890602639286,2024-12-25
15,2024-12-11,-2.5199659954522375,2024-12-26
15,2024-12-12,-1.2285728970810643,2024-12-27
15,2024-12-13,0.26695777776778734,2024-12-28
15,2024-12-14,-0.10095280151917818,2024-12-29
15,2024-12-15,-0.9843295307470891,2024-12-30
15,2024-12-16,-1.0458615861124834,2024-12-31
15,2024-12-17,-1.7995264043814128,2025-01-01
15,2024-12-18,0.06397235059550502,2025-01-02
15,2024-12-19,-0.8534064615618175,2025-01-03
15,2024-12-20,0.4189221415145385,2025-01-04
15,2024-12-21,-1.9694708225013349,2025-01-05
15,2024-12-22,-3.0883347662966356,2025-01-06
15,2024-12-23,-3.267544465706382,2025-01-07
15,2024-12-24,-0.4182734022973197,2025-01-08
15,2024-12-25,-0.5584388232031664,2025-01-09
15,2024-12-26,-1.445043260743007,2025-01-10
15,2024-12-27,0.7799880947199711,2025-01-11
15,2024-12-28,0.8676902721506189,2025-01-12
15,2024-12-29,-4.360348839996315,2025-01-13
15,2024-12-30,-4.016020103579796,2025-01-14
15,2024-12-31,-1.3044712128908207,2025-01-15
15,2025-01-01,-1.5314072806581496,2025-01-16
15,2025-01-02,0.8153781920462212,2025-01-17
15,2025-01-03,-1.37916549717584,2025-01-18
15,2025-01-04,-0.22076099812373903,2025-01-19
15,2025-01-05,-2.012916124249042,2025-01-20
15,2025-01-06,-1.027584124077173,2025-01-21
15,2025-01-07,1.05156904891077,2025-01-22
15,2025-01-08,2.2936714385234787,2025-01-23
15,2025-01-09,1.8786798380017207,2025-01-24
15,2025-01-10,-0.7765491466313708,2025-01-25
15,2025-01-11,2.616998059010114,2025-01-26
15,2025-01-12,0.6306203560146242,2025-01-27
15,2025-01-13,-0.4753169930057403,2025-01-28
15,2025-01-14,-1.3697092081054674,2025-01-29
15,2025-01-15,-0.9243504245699941,2025-01-30
15,2025-01-16,1.5853861150463893,2025-01-31
15,2025-01-17,1.521222161845062,2025-02-01
15,2025-01-18,-0.09611416194674778,2025-02-02
15,2025-01-19,3.3895518721158204,2025-02-03
15,2025-01-20,0.14171661298196353,2025-02-04
15,2025-01-21,0.9593187732772119,2025-02-05
15,2025-01-22,1.3584901137158578,2025-02-06
15,2025-01-23,2.4607786116674704,2025-02-07
15,2025-01-24,0.2512206845460893,2025-02-08
15,2025-01-25,1.5247876766784323,2025-02-09
15,2025-01-26,-2.1184229705760265,2025-02-10
15,2025-01-27,3.278457576312946,2025-02-11
15,2025-01-28,2.726396851438074,2025-02-12
15,2025-01-29,0.10933678248447723,2025-02-13
15,2025-01-30,3.0937849918690294,2025-02-14
15,2025-01-31,3.746212726007879,2025-02-15
15,2025-02-01,-0.806870800114819,2025-02-16
15,2025-02-02,-4.1342474099259,2025-02-17
15,2025-02-03,-3.893715176183087,2025-02-18
15,2025-02-04,0.976717632990192,2025-02-19
15,2025-02-05,-0.055886467308507895,2025-02-20
15,2025-02-06,0.478686852568781,2025-02-21
15,2025-02-07,-1.2844240945344199,2025-02-22
15,2025-02-08,-2.2657636395523855,2025-02-23
15,2025-02-09,-1.7048475756807975,2025-02-24
15,2025-02-10,-0.6633334292896474,2025-02-25
15,2025-02-11,-2.0006377205503583,2025-02-26
15,2025-02-12,0.6246844758879001,2025-02-27
15,2025-02-13,2.1747407448463285,2025-02-28
15,2025-02-14,1.0882451902205643,2025-03-01
15,2025-02-15,1.5466672285945195,2025-03-02
15,2025-02-16,2.197801800914595,2025-03-03
15,2025-02-17,2.341291951224383,2025-03-04
15,2025-02-18,0.6693039286854284,2025-03-05
15,2025-02-19,0.3658545267103424,2025-03-06
15,2025-02-20,2.067079990671303,2025-03-07
15,2025-02-21,0.8552717217719872,2025-03-08
15,2025-02-22,0.664951444718166,2025-03-09
15,2025-02-23,1.2455995528726647,2025-03-10
15,2025-02-24,1.8284341736200376,2025-03-11
15,2025-02-25,-0.40361808838434254,2025-03-12
15,2025-02-26,3.9559344394759095,2025-03-13
15,2025-02-27,2.560554811385683,2025-03-14
15,2025-02-28,0.8752257563147947,2025-03-15
15,2025-03-01,1.294648199759457,2025-03-16
15,2025-03-02,1.737981780791816,2025-03-17
15,2025-03-03,-1.2097063737856284,2025-03-18
15,2025-03-04,2.2578704715826614,2025-03-19
15,2025-03-05,3.350429306548225,2025-03-20
15,2025-03-06,1.7242140502623886,2025-03-21
15,2025-03-07,1.5012816472447388,2025-03-22
